  0
SECTION
  2
HEADER
  9
$ACADVER
  1
AC1027
  9
$ACADMAINTVER
 70
105
  9
$DWGCODEPAGE
  3
ANSI_1252
  9
$LASTSAVEDBY
  1
ezdxf
  9
$REQUIREDVERSIONS
160
0
  9
$INSBASE
 10
0.0
 20
0.0
 30
0.0
  9
$EXTMIN
 10
1e+20
 20
1e+20
 30
1e+20
  9
$EXTMAX
 10
-1e+20
 20
-1e+20
 30
-1e+20
  9
$LIMMIN
 10
0.0
 20
0.0
  9
$LIMMAX
 10
420.0
 20
297.0
  9
$ORTHOMODE
 70
0
  9
$REGENMODE
 70
1
  9
$FILLMODE
 70
1
  9
$QTEXTMODE
 70
0
  9
$MIRRTEXT
 70
1
  9
$LTSCALE
 40
1.0
  9
$ATTMODE
 70
1
  9
$TEXTSIZE
 40
2.5
  9
$TRACEWID
 40
1.0
  9
$TEXTSTYLE
  7
Standard
  9
$CLAYER
  8
0
  9
$CELTYPE
  6
ByLayer
  9
$CECOLOR
 62
256
  9
$CELTSCALE
 40
1.0
  9
$DISPSILH
 70
0
  9
$DIMSCALE
 40
1.0
  9
$DIMASZ
 40
2.5
  9
$DIMEXO
 40
0.625
  9
$DIMDLI
 40
3.75
  9
$DIMRND
 40
0.0
  9
$DIMDLE
 40
0.0
  9
$DIMEXE
 40
1.25
  9
$DIMTP
 40
0.0
  9
$DIMTM
 40
0.0
  9
$DIMTXT
 40
2.5
  9
$DIMCEN
 40
2.5
  9
$DIMTSZ
 40
0.0
  9
$DIMTOL
 70
0
  9
$DIMLIM
 70
0
  9
$DIMTIH
 70
0
  9
$DIMTOH
 70
0
  9
$DIMSE1
 70
0
  9
$DIMSE2
 70
0
  9
$DIMTAD
 70
1
  9
$DIMZIN
 70
8
  9
$DIMBLK
  1

  9
$DIMASO
 70
1
  9
$DIMSHO
 70
1
  9
$DIMPOST
  1

  9
$DIMAPOST
  1

  9
$DIMALT
 70
0
  9
$DIMALTD
 70
3
  9
$DIMALTF
 40
0.03937007874
  9
$DIMLFAC
 40
1.0
  9
$DIMTOFL
 70
1
  9
$DIMTVP
 40
0.0
  9
$DIMTIX
 70
0
  9
$DIMSOXD
 70
0
  9
$DIMSAH
 70
0
  9
$DIMBLK1
  1

  9
$DIMBLK2
  1

  9
$DIMSTYLE
  2
ISO-25
  9
$DIMCLRD
 70
0
  9
$DIMCLRE
 70
0
  9
$DIMCLRT
 70
0
  9
$DIMTFAC
 40
1.0
  9
$DIMGAP
 40
0.625
  9
$DIMJUST
 70
0
  9
$DIMSD1
 70
0
  9
$DIMSD2
 70
0
  9
$DIMTOLJ
 70
0
  9
$DIMTZIN
 70
8
  9
$DIMALTZ
 70
0
  9
$DIMALTTZ
 70
0
  9
$DIMUPT
 70
0
  9
$DIMDEC
 70
2
  9
$DIMTDEC
 70
2
  9
$DIMALTU
 70
2
  9
$DIMALTTD
 70
3
  9
$DIMTXSTY
  7
Standard
  9
$DIMAUNIT
 70
0
  9
$DIMADEC
 70
0
  9
$DIMALTRND
 40
0.0
  9
$DIMAZIN
 70
0
  9
$DIMDSEP
 70
44
  9
$DIMATFIT
 70
3
  9
$DIMFRAC
 70
0
  9
$DIMLDRBLK
  1

  9
$DIMLUNIT
 70
2
  9
$DIMLWD
 70
-2
  9
$DIMLWE
 70
-2
  9
$DIMTMOVE
 70
0
  9
$DIMFXL
 40
1.0
  9
$DIMFXLON
 70
0
  9
$DIMJOGANG
 40
0.785398163397
  9
$DIMTFILL
 70
0
  9
$DIMTFILLCLR
 70
0
  9
$DIMARCSYM
 70
0
  9
$DIMLTYPE
  6

  9
$DIMLTEX1
  6

  9
$DIMLTEX2
  6

  9
$DIMTXTDIRECTION
 70
0
  9
$LUNITS
 70
2
  9
$LUPREC
 70
4
  9
$SKETCHINC
 40
1.0
  9
$FILLETRAD
 40
10.0
  9
$AUNITS
 70
0
  9
$AUPREC
 70
2
  9
$MENU
  1
.
  9
$ELEVATION
 40
0.0
  9
$PELEVATION
 40
0.0
  9
$THICKNESS
 40
0.0
  9
$LIMCHECK
 70
0
  9
$CHAMFERA
 40
0.0
  9
$CHAMFERB
 40
0.0
  9
$CHAMFERC
 40
0.0
  9
$CHAMFERD
 40
0.0
  9
$SKPOLY
 70
0
  9
$TDCREATE
 40
2461314.5656481483
  9
$TDUCREATE
 40
2458532.153996898
  9
$TDUPDATE
 40
2461314.5656481483
  9
$TDUUPDATE
 40
2458532.1544311
  9
$TDINDWG
 40
0.0
  9
$TDUSRTIMER
 40
0.0
  9
$USRTIMER
 70
1
  9
$ANGBASE
 50
0.0
  9
$ANGDIR
 70
0
  9
$PDMODE
 70
0
  9
$PDSIZE
 40
0.0
  9
$PLINEWID
 40
0.0
  9
$SPLFRAME
 70
0
  9
$SPLINETYPE
 70
6
  9
$SPLINESEGS
 70
8
  9
$HANDSEED
  5
6CA
  9
$SURFTAB1
 70
6
  9
$SURFTAB2
 70
6
  9
$SURFTYPE
 70
6
  9
$SURFU
 70
6
  9
$SURFV
 70
6
  9
$UCSBASE
  2

  9
$UCSNAME
  2

  9
$UCSORG
 10
0.0
 20
0.0
 30
0.0
  9
$UCSXDIR
 10
1.0
 20
0.0
 30
0.0
  9
$UCSYDIR
 10
0.0
 20
1.0
 30
0.0
  9
$UCSORTHOREF
  2

  9
$UCSORTHOVIEW
 70
0
  9
$UCSORGTOP
 10
0.0
 20
0.0
 30
0.0
  9
$UCSORGBOTTOM
 10
0.0
 20
0.0
 30
0.0
  9
$UCSORGLEFT
 10
0.0
 20
0.0
 30
0.0
  9
$UCSORGRIGHT
 10
0.0
 20
0.0
 30
0.0
  9
$UCSORGFRONT
 10
0.0
 20
0.0
 30
0.0
  9
$UCSORGBACK
 10
0.0
 20
0.0
 30
0.0
  9
$PUCSBASE
  2

  9
$PUCSNAME
  2

  9
$PUCSORG
 10
0.0
 20
0.0
 30
0.0
  9
$PUCSXDIR
 10
1.0
 20
0.0
 30
0.0
  9
$PUCSYDIR
 10
0.0
 20
1.0
 30
0.0
  9
$PUCSORTHOREF
  2

  9
$PUCSORTHOVIEW
 70
0
  9
$PUCSORGTOP
 10
0.0
 20
0.0
 30
0.0
  9
$PUCSORGBOTTOM
 10
0.0
 20
0.0
 30
0.0
  9
$PUCSORGLEFT
 10
0.0
 20
0.0
 30
0.0
  9
$PUCSORGRIGHT
 10
0.0
 20
0.0
 30
0.0
  9
$PUCSORGFRONT
 10
0.0
 20
0.0
 30
0.0
  9
$PUCSORGBACK
 10
0.0
 20
0.0
 30
0.0
  9
$USERI1
 70
0
  9
$USERI2
 70
0
  9
$USERI3
 70
0
  9
$USERI4
 70
0
  9
$USERI5
 70
0
  9
$USERR1
 40
0.0
  9
$USERR2
 40
0.0
  9
$USERR3
 40
0.0
  9
$USERR4
 40
0.0
  9
$USERR5
 40
0.0
  9
$WORLDVIEW
 70
1
  9
$SHADEDGE
 70
3
  9
$SHADEDIF
 70
70
  9
$TILEMODE
 70
1
  9
$MAXACTVP
 70
64
  9
$PINSBASE
 10
0.0
 20
0.0
 30
0.0
  9
$PLIMCHECK
 70
0
  9
$PEXTMIN
 10
1e+20
 20
1e+20
 30
1e+20
  9
$PEXTMAX
 10
-1e+20
 20
-1e+20
 30
-1e+20
  9
$PLIMMIN
 10
0.0
 20
0.0
  9
$PLIMMAX
 10
420.0
 20
297.0
  9
$UNITMODE
 70
0
  9
$VISRETAIN
 70
1
  9
$PLINEGEN
 70
0
  9
$PSLTSCALE
 70
1
  9
$TREEDEPTH
 70
3020
  9
$CMLSTYLE
  2
Standard
  9
$CMLJUST
 70
0
  9
$CMLSCALE
 40
20.0
  9
$PROXYGRAPHICS
 70
1
  9
$MEASUREMENT
 70
1
  9
$CELWEIGHT
370
-1
  9
$ENDCAPS
280
0
  9
$JOINSTYLE
280
0
  9
$LWDISPLAY
290
0
  9
$INSUNITS
 70
4
  9
$HYPERLINKBASE
  1

  9
$STYLESHEET
  1

  9
$XEDIT
290
1
  9
$CEPSNTYPE
380
0
  9
$PSTYLEMODE
290
1
  9
$FINGERPRINTGUID
  2
{240A741F-DDB4-43A6-9B65-E8A50EE6B9F6}
  9
$VERSIONGUID
  2
{3E5DDB8A-7C9A-4D9F-92CF-9825AE9E0567}
  9
$EXTNAMES
290
1
  9
$PSVPSCALE
 40
0.0
  9
$OLESTARTUP
290
0
  9
$SORTENTS
280
127
  9
$INDEXCTL
280
0
  9
$HIDETEXT
280
1
  9
$XCLIPFRAME
280
1
  9
$HALOGAP
280
0
  9
$OBSCOLOR
 70
257
  9
$OBSLTYPE
280
0
  9
$INTERSECTIONDISPLAY
280
0
  9
$INTERSECTIONCOLOR
 70
257
  9
$DIMASSOC
280
2
  9
$PROJECTNAME
  1

  9
$CAMERADISPLAY
290
0
  9
$LENSLENGTH
 40
50.0
  9
$CAMERAHEIGHT
 40
0.0
  9
$STEPSPERSEC
 40
24.0
  9
$STEPSIZE
 40
100.0
  9
$3DDWFPREC
 40
2.0
  9
$PSOLWIDTH
 40
0.005
  9
$PSOLHEIGHT
 40
0.08
  9
$LOFTANG1
 40
1.570796326795
  9
$LOFTANG2
 40
1.570796326795
  9
$LOFTMAG1
 40
0.0
  9
$LOFTMAG2
 40
0.0
  9
$LOFTPARAM
 70
7
  9
$LOFTNORMALS
280
1
  9
$LATITUDE
 40
37.795
  9
$LONGITUDE
 40
-122.394
  9
$NORTHDIRECTION
 40
0.0
  9
$TIMEZONE
 70
-8000
  9
$LIGHTGLYPHDISPLAY
280
1
  9
$TILEMODELIGHTSYNCH
280
1
  9
$CMATERIAL
347
20
  9
$SOLIDHIST
280
0
  9
$SHOWHIST
280
1
  9
$DWFFRAME
280
2
  9
$DGNFRAME
280
2
  9
$REALWORLDSCALE
290
1
  9
$INTERFERECOLOR
 62
256
  9
$CSHADOW
280
0
  9
$SHADOWPLANELOCATION
 40
0.0
  0
ENDSEC
  0
SECTION
  2
CLASSES
  0
CLASS
  1
ACDBDICTIONARYWDFLT
  2
AcDbDictionaryWithDefault
  3
ObjectDBX Classes
 90
0
 91
0
280
0
281
0
  0
CLASS
  1
SUN
  2
AcDbSun
  3
SCENEOE
 90
1153
 91
0
280
0
281
0
  0
CLASS
  1
VISUALSTYLE
  2
AcDbVisualStyle
  3
ObjectDBX Classes
 90
4095
 91
0
280
0
281
0
  0
CLASS
  1
MATERIAL
  2
AcDbMaterial
  3
ObjectDBX Classes
 90
1153
 91
0
280
0
281
0
  0
CLASS
  1
SCALE
  2
AcDbScale
  3
ObjectDBX Classes
 90
1153
 91
0
280
0
281
0
  0
CLASS
  1
TABLESTYLE
  2
AcDbTableStyle
  3
ObjectDBX Classes
 90
4095
 91
0
280
0
281
0
  0
CLASS
  1
MLEADERSTYLE
  2
AcDbMLeaderStyle
  3
ACDB_MLEADERSTYLE_CLASS
 90
4095
 91
0
280
0
281
0
  0
CLASS
  1
DICTIONARYVAR
  2
AcDbDictionaryVar
  3
ObjectDBX Classes
 90
0
 91
0
280
0
281
0
  0
CLASS
  1
CELLSTYLEMAP
  2
AcDbCellStyleMap
  3
ObjectDBX Classes
 90
1152
 91
0
280
0
281
0
  0
CLASS
  1
MENTALRAYRENDERSETTINGS
  2
AcDbMentalRayRenderSettings
  3
SCENEOE
 90
1024
 91
0
280
0
281
0
  0
CLASS
  1
ACDBDETAILVIEWSTYLE
  2
AcDbDetailViewStyle
  3
ObjectDBX Classes
 90
1025
 91
0
280
0
281
0
  0
CLASS
  1
ACDBSECTIONVIEWSTYLE
  2
AcDbSectionViewStyle
  3
ObjectDBX Classes
 90
1025
 91
0
280
0
281
0
  0
CLASS
  1
RASTERVARIABLES
  2
AcDbRasterVariables
  3
ISM
 90
0
 91
0
280
0
281
0
  0
CLASS
  1
ACDBPLACEHOLDER
  2
AcDbPlaceHolder
  3
ObjectDBX Classes
 90
0
 91
0
280
0
281
0
  0
CLASS
  1
LAYOUT
  2
AcDbLayout
  3
ObjectDBX Classes
 90
0
 91
0
280
0
281
0
  0
ENDSEC
  0
SECTION
  2
TABLES
  0
TABLE
  2
VPORT
  5
8
330
0
100
AcDbSymbolTable
 70
1
  0
VPORT
  5
23
330
8
100
AcDbSymbolTableRecord
100
AcDbViewportTableRecord
  2
*Active
 70
0
 10
0.0
 20
0.0
 11
1.0
 21
1.0
 12
0.0
 22
0.0
 13
0.0
 23
0.0
 14
0.5
 24
0.5
 15
0.5
 25
0.5
 16
0.0
 26
0.0
 36
1.0
 17
0.0
 27
0.0
 37
0.0
 40
1000.0
 41
1.34
 42
50.0
 43
0.0
 44
0.0
 50
0.0
 51
0.0
 71
0
 72
1000
 73
1
 74
3
 75
0
 76
0
 77
0
 78
0
281
0
 65
0
146
0.0
  0
ENDTAB
  0
TABLE
  2
LTYPE
  5
2
330
0
100
AcDbSymbolTable
 70
3
  0
LTYPE
  5
24
330
2
100
AcDbSymbolTableRecord
100
AcDbLinetypeTableRecord
  2
ByBlock
 70
0
  3

 72
65
 73
0
 40
0.0
  0
LTYPE
  5
25
330
2
100
AcDbSymbolTableRecord
100
AcDbLinetypeTableRecord
  2
ByLayer
 70
0
  3

 72
65
 73
0
 40
0.0
  0
LTYPE
  5
26
330
2
100
AcDbSymbolTableRecord
100
AcDbLinetypeTableRecord
  2
Continuous
 70
0
  3

 72
65
 73
0
 40
0.0
  0
ENDTAB
  0
TABLE
  2
LAYER
  5
1
330
0
100
AcDbSymbolTable
 70
9
  0
LAYER
  5
27
330
1
100
AcDbSymbolTableRecord
100
AcDbLayerTableRecord
  2
0
 70
0
 62
7
  6
Continuous
370
-3
390
13
347
21
  0
LAYER
  5
28
330
1
100
AcDbSymbolTableRecord
100
AcDbLayerTableRecord
  2
Defpoints
 70
0
 62
7
  6
Continuous
290
0
370
-3
390
13
347
21
  0
LAYER
  5
2F
330
1
100
AcDbSymbolTableRecord
100
AcDbLayerTableRecord
  2
SOURCE_OUTER
 70
0
 62
7
  6
Continuous
370
-3
390
13
347
21
  0
LAYER
  5
30
330
1
100
AcDbSymbolTableRecord
100
AcDbLayerTableRecord
  2
SOURCE_WINDOWS
 70
0
 62
4
  6
Continuous
370
-3
390
13
347
21
  0
LAYER
  5
31
330
1
100
AcDbSymbolTableRecord
100
AcDbLayerTableRecord
  2
TUTORIAL_TILES
 70
0
 62
30
  6
Continuous
370
-3
390
13
347
21
  0
LAYER
  5
32
330
1
100
AcDbSymbolTableRecord
100
AcDbLayerTableRecord
  2
TUTORIAL_CUT
 70
0
 62
32
  6
Continuous
370
-3
390
13
347
21
  0
LAYER
  5
33
330
1
100
AcDbSymbolTableRecord
100
AcDbLayerTableRecord
  2
TUTORIAL_RAILS
 70
0
 62
5
  6
Continuous
370
-3
390
13
347
21
  0
LAYER
  5
34
330
1
100
AcDbSymbolTableRecord
100
AcDbLayerTableRecord
  2
TUTORIAL_SHINA
 70
0
 62
3
  6
Continuous
370
-3
390
13
347
21
  0
LAYER
  5
35
330
1
100
AcDbSymbolTableRecord
100
AcDbLayerTableRecord
  2
TUTORIAL_BRACKETS
 70
0
 62
1
  6
Continuous
370
-3
390
13
347
21
  0
ENDTAB
  0
TABLE
  2
STYLE
  5
5
330
0
100
AcDbSymbolTable
 70
1
  0
STYLE
  5
29
330
5
100
AcDbSymbolTableRecord
100
AcDbTextStyleTableRecord
  2
Standard
 70
0
 40
0.0
 41
1.0
 50
0.0
 71
0
 42
2.5
  3
txt
  4

  0
ENDTAB
  0
TABLE
  2
VIEW
  5
7
330
0
100
AcDbSymbolTable
 70
0
  0
ENDTAB
  0
TABLE
  2
UCS
  5
6
330
0
100
AcDbSymbolTable
 70
0
  0
ENDTAB
  0
TABLE
  2
APPID
  5
3
330
0
100
AcDbSymbolTable
 70
3
  0
APPID
  5
2A
330
3
100
AcDbSymbolTableRecord
100
AcDbRegAppTableRecord
  2
ACAD
 70
0
  0
APPID
  5
6C7
330
3
100
AcDbSymbolTableRecord
100
AcDbRegAppTableRecord
  2
HATCHBACKGROUNDCOLOR
 70
0
  0
APPID
  5
6C8
330
3
100
AcDbSymbolTableRecord
100
AcDbRegAppTableRecord
  2
EZDXF
 70
0
  0
ENDTAB
  0
TABLE
  2
DIMSTYLE
  5
4
330
0
100
AcDbSymbolTable
 70
1
100
AcDbDimStyleTable
  0
DIMSTYLE
105
2B
330
4
100
AcDbSymbolTableRecord
100
AcDbDimStyleTableRecord
  2
Standard
 70
0
 40
1.0
 41
2.5
 42
0.625
 43
3.75
 44
1.25
 45
0.0
 46
0.0
 47
0.0
 48
0.0
 49
2.5
140
2.5
141
2.5
142
0.0
143
0.03937007874
144
1.0
145
0.0
146
1.0
147
0.625
148
0.0
 69
0
 70
0
 71
0
 72
0
 73
0
 74
0
 75
0
 76
0
 77
1
 78
8
 79
3
170
0
171
3
172
1
173
0
174
0
175
0
176
0
177
0
178
0
179
2
271
2
272
2
273
2
274
3
275
0
276
0
277
2
278
44
279
0
280
0
281
0
282
0
283
0
284
8
285
0
286
0
288
0
289
3
290
0
371
-2
372
-2
  0
ENDTAB
  0
TABLE
  2
BLOCK_RECORD
  5
9
330
0
100
AcDbSymbolTable
 70
2
  0
BLOCK_RECORD
  5
17
330
9
100
AcDbSymbolTableRecord
100
AcDbBlockTableRecord
  2
*Model_Space
340
1A
 70
0
280
1
281
0
  0
BLOCK_RECORD
  5
1B
330
9
100
AcDbSymbolTableRecord
100
AcDbBlockTableRecord
  2
*Paper_Space
340
1E
 70
0
280
1
281
0
  0
ENDTAB
  0
ENDSEC
  0
SECTION
  2
BLOCKS
  0
BLOCK
  5
18
330
17
100
AcDbEntity
  8
0
100
AcDbBlockBegin
  2
*Model_Space
 70
0
 10
0.0
 20
0.0
 30
0.0
  3
*Model_Space
  1

  0
ENDBLK
  5
19
330
17
100
AcDbEntity
  8
0
100
AcDbBlockEnd
  0
BLOCK
  5
1C
330
1B
100
AcDbEntity
  8
0
100
AcDbBlockBegin
  2
*Paper_Space
 70
0
 10
0.0
 20
0.0
 30
0.0
  3
*Paper_Space
  1

  0
ENDBLK
  5
1D
330
1B
100
AcDbEntity
  8
0
100
AcDbBlockEnd
  0
ENDSEC
  0
SECTION
  2
ENTITIES
  0
LWPOLYLINE
  5
36
330
17
100
AcDbEntity
  8
SOURCE_OUTER
100
AcDbPolyline
 90
4
 70
1
 10
0.0
 20
0.0
 10
6000.0
 20
0.0
 10
6000.0
 20
6000.0
 10
0.0
 20
6000.0
  0
LWPOLYLINE
  5
37
330
17
100
AcDbEntity
  8
SOURCE_WINDOWS
100
AcDbPolyline
 90
4
 70
1
 10
1000.0
 20
1500.0
 10
2200.0
 20
1500.0
 10
2200.0
 20
3000.0
 10
1000.0
 20
3000.0
  0
LWPOLYLINE
  5
38
330
17
100
AcDbEntity
  8
SOURCE_WINDOWS
100
AcDbPolyline
 90
4
 70
1
 10
3600.0
 20
1500.0
 10
4800.0
 20
1500.0
 10
4800.0
 20
3000.0
 10
3600.0
 20
3000.0
  0
LWPOLYLINE
  5
39
330
17
100
AcDbEntity
  8
TUTORIAL_TILES
100
AcDbPolyline
 90
4
 70
1
 10
5710.0
 20
0.0
 10
6000.0
 20
0.0
 10
6000.0
 20
82.0
 10
5710.0
 20
82.0
  0
LWPOLYLINE
  5
3A
330
17
100
AcDbEntity
  8
TUTORIAL_TILES
100
AcDbPolyline
 90
4
 70
1
 10
5413.0
 20
0.0
 10
5703.0
 20
0.0
 10
5703.0
 20
82.0
 10
5413.0
 20
82.0
  0
LWPOLYLINE
  5
3B
330
17
100
AcDbEntity
  8
TUTORIAL_TILES
100
AcDbPolyline
 90
4
 70
1
 10
5116.0
 20
0.0
 10
5406.0
 20
0.0
 10
5406.0
 20
82.0
 10
5116.0
 20
82.0
  0
LWPOLYLINE
  5
3C
330
17
100
AcDbEntity
  8
TUTORIAL_TILES
100
AcDbPolyline
 90
4
 70
1
 10
4819.0
 20
0.0
 10
5109.0
 20
0.0
 10
5109.0
 20
82.0
 10
4819.0
 20
82.0
  0
LWPOLYLINE
  5
3D
330
17
100
AcDbEntity
  8
TUTORIAL_TILES
100
AcDbPolyline
 90
4
 70
1
 10
4522.0
 20
0.0
 10
4812.0
 20
0.0
 10
4812.0
 20
82.0
 10
4522.0
 20
82.0
  0
LWPOLYLINE
  5
3E
330
17
100
AcDbEntity
  8
TUTORIAL_TILES
100
AcDbPolyline
 90
4
 70
1
 10
4225.0
 20
0.0
 10
4515.0
 20
0.0
 10
4515.0
 20
82.0
 10
4225.0
 20
82.0
  0
LWPOLYLINE
  5
3F
330
17
100
AcDbEntity
  8
TUTORIAL_TILES
100
AcDbPolyline
 90
4
 70
1
 10
3928.0
 20
0.0
 10
4218.0
 20
0.0
 10
4218.0
 20
82.0
 10
3928.0
 20
82.0
  0
LWPOLYLINE
  5
40
330
17
100
AcDbEntity
  8
TUTORIAL_TILES
100
AcDbPolyline
 90
4
 70
1
 10
3631.0
 20
0.0
 10
3921.0
 20
0.0
 10
3921.0
 20
82.0
 10
3631.0
 20
82.0
  0
LWPOLYLINE
  5
41
330
17
100
AcDbEntity
  8
TUTORIAL_TILES
100
AcDbPolyline
 90
4
 70
1
 10
3334.0
 20
0.0
 10
3624.0
 20
0.0
 10
3624.0
 20
82.0
 10
3334.0
 20
82.0
  0
LWPOLYLINE
  5
42
330
17
100
AcDbEntity
  8
TUTORIAL_TILES
100
AcDbPolyline
 90
4
 70
1
 10
3037.0
 20
0.0
 10
3327.0
 20
0.0
 10
3327.0
 20
82.0
 10
3037.0
 20
82.0
  0
LWPOLYLINE
  5
43
330
17
100
AcDbEntity
  8
TUTORIAL_TILES
100
AcDbPolyline
 90
4
 70
1
 10
2740.0
 20
0.0
 10
3030.0
 20
0.0
 10
3030.0
 20
82.0
 10
2740.0
 20
82.0
  0
LWPOLYLINE
  5
44
330
17
100
AcDbEntity
  8
TUTORIAL_TILES
100
AcDbPolyline
 90
4
 70
1
 10
2443.0
 20
0.0
 10
2733.0
 20
0.0
 10
2733.0
 20
82.0
 10
2443.0
 20
82.0
  0
LWPOLYLINE
  5
45
330
17
100
AcDbEntity
  8
TUTORIAL_TILES
100
AcDbPolyline
 90
4
 70
1
 10
2146.0
 20
0.0
 10
2436.0
 20
0.0
 10
2436.0
 20
82.0
 10
2146.0
 20
82.0
  0
LWPOLYLINE
  5
46
330
17
100
AcDbEntity
  8
TUTORIAL_TILES
100
AcDbPolyline
 90
4
 70
1
 10
1849.0
 20
0.0
 10
2139.0
 20
0.0
 10
2139.0
 20
82.0
 10
1849.0
 20
82.0
  0
LWPOLYLINE
  5
47
330
17
100
AcDbEntity
  8
TUTORIAL_TILES
100
AcDbPolyline
 90
4
 70
1
 10
1552.0
 20
0.0
 10
1842.0
 20
0.0
 10
1842.0
 20
82.0
 10
1552.0
 20
82.0
  0
LWPOLYLINE
  5
48
330
17
100
AcDbEntity
  8
TUTORIAL_TILES
100
AcDbPolyline
 90
4
 70
1
 10
1255.0
 20
0.0
 10
1545.0
 20
0.0
 10
1545.0
 20
82.0
 10
1255.0
 20
82.0
  0
LWPOLYLINE
  5
49
330
17
100
AcDbEntity
  8
TUTORIAL_TILES
100
AcDbPolyline
 90
4
 70
1
 10
958.0
 20
0.0
 10
1248.0
 20
0.0
 10
1248.0
 20
82.0
 10
958.0
 20
82.0
  0
LWPOLYLINE
  5
4A
330
17
100
AcDbEntity
  8
TUTORIAL_TILES
100
AcDbPolyline
 90
4
 70
1
 10
661.0
 20
0.0
 10
951.0
 20
0.0
 10
951.0
 20
82.0
 10
661.0
 20
82.0
  0
LWPOLYLINE
  5
4B
330
17
100
AcDbEntity
  8
TUTORIAL_TILES
100
AcDbPolyline
 90
4
 70
1
 10
364.0
 20
0.0
 10
654.0
 20
0.0
 10
654.0
 20
82.0
 10
364.0
 20
82.0
  0
LWPOLYLINE
  5
4C
330
17
100
AcDbEntity
  8
TUTORIAL_TILES
100
AcDbPolyline
 90
4
 70
1
 10
67.0
 20
0.0
 10
357.0
 20
0.0
 10
357.0
 20
82.0
 10
67.0
 20
82.0
  0
LWPOLYLINE
  5
4D
330
17
100
AcDbEntity
  8
TUTORIAL_CUT
100
AcDbPolyline
 90
4
 70
1
 10
0.0
 20
0.0
 10
60.0
 20
0.0
 10
60.0
 20
82.0
 10
0.0
 20
82.0
  0
LWPOLYLINE
  5
4E
330
17
100
AcDbEntity
  8
TUTORIAL_CUT
100
AcDbPolyline
 90
4
 70
1
 10
5858.5
 20
89.0
 10
6000.0
 20
89.0
 10
6000.0
 20
171.0
 10
5858.5
 20
171.0
  0
LWPOLYLINE
  5
4F
330
17
100
AcDbEntity
  8
TUTORIAL_TILES
100
AcDbPolyline
 90
4
 70
1
 10
5561.5
 20
89.0
 10
5851.5
 20
89.0
 10
5851.5
 20
171.0
 10
5561.5
 20
171.0
  0
LWPOLYLINE
  5
50
330
17
100
AcDbEntity
  8
TUTORIAL_TILES
100
AcDbPolyline
 90
4
 70
1
 10
5264.5
 20
89.0
 10
5554.5
 20
89.0
 10
5554.5
 20
171.0
 10
5264.5
 20
171.0
  0
LWPOLYLINE
  5
51
330
17
100
AcDbEntity
  8
TUTORIAL_TILES
100
AcDbPolyline
 90
4
 70
1
 10
4967.5
 20
89.0
 10
5257.5
 20
89.0
 10
5257.5
 20
171.0
 10
4967.5
 20
171.0
  0
LWPOLYLINE
  5
52
330
17
100
AcDbEntity
  8
TUTORIAL_TILES
100
AcDbPolyline
 90
4
 70
1
 10
4670.5
 20
89.0
 10
4960.5
 20
89.0
 10
4960.5
 20
171.0
 10
4670.5
 20
171.0
  0
LWPOLYLINE
  5
53
330
17
100
AcDbEntity
  8
TUTORIAL_TILES
100
AcDbPolyline
 90
4
 70
1
 10
4373.5
 20
89.0
 10
4663.5
 20
89.0
 10
4663.5
 20
171.0
 10
4373.5
 20
171.0
  0
LWPOLYLINE
  5
54
330
17
100
AcDbEntity
  8
TUTORIAL_TILES
100
AcDbPolyline
 90
4
 70
1
 10
4076.5
 20
89.0
 10
4366.5
 20
89.0
 10
4366.5
 20
171.0
 10
4076.5
 20
171.0
  0
LWPOLYLINE
  5
55
330
17
100
AcDbEntity
  8
TUTORIAL_TILES
100
AcDbPolyline
 90
4
 70
1
 10
3779.5
 20
89.0
 10
4069.5
 20
89.0
 10
4069.5
 20
171.0
 10
3779.5
 20
171.0
  0
LWPOLYLINE
  5
56
330
17
100
AcDbEntity
  8
TUTORIAL_TILES
100
AcDbPolyline
 90
4
 70
1
 10
3482.5
 20
89.0
 10
3772.5
 20
89.0
 10
3772.5
 20
171.0
 10
3482.5
 20
171.0
  0
LWPOLYLINE
  5
57
330
17
100
AcDbEntity
  8
TUTORIAL_TILES
100
AcDbPolyline
 90
4
 70
1
 10
3185.5
 20
89.0
 10
3475.5
 20
89.0
 10
3475.5
 20
171.0
 10
3185.5
 20
171.0
  0
LWPOLYLINE
  5
58
330
17
100
AcDbEntity
  8
TUTORIAL_TILES
100
AcDbPolyline
 90
4
 70
1
 10
2888.5
 20
89.0
 10
3178.5
 20
89.0
 10
3178.5
 20
171.0
 10
2888.5
 20
171.0
  0
LWPOLYLINE
  5
59
330
17
100
AcDbEntity
  8
TUTORIAL_TILES
100
AcDbPolyline
 90
4
 70
1
 10
2591.5
 20
89.0
 10
2881.5
 20
89.0
 10
2881.5
 20
171.0
 10
2591.5
 20
171.0
  0
LWPOLYLINE
  5
5A
330
17
100
AcDbEntity
  8
TUTORIAL_TILES
100
AcDbPolyline
 90
4
 70
1
 10
2294.5
 20
89.0
 10
2584.5
 20
89.0
 10
2584.5
 20
171.0
 10
2294.5
 20
171.0
  0
LWPOLYLINE
  5
5B
330
17
100
AcDbEntity
  8
TUTORIAL_TILES
100
AcDbPolyline
 90
4
 70
1
 10
1997.5
 20
89.0
 10
2287.5
 20
89.0
 10
2287.5
 20
171.0
 10
1997.5
 20
171.0
  0
LWPOLYLINE
  5
5C
330
17
100
AcDbEntity
  8
TUTORIAL_TILES
100
AcDbPolyline
 90
4
 70
1
 10
1700.5
 20
89.0
 10
1990.5
 20
89.0
 10
1990.5
 20
171.0
 10
1700.5
 20
171.0
  0
LWPOLYLINE
  5
5D
330
17
100
AcDbEntity
  8
TUTORIAL_TILES
100
AcDbPolyline
 90
4
 70
1
 10
1403.5
 20
89.0
 10
1693.5
 20
89.0
 10
1693.5
 20
171.0
 10
1403.5
 20
171.0
  0
LWPOLYLINE
  5
5E
330
17
100
AcDbEntity
  8
TUTORIAL_TILES
100
AcDbPolyline
 90
4
 70
1
 10
1106.5
 20
89.0
 10
1396.5
 20
89.0
 10
1396.5
 20
171.0
 10
1106.5
 20
171.0
  0
LWPOLYLINE
  5
5F
330
17
100
AcDbEntity
  8
TUTORIAL_TILES
100
AcDbPolyline
 90
4
 70
1
 10
809.5
 20
89.0
 10
1099.5
 20
89.0
 10
1099.5
 20
171.0
 10
809.5
 20
171.0
  0
LWPOLYLINE
  5
60
330
17
100
AcDbEntity
  8
TUTORIAL_TILES
100
AcDbPolyline
 90
4
 70
1
 10
512.5
 20
89.0
 10
802.5
 20
89.0
 10
802.5
 20
171.0
 10
512.5
 20
171.0
  0
LWPOLYLINE
  5
61
330
17
100
AcDbEntity
  8
TUTORIAL_TILES
100
AcDbPolyline
 90
4
 70
1
 10
215.5
 20
89.0
 10
505.5
 20
89.0
 10
505.5
 20
171.0
 10
215.5
 20
171.0
  0
LWPOLYLINE
  5
62
330
17
100
AcDbEntity
  8
TUTORIAL_CUT
100
AcDbPolyline
 90
4
 70
1
 10
0.0
 20
89.0
 10
208.5
 20
89.0
 10
208.5
 20
171.0
 10
0.0
 20
171.0
  0
LWPOLYLINE
  5
63
330
17
100
AcDbEntity
  8
TUTORIAL_TILES
100
AcDbPolyline
 90
4
 70
1
 10
5710.0
 20
178.0
 10
6000.0
 20
178.0
 10
6000.0
 20
260.0
 10
5710.0
 20
260.0
  0
LWPOLYLINE
  5
64
330
17
100
AcDbEntity
  8
TUTORIAL_TILES
100
AcDbPolyline
 90
4
 70
1
 10
5413.0
 20
178.0
 10
5703.0
 20
178.0
 10
5703.0
 20
260.0
 10
5413.0
 20
260.0
  0
LWPOLYLINE
  5
65
330
17
100
AcDbEntity
  8
TUTORIAL_TILES
100
AcDbPolyline
 90
4
 70
1
 10
5116.0
 20
178.0
 10
5406.0
 20
178.0
 10
5406.0
 20
260.0
 10
5116.0
 20
260.0
  0
LWPOLYLINE
  5
66
330
17
100
AcDbEntity
  8
TUTORIAL_TILES
100
AcDbPolyline
 90
4
 70
1
 10
4819.0
 20
178.0
 10
5109.0
 20
178.0
 10
5109.0
 20
260.0
 10
4819.0
 20
260.0
  0
LWPOLYLINE
  5
67
330
17
100
AcDbEntity
  8
TUTORIAL_TILES
100
AcDbPolyline
 90
4
 70
1
 10
4522.0
 20
178.0
 10
4812.0
 20
178.0
 10
4812.0
 20
260.0
 10
4522.0
 20
260.0
  0
LWPOLYLINE
  5
68
330
17
100
AcDbEntity
  8
TUTORIAL_TILES
100
AcDbPolyline
 90
4
 70
1
 10
4225.0
 20
178.0
 10
4515.0
 20
178.0
 10
4515.0
 20
260.0
 10
4225.0
 20
260.0
  0
LWPOLYLINE
  5
69
330
17
100
AcDbEntity
  8
TUTORIAL_TILES
100
AcDbPolyline
 90
4
 70
1
 10
3928.0
 20
178.0
 10
4218.0
 20
178.0
 10
4218.0
 20
260.0
 10
3928.0
 20
260.0
  0
LWPOLYLINE
  5
6A
330
17
100
AcDbEntity
  8
TUTORIAL_TILES
100
AcDbPolyline
 90
4
 70
1
 10
3631.0
 20
178.0
 10
3921.0
 20
178.0
 10
3921.0
 20
260.0
 10
3631.0
 20
260.0
  0
LWPOLYLINE
  5
6B
330
17
100
AcDbEntity
  8
TUTORIAL_TILES
100
AcDbPolyline
 90
4
 70
1
 10
3334.0
 20
178.0
 10
3624.0
 20
178.0
 10
3624.0
 20
260.0
 10
3334.0
 20
260.0
  0
LWPOLYLINE
  5
6C
330
17
100
AcDbEntity
  8
TUTORIAL_TILES
100
AcDbPolyline
 90
4
 70
1
 10
3037.0
 20
178.0
 10
3327.0
 20
178.0
 10
3327.0
 20
260.0
 10
3037.0
 20
260.0
  0
LWPOLYLINE
  5
6D
330
17
100
AcDbEntity
  8
TUTORIAL_TILES
100
AcDbPolyline
 90
4
 70
1
 10
2740.0
 20
178.0
 10
3030.0
 20
178.0
 10
3030.0
 20
260.0
 10
2740.0
 20
260.0
  0
LWPOLYLINE
  5
6E
330
17
100
AcDbEntity
  8
TUTORIAL_TILES
100
AcDbPolyline
 90
4
 70
1
 10
2443.0
 20
178.0
 10
2733.0
 20
178.0
 10
2733.0
 20
260.0
 10
2443.0
 20
260.0
  0
LWPOLYLINE
  5
6F
330
17
100
AcDbEntity
  8
TUTORIAL_TILES
100
AcDbPolyline
 90
4
 70
1
 10
2146.0
 20
178.0
 10
2436.0
 20
178.0
 10
2436.0
 20
260.0
 10
2146.0
 20
260.0
  0
LWPOLYLINE
  5
70
330
17
100
AcDbEntity
  8
TUTORIAL_TILES
100
AcDbPolyline
 90
4
 70
1
 10
1849.0
 20
178.0
 10
2139.0
 20
178.0
 10
2139.0
 20
260.0
 10
1849.0
 20
260.0
  0
LWPOLYLINE
  5
71
330
17
100
AcDbEntity
  8
TUTORIAL_TILES
100
AcDbPolyline
 90
4
 70
1
 10
1552.0
 20
178.0
 10
1842.0
 20
178.0
 10
1842.0
 20
260.0
 10
1552.0
 20
260.0
  0
LWPOLYLINE
  5
72
330
17
100
AcDbEntity
  8
TUTORIAL_TILES
100
AcDbPolyline
 90
4
 70
1
 10
1255.0
 20
178.0
 10
1545.0
 20
178.0
 10
1545.0
 20
260.0
 10
1255.0
 20
260.0
  0
LWPOLYLINE
  5
73
330
17
100
AcDbEntity
  8
TUTORIAL_TILES
100
AcDbPolyline
 90
4
 70
1
 10
958.0
 20
178.0
 10
1248.0
 20
178.0
 10
1248.0
 20
260.0
 10
958.0
 20
260.0
  0
LWPOLYLINE
  5
74
330
17
100
AcDbEntity
  8
TUTORIAL_TILES
100
AcDbPolyline
 90
4
 70
1
 10
661.0
 20
178.0
 10
951.0
 20
178.0
 10
951.0
 20
260.0
 10
661.0
 20
260.0
  0
LWPOLYLINE
  5
75
330
17
100
AcDbEntity
  8
TUTORIAL_TILES
100
AcDbPolyline
 90
4
 70
1
 10
364.0
 20
178.0
 10
654.0
 20
178.0
 10
654.0
 20
260.0
 10
364.0
 20
260.0
  0
LWPOLYLINE
  5
76
330
17
100
AcDbEntity
  8
TUTORIAL_TILES
100
AcDbPolyline
 90
4
 70
1
 10
67.0
 20
178.0
 10
357.0
 20
178.0
 10
357.0
 20
260.0
 10
67.0
 20
260.0
  0
LWPOLYLINE
  5
77
330
17
100
AcDbEntity
  8
TUTORIAL_CUT
100
AcDbPolyline
 90
4
 70
1
 10
0.0
 20
178.0
 10
60.0
 20
178.0
 10
60.0
 20
260.0
 10
0.0
 20
260.0
  0
LWPOLYLINE
  5
78
330
17
100
AcDbEntity
  8
TUTORIAL_CUT
100
AcDbPolyline
 90
4
 70
1
 10
5858.5
 20
267.0
 10
6000.0
 20
267.0
 10
6000.0
 20
349.0
 10
5858.5
 20
349.0
  0
LWPOLYLINE
  5
79
330
17
100
AcDbEntity
  8
TUTORIAL_TILES
100
AcDbPolyline
 90
4
 70
1
 10
5561.5
 20
267.0
 10
5851.5
 20
267.0
 10
5851.5
 20
349.0
 10
5561.5
 20
349.0
  0
LWPOLYLINE
  5
7A
330
17
100
AcDbEntity
  8
TUTORIAL_TILES
100
AcDbPolyline
 90
4
 70
1
 10
5264.5
 20
267.0
 10
5554.5
 20
267.0
 10
5554.5
 20
349.0
 10
5264.5
 20
349.0
  0
LWPOLYLINE
  5
7B
330
17
100
AcDbEntity
  8
TUTORIAL_TILES
100
AcDbPolyline
 90
4
 70
1
 10
4967.5
 20
267.0
 10
5257.5
 20
267.0
 10
5257.5
 20
349.0
 10
4967.5
 20
349.0
  0
LWPOLYLINE
  5
7C
330
17
100
AcDbEntity
  8
TUTORIAL_TILES
100
AcDbPolyline
 90
4
 70
1
 10
4670.5
 20
267.0
 10
4960.5
 20
267.0
 10
4960.5
 20
349.0
 10
4670.5
 20
349.0
  0
LWPOLYLINE
  5
7D
330
17
100
AcDbEntity
  8
TUTORIAL_TILES
100
AcDbPolyline
 90
4
 70
1
 10
4373.5
 20
267.0
 10
4663.5
 20
267.0
 10
4663.5
 20
349.0
 10
4373.5
 20
349.0
  0
LWPOLYLINE
  5
7E
330
17
100
AcDbEntity
  8
TUTORIAL_TILES
100
AcDbPolyline
 90
4
 70
1
 10
4076.5
 20
267.0
 10
4366.5
 20
267.0
 10
4366.5
 20
349.0
 10
4076.5
 20
349.0
  0
LWPOLYLINE
  5
7F
330
17
100
AcDbEntity
  8
TUTORIAL_TILES
100
AcDbPolyline
 90
4
 70
1
 10
3779.5
 20
267.0
 10
4069.5
 20
267.0
 10
4069.5
 20
349.0
 10
3779.5
 20
349.0
  0
LWPOLYLINE
  5
80
330
17
100
AcDbEntity
  8
TUTORIAL_TILES
100
AcDbPolyline
 90
4
 70
1
 10
3482.5
 20
267.0
 10
3772.5
 20
267.0
 10
3772.5
 20
349.0
 10
3482.5
 20
349.0
  0
LWPOLYLINE
  5
81
330
17
100
AcDbEntity
  8
TUTORIAL_TILES
100
AcDbPolyline
 90
4
 70
1
 10
3185.5
 20
267.0
 10
3475.5
 20
267.0
 10
3475.5
 20
349.0
 10
3185.5
 20
349.0
  0
LWPOLYLINE
  5
82
330
17
100
AcDbEntity
  8
TUTORIAL_TILES
100
AcDbPolyline
 90
4
 70
1
 10
2888.5
 20
267.0
 10
3178.5
 20
267.0
 10
3178.5
 20
349.0
 10
2888.5
 20
349.0
  0
LWPOLYLINE
  5
83
330
17
100
AcDbEntity
  8
TUTORIAL_TILES
100
AcDbPolyline
 90
4
 70
1
 10
2591.5
 20
267.0
 10
2881.5
 20
267.0
 10
2881.5
 20
349.0
 10
2591.5
 20
349.0
  0
LWPOLYLINE
  5
84
330
17
100
AcDbEntity
  8
TUTORIAL_TILES
100
AcDbPolyline
 90
4
 70
1
 10
2294.5
 20
267.0
 10
2584.5
 20
267.0
 10
2584.5
 20
349.0
 10
2294.5
 20
349.0
  0
LWPOLYLINE
  5
85
330
17
100
AcDbEntity
  8
TUTORIAL_TILES
100
AcDbPolyline
 90
4
 70
1
 10
1997.5
 20
267.0
 10
2287.5
 20
267.0
 10
2287.5
 20
349.0
 10
1997.5
 20
349.0
  0
LWPOLYLINE
  5
86
330
17
100
AcDbEntity
  8
TUTORIAL_TILES
100
AcDbPolyline
 90
4
 70
1
 10
1700.5
 20
267.0
 10
1990.5
 20
267.0
 10
1990.5
 20
349.0
 10
1700.5
 20
349.0
  0
LWPOLYLINE
  5
87
330
17
100
AcDbEntity
  8
TUTORIAL_TILES
100
AcDbPolyline
 90
4
 70
1
 10
1403.5
 20
267.0
 10
1693.5
 20
267.0
 10
1693.5
 20
349.0
 10
1403.5
 20
349.0
  0
LWPOLYLINE
  5
88
330
17
100
AcDbEntity
  8
TUTORIAL_TILES
100
AcDbPolyline
 90
4
 70
1
 10
1106.5
 20
267.0
 10
1396.5
 20
267.0
 10
1396.5
 20
349.0
 10
1106.5
 20
349.0
  0
LWPOLYLINE
  5
89
330
17
100
AcDbEntity
  8
TUTORIAL_TILES
100
AcDbPolyline
 90
4
 70
1
 10
809.5
 20
267.0
 10
1099.5
 20
267.0
 10
1099.5
 20
349.0
 10
809.5
 20
349.0
  0
LWPOLYLINE
  5
8A
330
17
100
AcDbEntity
  8
TUTORIAL_TILES
100
AcDbPolyline
 90
4
 70
1
 10
512.5
 20
267.0
 10
802.5
 20
267.0
 10
802.5
 20
349.0
 10
512.5
 20
349.0
  0
LWPOLYLINE
  5
8B
330
17
100
AcDbEntity
  8
TUTORIAL_TILES
100
AcDbPolyline
 90
4
 70
1
 10
215.5
 20
267.0
 10
505.5
 20
267.0
 10
505.5
 20
349.0
 10
215.5
 20
349.0
  0
LWPOLYLINE
  5
8C
330
17
100
AcDbEntity
  8
TUTORIAL_CUT
100
AcDbPolyline
 90
4
 70
1
 10
0.0
 20
267.0
 10
208.5
 20
267.0
 10
208.5
 20
349.0
 10
0.0
 20
349.0
  0
LWPOLYLINE
  5
8D
330
17
100
AcDbEntity
  8
TUTORIAL_TILES
100
AcDbPolyline
 90
4
 70
1
 10
5710.0
 20
356.0
 10
6000.0
 20
356.0
 10
6000.0
 20
438.0
 10
5710.0
 20
438.0
  0
LWPOLYLINE
  5
8E
330
17
100
AcDbEntity
  8
TUTORIAL_TILES
100
AcDbPolyline
 90
4
 70
1
 10
5413.0
 20
356.0
 10
5703.0
 20
356.0
 10
5703.0
 20
438.0
 10
5413.0
 20
438.0
  0
LWPOLYLINE
  5
8F
330
17
100
AcDbEntity
  8
TUTORIAL_TILES
100
AcDbPolyline
 90
4
 70
1
 10
5116.0
 20
356.0
 10
5406.0
 20
356.0
 10
5406.0
 20
438.0
 10
5116.0
 20
438.0
  0
LWPOLYLINE
  5
90
330
17
100
AcDbEntity
  8
TUTORIAL_TILES
100
AcDbPolyline
 90
4
 70
1
 10
4819.0
 20
356.0
 10
5109.0
 20
356.0
 10
5109.0
 20
438.0
 10
4819.0
 20
438.0
  0
LWPOLYLINE
  5
91
330
17
100
AcDbEntity
  8
TUTORIAL_TILES
100
AcDbPolyline
 90
4
 70
1
 10
4522.0
 20
356.0
 10
4812.0
 20
356.0
 10
4812.0
 20
438.0
 10
4522.0
 20
438.0
  0
LWPOLYLINE
  5
92
330
17
100
AcDbEntity
  8
TUTORIAL_TILES
100
AcDbPolyline
 90
4
 70
1
 10
4225.0
 20
356.0
 10
4515.0
 20
356.0
 10
4515.0
 20
438.0
 10
4225.0
 20
438.0
  0
LWPOLYLINE
  5
93
330
17
100
AcDbEntity
  8
TUTORIAL_TILES
100
AcDbPolyline
 90
4
 70
1
 10
3928.0
 20
356.0
 10
4218.0
 20
356.0
 10
4218.0
 20
438.0
 10
3928.0
 20
438.0
  0
LWPOLYLINE
  5
94
330
17
100
AcDbEntity
  8
TUTORIAL_TILES
100
AcDbPolyline
 90
4
 70
1
 10
3631.0
 20
356.0
 10
3921.0
 20
356.0
 10
3921.0
 20
438.0
 10
3631.0
 20
438.0
  0
LWPOLYLINE
  5
95
330
17
100
AcDbEntity
  8
TUTORIAL_TILES
100
AcDbPolyline
 90
4
 70
1
 10
3334.0
 20
356.0
 10
3624.0
 20
356.0
 10
3624.0
 20
438.0
 10
3334.0
 20
438.0
  0
LWPOLYLINE
  5
96
330
17
100
AcDbEntity
  8
TUTORIAL_TILES
100
AcDbPolyline
 90
4
 70
1
 10
3037.0
 20
356.0
 10
3327.0
 20
356.0
 10
3327.0
 20
438.0
 10
3037.0
 20
438.0
  0
LWPOLYLINE
  5
97
330
17
100
AcDbEntity
  8
TUTORIAL_TILES
100
AcDbPolyline
 90
4
 70
1
 10
2740.0
 20
356.0
 10
3030.0
 20
356.0
 10
3030.0
 20
438.0
 10
2740.0
 20
438.0
  0
LWPOLYLINE
  5
98
330
17
100
AcDbEntity
  8
TUTORIAL_TILES
100
AcDbPolyline
 90
4
 70
1
 10
2443.0
 20
356.0
 10
2733.0
 20
356.0
 10
2733.0
 20
438.0
 10
2443.0
 20
438.0
  0
LWPOLYLINE
  5
99
330
17
100
AcDbEntity
  8
TUTORIAL_TILES
100
AcDbPolyline
 90
4
 70
1
 10
2146.0
 20
356.0
 10
2436.0
 20
356.0
 10
2436.0
 20
438.0
 10
2146.0
 20
438.0
  0
LWPOLYLINE
  5
9A
330
17
100
AcDbEntity
  8
TUTORIAL_TILES
100
AcDbPolyline
 90
4
 70
1
 10
1849.0
 20
356.0
 10
2139.0
 20
356.0
 10
2139.0
 20
438.0
 10
1849.0
 20
438.0
  0
LWPOLYLINE
  5
9B
330
17
100
AcDbEntity
  8
TUTORIAL_TILES
100
AcDbPolyline
 90
4
 70
1
 10
1552.0
 20
356.0
 10
1842.0
 20
356.0
 10
1842.0
 20
438.0
 10
1552.0
 20
438.0
  0
LWPOLYLINE
  5
9C
330
17
100
AcDbEntity
  8
TUTORIAL_TILES
100
AcDbPolyline
 90
4
 70
1
 10
1255.0
 20
356.0
 10
1545.0
 20
356.0
 10
1545.0
 20
438.0
 10
1255.0
 20
438.0
  0
LWPOLYLINE
  5
9D
330
17
100
AcDbEntity
  8
TUTORIAL_TILES
100
AcDbPolyline
 90
4
 70
1
 10
958.0
 20
356.0
 10
1248.0
 20
356.0
 10
1248.0
 20
438.0
 10
958.0
 20
438.0
  0
LWPOLYLINE
  5
9E
330
17
100
AcDbEntity
  8
TUTORIAL_TILES
100
AcDbPolyline
 90
4
 70
1
 10
661.0
 20
356.0
 10
951.0
 20
356.0
 10
951.0
 20
438.0
 10
661.0
 20
438.0
  0
LWPOLYLINE
  5
9F
330
17
100
AcDbEntity
  8
TUTORIAL_TILES
100
AcDbPolyline
 90
4
 70
1
 10
364.0
 20
356.0
 10
654.0
 20
356.0
 10
654.0
 20
438.0
 10
364.0
 20
438.0
  0
LWPOLYLINE
  5
A0
330
17
100
AcDbEntity
  8
TUTORIAL_TILES
100
AcDbPolyline
 90
4
 70
1
 10
67.0
 20
356.0
 10
357.0
 20
356.0
 10
357.0
 20
438.0
 10
67.0
 20
438.0
  0
LWPOLYLINE
  5
A1
330
17
100
AcDbEntity
  8
TUTORIAL_CUT
100
AcDbPolyline
 90
4
 70
1
 10
0.0
 20
356.0
 10
60.0
 20
356.0
 10
60.0
 20
438.0
 10
0.0
 20
438.0
  0
LWPOLYLINE
  5
A2
330
17
100
AcDbEntity
  8
TUTORIAL_CUT
100
AcDbPolyline
 90
4
 70
1
 10
5858.5
 20
445.0
 10
6000.0
 20
445.0
 10
6000.0
 20
527.0
 10
5858.5
 20
527.0
  0
LWPOLYLINE
  5
A3
330
17
100
AcDbEntity
  8
TUTORIAL_TILES
100
AcDbPolyline
 90
4
 70
1
 10
5561.5
 20
445.0
 10
5851.5
 20
445.0
 10
5851.5
 20
527.0
 10
5561.5
 20
527.0
  0
LWPOLYLINE
  5
A4
330
17
100
AcDbEntity
  8
TUTORIAL_TILES
100
AcDbPolyline
 90
4
 70
1
 10
5264.5
 20
445.0
 10
5554.5
 20
445.0
 10
5554.5
 20
527.0
 10
5264.5
 20
527.0
  0
LWPOLYLINE
  5
A5
330
17
100
AcDbEntity
  8
TUTORIAL_TILES
100
AcDbPolyline
 90
4
 70
1
 10
4967.5
 20
445.0
 10
5257.5
 20
445.0
 10
5257.5
 20
527.0
 10
4967.5
 20
527.0
  0
LWPOLYLINE
  5
A6
330
17
100
AcDbEntity
  8
TUTORIAL_TILES
100
AcDbPolyline
 90
4
 70
1
 10
4670.5
 20
445.0
 10
4960.5
 20
445.0
 10
4960.5
 20
527.0
 10
4670.5
 20
527.0
  0
LWPOLYLINE
  5
A7
330
17
100
AcDbEntity
  8
TUTORIAL_TILES
100
AcDbPolyline
 90
4
 70
1
 10
4373.5
 20
445.0
 10
4663.5
 20
445.0
 10
4663.5
 20
527.0
 10
4373.5
 20
527.0
  0
LWPOLYLINE
  5
A8
330
17
100
AcDbEntity
  8
TUTORIAL_TILES
100
AcDbPolyline
 90
4
 70
1
 10
4076.5
 20
445.0
 10
4366.5
 20
445.0
 10
4366.5
 20
527.0
 10
4076.5
 20
527.0
  0
LWPOLYLINE
  5
A9
330
17
100
AcDbEntity
  8
TUTORIAL_TILES
100
AcDbPolyline
 90
4
 70
1
 10
3779.5
 20
445.0
 10
4069.5
 20
445.0
 10
4069.5
 20
527.0
 10
3779.5
 20
527.0
  0
LWPOLYLINE
  5
AA
330
17
100
AcDbEntity
  8
TUTORIAL_TILES
100
AcDbPolyline
 90
4
 70
1
 10
3482.5
 20
445.0
 10
3772.5
 20
445.0
 10
3772.5
 20
527.0
 10
3482.5
 20
527.0
  0
LWPOLYLINE
  5
AB
330
17
100
AcDbEntity
  8
TUTORIAL_TILES
100
AcDbPolyline
 90
4
 70
1
 10
3185.5
 20
445.0
 10
3475.5
 20
445.0
 10
3475.5
 20
527.0
 10
3185.5
 20
527.0
  0
LWPOLYLINE
  5
AC
330
17
100
AcDbEntity
  8
TUTORIAL_TILES
100
AcDbPolyline
 90
4
 70
1
 10
2888.5
 20
445.0
 10
3178.5
 20
445.0
 10
3178.5
 20
527.0
 10
2888.5
 20
527.0
  0
LWPOLYLINE
  5
AD
330
17
100
AcDbEntity
  8
TUTORIAL_TILES
100
AcDbPolyline
 90
4
 70
1
 10
2591.5
 20
445.0
 10
2881.5
 20
445.0
 10
2881.5
 20
527.0
 10
2591.5
 20
527.0
  0
LWPOLYLINE
  5
AE
330
17
100
AcDbEntity
  8
TUTORIAL_TILES
100
AcDbPolyline
 90
4
 70
1
 10
2294.5
 20
445.0
 10
2584.5
 20
445.0
 10
2584.5
 20
527.0
 10
2294.5
 20
527.0
  0
LWPOLYLINE
  5
AF
330
17
100
AcDbEntity
  8
TUTORIAL_TILES
100
AcDbPolyline
 90
4
 70
1
 10
1997.5
 20
445.0
 10
2287.5
 20
445.0
 10
2287.5
 20
527.0
 10
1997.5
 20
527.0
  0
LWPOLYLINE
  5
B0
330
17
100
AcDbEntity
  8
TUTORIAL_TILES
100
AcDbPolyline
 90
4
 70
1
 10
1700.5
 20
445.0
 10
1990.5
 20
445.0
 10
1990.5
 20
527.0
 10
1700.5
 20
527.0
  0
LWPOLYLINE
  5
B1
330
17
100
AcDbEntity
  8
TUTORIAL_TILES
100
AcDbPolyline
 90
4
 70
1
 10
1403.5
 20
445.0
 10
1693.5
 20
445.0
 10
1693.5
 20
527.0
 10
1403.5
 20
527.0
  0
LWPOLYLINE
  5
B2
330
17
100
AcDbEntity
  8
TUTORIAL_TILES
100
AcDbPolyline
 90
4
 70
1
 10
1106.5
 20
445.0
 10
1396.5
 20
445.0
 10
1396.5
 20
527.0
 10
1106.5
 20
527.0
  0
LWPOLYLINE
  5
B3
330
17
100
AcDbEntity
  8
TUTORIAL_TILES
100
AcDbPolyline
 90
4
 70
1
 10
809.5
 20
445.0
 10
1099.5
 20
445.0
 10
1099.5
 20
527.0
 10
809.5
 20
527.0
  0
LWPOLYLINE
  5
B4
330
17
100
AcDbEntity
  8
TUTORIAL_TILES
100
AcDbPolyline
 90
4
 70
1
 10
512.5
 20
445.0
 10
802.5
 20
445.0
 10
802.5
 20
527.0
 10
512.5
 20
527.0
  0
LWPOLYLINE
  5
B5
330
17
100
AcDbEntity
  8
TUTORIAL_TILES
100
AcDbPolyline
 90
4
 70
1
 10
215.5
 20
445.0
 10
505.5
 20
445.0
 10
505.5
 20
527.0
 10
215.5
 20
527.0
  0
LWPOLYLINE
  5
B6
330
17
100
AcDbEntity
  8
TUTORIAL_CUT
100
AcDbPolyline
 90
4
 70
1
 10
0.0
 20
445.0
 10
208.5
 20
445.0
 10
208.5
 20
527.0
 10
0.0
 20
527.0
  0
LWPOLYLINE
  5
B7
330
17
100
AcDbEntity
  8
TUTORIAL_TILES
100
AcDbPolyline
 90
4
 70
1
 10
5710.0
 20
534.0
 10
6000.0
 20
534.0
 10
6000.0
 20
616.0
 10
5710.0
 20
616.0
  0
LWPOLYLINE
  5
B8
330
17
100
AcDbEntity
  8
TUTORIAL_TILES
100
AcDbPolyline
 90
4
 70
1
 10
5413.0
 20
534.0
 10
5703.0
 20
534.0
 10
5703.0
 20
616.0
 10
5413.0
 20
616.0
  0
LWPOLYLINE
  5
B9
330
17
100
AcDbEntity
  8
TUTORIAL_TILES
100
AcDbPolyline
 90
4
 70
1
 10
5116.0
 20
534.0
 10
5406.0
 20
534.0
 10
5406.0
 20
616.0
 10
5116.0
 20
616.0
  0
LWPOLYLINE
  5
BA
330
17
100
AcDbEntity
  8
TUTORIAL_TILES
100
AcDbPolyline
 90
4
 70
1
 10
4819.0
 20
534.0
 10
5109.0
 20
534.0
 10
5109.0
 20
616.0
 10
4819.0
 20
616.0
  0
LWPOLYLINE
  5
BB
330
17
100
AcDbEntity
  8
TUTORIAL_TILES
100
AcDbPolyline
 90
4
 70
1
 10
4522.0
 20
534.0
 10
4812.0
 20
534.0
 10
4812.0
 20
616.0
 10
4522.0
 20
616.0
  0
LWPOLYLINE
  5
BC
330
17
100
AcDbEntity
  8
TUTORIAL_TILES
100
AcDbPolyline
 90
4
 70
1
 10
4225.0
 20
534.0
 10
4515.0
 20
534.0
 10
4515.0
 20
616.0
 10
4225.0
 20
616.0
  0
LWPOLYLINE
  5
BD
330
17
100
AcDbEntity
  8
TUTORIAL_TILES
100
AcDbPolyline
 90
4
 70
1
 10
3928.0
 20
534.0
 10
4218.0
 20
534.0
 10
4218.0
 20
616.0
 10
3928.0
 20
616.0
  0
LWPOLYLINE
  5
BE
330
17
100
AcDbEntity
  8
TUTORIAL_TILES
100
AcDbPolyline
 90
4
 70
1
 10
3631.0
 20
534.0
 10
3921.0
 20
534.0
 10
3921.0
 20
616.0
 10
3631.0
 20
616.0
  0
LWPOLYLINE
  5
BF
330
17
100
AcDbEntity
  8
TUTORIAL_TILES
100
AcDbPolyline
 90
4
 70
1
 10
3334.0
 20
534.0
 10
3624.0
 20
534.0
 10
3624.0
 20
616.0
 10
3334.0
 20
616.0
  0
LWPOLYLINE
  5
C0
330
17
100
AcDbEntity
  8
TUTORIAL_TILES
100
AcDbPolyline
 90
4
 70
1
 10
3037.0
 20
534.0
 10
3327.0
 20
534.0
 10
3327.0
 20
616.0
 10
3037.0
 20
616.0
  0
LWPOLYLINE
  5
C1
330
17
100
AcDbEntity
  8
TUTORIAL_TILES
100
AcDbPolyline
 90
4
 70
1
 10
2740.0
 20
534.0
 10
3030.0
 20
534.0
 10
3030.0
 20
616.0
 10
2740.0
 20
616.0
  0
LWPOLYLINE
  5
C2
330
17
100
AcDbEntity
  8
TUTORIAL_TILES
100
AcDbPolyline
 90
4
 70
1
 10
2443.0
 20
534.0
 10
2733.0
 20
534.0
 10
2733.0
 20
616.0
 10
2443.0
 20
616.0
  0
LWPOLYLINE
  5
C3
330
17
100
AcDbEntity
  8
TUTORIAL_TILES
100
AcDbPolyline
 90
4
 70
1
 10
2146.0
 20
534.0
 10
2436.0
 20
534.0
 10
2436.0
 20
616.0
 10
2146.0
 20
616.0
  0
LWPOLYLINE
  5
C4
330
17
100
AcDbEntity
  8
TUTORIAL_TILES
100
AcDbPolyline
 90
4
 70
1
 10
1849.0
 20
534.0
 10
2139.0
 20
534.0
 10
2139.0
 20
616.0
 10
1849.0
 20
616.0
  0
LWPOLYLINE
  5
C5
330
17
100
AcDbEntity
  8
TUTORIAL_TILES
100
AcDbPolyline
 90
4
 70
1
 10
1552.0
 20
534.0
 10
1842.0
 20
534.0
 10
1842.0
 20
616.0
 10
1552.0
 20
616.0
  0
LWPOLYLINE
  5
C6
330
17
100
AcDbEntity
  8
TUTORIAL_TILES
100
AcDbPolyline
 90
4
 70
1
 10
1255.0
 20
534.0
 10
1545.0
 20
534.0
 10
1545.0
 20
616.0
 10
1255.0
 20
616.0
  0
LWPOLYLINE
  5
C7
330
17
100
AcDbEntity
  8
TUTORIAL_TILES
100
AcDbPolyline
 90
4
 70
1
 10
958.0
 20
534.0
 10
1248.0
 20
534.0
 10
1248.0
 20
616.0
 10
958.0
 20
616.0
  0
LWPOLYLINE
  5
C8
330
17
100
AcDbEntity
  8
TUTORIAL_TILES
100
AcDbPolyline
 90
4
 70
1
 10
661.0
 20
534.0
 10
951.0
 20
534.0
 10
951.0
 20
616.0
 10
661.0
 20
616.0
  0
LWPOLYLINE
  5
C9
330
17
100
AcDbEntity
  8
TUTORIAL_TILES
100
AcDbPolyline
 90
4
 70
1
 10
364.0
 20
534.0
 10
654.0
 20
534.0
 10
654.0
 20
616.0
 10
364.0
 20
616.0
  0
LWPOLYLINE
  5
CA
330
17
100
AcDbEntity
  8
TUTORIAL_TILES
100
AcDbPolyline
 90
4
 70
1
 10
67.0
 20
534.0
 10
357.0
 20
534.0
 10
357.0
 20
616.0
 10
67.0
 20
616.0
  0
LWPOLYLINE
  5
CB
330
17
100
AcDbEntity
  8
TUTORIAL_CUT
100
AcDbPolyline
 90
4
 70
1
 10
0.0
 20
534.0
 10
60.0
 20
534.0
 10
60.0
 20
616.0
 10
0.0
 20
616.0
  0
LWPOLYLINE
  5
CC
330
17
100
AcDbEntity
  8
TUTORIAL_CUT
100
AcDbPolyline
 90
4
 70
1
 10
5858.5
 20
623.0
 10
6000.0
 20
623.0
 10
6000.0
 20
705.0
 10
5858.5
 20
705.0
  0
LWPOLYLINE
  5
CD
330
17
100
AcDbEntity
  8
TUTORIAL_TILES
100
AcDbPolyline
 90
4
 70
1
 10
5561.5
 20
623.0
 10
5851.5
 20
623.0
 10
5851.5
 20
705.0
 10
5561.5
 20
705.0
  0
LWPOLYLINE
  5
CE
330
17
100
AcDbEntity
  8
TUTORIAL_TILES
100
AcDbPolyline
 90
4
 70
1
 10
5264.5
 20
623.0
 10
5554.5
 20
623.0
 10
5554.5
 20
705.0
 10
5264.5
 20
705.0
  0
LWPOLYLINE
  5
CF
330
17
100
AcDbEntity
  8
TUTORIAL_TILES
100
AcDbPolyline
 90
4
 70
1
 10
4967.5
 20
623.0
 10
5257.5
 20
623.0
 10
5257.5
 20
705.0
 10
4967.5
 20
705.0
  0
LWPOLYLINE
  5
D0
330
17
100
AcDbEntity
  8
TUTORIAL_TILES
100
AcDbPolyline
 90
4
 70
1
 10
4670.5
 20
623.0
 10
4960.5
 20
623.0
 10
4960.5
 20
705.0
 10
4670.5
 20
705.0
  0
LWPOLYLINE
  5
D1
330
17
100
AcDbEntity
  8
TUTORIAL_TILES
100
AcDbPolyline
 90
4
 70
1
 10
4373.5
 20
623.0
 10
4663.5
 20
623.0
 10
4663.5
 20
705.0
 10
4373.5
 20
705.0
  0
LWPOLYLINE
  5
D2
330
17
100
AcDbEntity
  8
TUTORIAL_TILES
100
AcDbPolyline
 90
4
 70
1
 10
4076.5
 20
623.0
 10
4366.5
 20
623.0
 10
4366.5
 20
705.0
 10
4076.5
 20
705.0
  0
LWPOLYLINE
  5
D3
330
17
100
AcDbEntity
  8
TUTORIAL_TILES
100
AcDbPolyline
 90
4
 70
1
 10
3779.5
 20
623.0
 10
4069.5
 20
623.0
 10
4069.5
 20
705.0
 10
3779.5
 20
705.0
  0
LWPOLYLINE
  5
D4
330
17
100
AcDbEntity
  8
TUTORIAL_TILES
100
AcDbPolyline
 90
4
 70
1
 10
3482.5
 20
623.0
 10
3772.5
 20
623.0
 10
3772.5
 20
705.0
 10
3482.5
 20
705.0
  0
LWPOLYLINE
  5
D5
330
17
100
AcDbEntity
  8
TUTORIAL_TILES
100
AcDbPolyline
 90
4
 70
1
 10
3185.5
 20
623.0
 10
3475.5
 20
623.0
 10
3475.5
 20
705.0
 10
3185.5
 20
705.0
  0
LWPOLYLINE
  5
D6
330
17
100
AcDbEntity
  8
TUTORIAL_TILES
100
AcDbPolyline
 90
4
 70
1
 10
2888.5
 20
623.0
 10
3178.5
 20
623.0
 10
3178.5
 20
705.0
 10
2888.5
 20
705.0
  0
LWPOLYLINE
  5
D7
330
17
100
AcDbEntity
  8
TUTORIAL_TILES
100
AcDbPolyline
 90
4
 70
1
 10
2591.5
 20
623.0
 10
2881.5
 20
623.0
 10
2881.5
 20
705.0
 10
2591.5
 20
705.0
  0
LWPOLYLINE
  5
D8
330
17
100
AcDbEntity
  8
TUTORIAL_TILES
100
AcDbPolyline
 90
4
 70
1
 10
2294.5
 20
623.0
 10
2584.5
 20
623.0
 10
2584.5
 20
705.0
 10
2294.5
 20
705.0
  0
LWPOLYLINE
  5
D9
330
17
100
AcDbEntity
  8
TUTORIAL_TILES
100
AcDbPolyline
 90
4
 70
1
 10
1997.5
 20
623.0
 10
2287.5
 20
623.0
 10
2287.5
 20
705.0
 10
1997.5
 20
705.0
  0
LWPOLYLINE
  5
DA
330
17
100
AcDbEntity
  8
TUTORIAL_TILES
100
AcDbPolyline
 90
4
 70
1
 10
1700.5
 20
623.0
 10
1990.5
 20
623.0
 10
1990.5
 20
705.0
 10
1700.5
 20
705.0
  0
LWPOLYLINE
  5
DB
330
17
100
AcDbEntity
  8
TUTORIAL_TILES
100
AcDbPolyline
 90
4
 70
1
 10
1403.5
 20
623.0
 10
1693.5
 20
623.0
 10
1693.5
 20
705.0
 10
1403.5
 20
705.0
  0
LWPOLYLINE
  5
DC
330
17
100
AcDbEntity
  8
TUTORIAL_TILES
100
AcDbPolyline
 90
4
 70
1
 10
1106.5
 20
623.0
 10
1396.5
 20
623.0
 10
1396.5
 20
705.0
 10
1106.5
 20
705.0
  0
LWPOLYLINE
  5
DD
330
17
100
AcDbEntity
  8
TUTORIAL_TILES
100
AcDbPolyline
 90
4
 70
1
 10
809.5
 20
623.0
 10
1099.5
 20
623.0
 10
1099.5
 20
705.0
 10
809.5
 20
705.0
  0
LWPOLYLINE
  5
DE
330
17
100
AcDbEntity
  8
TUTORIAL_TILES
100
AcDbPolyline
 90
4
 70
1
 10
512.5
 20
623.0
 10
802.5
 20
623.0
 10
802.5
 20
705.0
 10
512.5
 20
705.0
  0
LWPOLYLINE
  5
DF
330
17
100
AcDbEntity
  8
TUTORIAL_TILES
100
AcDbPolyline
 90
4
 70
1
 10
215.5
 20
623.0
 10
505.5
 20
623.0
 10
505.5
 20
705.0
 10
215.5
 20
705.0
  0
LWPOLYLINE
  5
E0
330
17
100
AcDbEntity
  8
TUTORIAL_CUT
100
AcDbPolyline
 90
4
 70
1
 10
0.0
 20
623.0
 10
208.5
 20
623.0
 10
208.5
 20
705.0
 10
0.0
 20
705.0
  0
LWPOLYLINE
  5
E1
330
17
100
AcDbEntity
  8
TUTORIAL_TILES
100
AcDbPolyline
 90
4
 70
1
 10
5710.0
 20
712.0
 10
6000.0
 20
712.0
 10
6000.0
 20
794.0
 10
5710.0
 20
794.0
  0
LWPOLYLINE
  5
E2
330
17
100
AcDbEntity
  8
TUTORIAL_TILES
100
AcDbPolyline
 90
4
 70
1
 10
5413.0
 20
712.0
 10
5703.0
 20
712.0
 10
5703.0
 20
794.0
 10
5413.0
 20
794.0
  0
LWPOLYLINE
  5
E3
330
17
100
AcDbEntity
  8
TUTORIAL_TILES
100
AcDbPolyline
 90
4
 70
1
 10
5116.0
 20
712.0
 10
5406.0
 20
712.0
 10
5406.0
 20
794.0
 10
5116.0
 20
794.0
  0
LWPOLYLINE
  5
E4
330
17
100
AcDbEntity
  8
TUTORIAL_TILES
100
AcDbPolyline
 90
4
 70
1
 10
4819.0
 20
712.0
 10
5109.0
 20
712.0
 10
5109.0
 20
794.0
 10
4819.0
 20
794.0
  0
LWPOLYLINE
  5
E5
330
17
100
AcDbEntity
  8
TUTORIAL_TILES
100
AcDbPolyline
 90
4
 70
1
 10
4522.0
 20
712.0
 10
4812.0
 20
712.0
 10
4812.0
 20
794.0
 10
4522.0
 20
794.0
  0
LWPOLYLINE
  5
E6
330
17
100
AcDbEntity
  8
TUTORIAL_TILES
100
AcDbPolyline
 90
4
 70
1
 10
4225.0
 20
712.0
 10
4515.0
 20
712.0
 10
4515.0
 20
794.0
 10
4225.0
 20
794.0
  0
LWPOLYLINE
  5
E7
330
17
100
AcDbEntity
  8
TUTORIAL_TILES
100
AcDbPolyline
 90
4
 70
1
 10
3928.0
 20
712.0
 10
4218.0
 20
712.0
 10
4218.0
 20
794.0
 10
3928.0
 20
794.0
  0
LWPOLYLINE
  5
E8
330
17
100
AcDbEntity
  8
TUTORIAL_TILES
100
AcDbPolyline
 90
4
 70
1
 10
3631.0
 20
712.0
 10
3921.0
 20
712.0
 10
3921.0
 20
794.0
 10
3631.0
 20
794.0
  0
LWPOLYLINE
  5
E9
330
17
100
AcDbEntity
  8
TUTORIAL_TILES
100
AcDbPolyline
 90
4
 70
1
 10
3334.0
 20
712.0
 10
3624.0
 20
712.0
 10
3624.0
 20
794.0
 10
3334.0
 20
794.0
  0
LWPOLYLINE
  5
EA
330
17
100
AcDbEntity
  8
TUTORIAL_TILES
100
AcDbPolyline
 90
4
 70
1
 10
3037.0
 20
712.0
 10
3327.0
 20
712.0
 10
3327.0
 20
794.0
 10
3037.0
 20
794.0
  0
LWPOLYLINE
  5
EB
330
17
100
AcDbEntity
  8
TUTORIAL_TILES
100
AcDbPolyline
 90
4
 70
1
 10
2740.0
 20
712.0
 10
3030.0
 20
712.0
 10
3030.0
 20
794.0
 10
2740.0
 20
794.0
  0
LWPOLYLINE
  5
EC
330
17
100
AcDbEntity
  8
TUTORIAL_TILES
100
AcDbPolyline
 90
4
 70
1
 10
2443.0
 20
712.0
 10
2733.0
 20
712.0
 10
2733.0
 20
794.0
 10
2443.0
 20
794.0
  0
LWPOLYLINE
  5
ED
330
17
100
AcDbEntity
  8
TUTORIAL_TILES
100
AcDbPolyline
 90
4
 70
1
 10
2146.0
 20
712.0
 10
2436.0
 20
712.0
 10
2436.0
 20
794.0
 10
2146.0
 20
794.0
  0
LWPOLYLINE
  5
EE
330
17
100
AcDbEntity
  8
TUTORIAL_TILES
100
AcDbPolyline
 90
4
 70
1
 10
1849.0
 20
712.0
 10
2139.0
 20
712.0
 10
2139.0
 20
794.0
 10
1849.0
 20
794.0
  0
LWPOLYLINE
  5
EF
330
17
100
AcDbEntity
  8
TUTORIAL_TILES
100
AcDbPolyline
 90
4
 70
1
 10
1552.0
 20
712.0
 10
1842.0
 20
712.0
 10
1842.0
 20
794.0
 10
1552.0
 20
794.0
  0
LWPOLYLINE
  5
F0
330
17
100
AcDbEntity
  8
TUTORIAL_TILES
100
AcDbPolyline
 90
4
 70
1
 10
1255.0
 20
712.0
 10
1545.0
 20
712.0
 10
1545.0
 20
794.0
 10
1255.0
 20
794.0
  0
LWPOLYLINE
  5
F1
330
17
100
AcDbEntity
  8
TUTORIAL_TILES
100
AcDbPolyline
 90
4
 70
1
 10
958.0
 20
712.0
 10
1248.0
 20
712.0
 10
1248.0
 20
794.0
 10
958.0
 20
794.0
  0
LWPOLYLINE
  5
F2
330
17
100
AcDbEntity
  8
TUTORIAL_TILES
100
AcDbPolyline
 90
4
 70
1
 10
661.0
 20
712.0
 10
951.0
 20
712.0
 10
951.0
 20
794.0
 10
661.0
 20
794.0
  0
LWPOLYLINE
  5
F3
330
17
100
AcDbEntity
  8
TUTORIAL_TILES
100
AcDbPolyline
 90
4
 70
1
 10
364.0
 20
712.0
 10
654.0
 20
712.0
 10
654.0
 20
794.0
 10
364.0
 20
794.0
  0
LWPOLYLINE
  5
F4
330
17
100
AcDbEntity
  8
TUTORIAL_TILES
100
AcDbPolyline
 90
4
 70
1
 10
67.0
 20
712.0
 10
357.0
 20
712.0
 10
357.0
 20
794.0
 10
67.0
 20
794.0
  0
LWPOLYLINE
  5
F5
330
17
100
AcDbEntity
  8
TUTORIAL_CUT
100
AcDbPolyline
 90
4
 70
1
 10
0.0
 20
712.0
 10
60.0
 20
712.0
 10
60.0
 20
794.0
 10
0.0
 20
794.0
  0
LWPOLYLINE
  5
F6
330
17
100
AcDbEntity
  8
TUTORIAL_CUT
100
AcDbPolyline
 90
4
 70
1
 10
5858.5
 20
801.0
 10
6000.0
 20
801.0
 10
6000.0
 20
883.0
 10
5858.5
 20
883.0
  0
LWPOLYLINE
  5
F7
330
17
100
AcDbEntity
  8
TUTORIAL_TILES
100
AcDbPolyline
 90
4
 70
1
 10
5561.5
 20
801.0
 10
5851.5
 20
801.0
 10
5851.5
 20
883.0
 10
5561.5
 20
883.0
  0
LWPOLYLINE
  5
F8
330
17
100
AcDbEntity
  8
TUTORIAL_TILES
100
AcDbPolyline
 90
4
 70
1
 10
5264.5
 20
801.0
 10
5554.5
 20
801.0
 10
5554.5
 20
883.0
 10
5264.5
 20
883.0
  0
LWPOLYLINE
  5
F9
330
17
100
AcDbEntity
  8
TUTORIAL_TILES
100
AcDbPolyline
 90
4
 70
1
 10
4967.5
 20
801.0
 10
5257.5
 20
801.0
 10
5257.5
 20
883.0
 10
4967.5
 20
883.0
  0
LWPOLYLINE
  5
FA
330
17
100
AcDbEntity
  8
TUTORIAL_TILES
100
AcDbPolyline
 90
4
 70
1
 10
4670.5
 20
801.0
 10
4960.5
 20
801.0
 10
4960.5
 20
883.0
 10
4670.5
 20
883.0
  0
LWPOLYLINE
  5
FB
330
17
100
AcDbEntity
  8
TUTORIAL_TILES
100
AcDbPolyline
 90
4
 70
1
 10
4373.5
 20
801.0
 10
4663.5
 20
801.0
 10
4663.5
 20
883.0
 10
4373.5
 20
883.0
  0
LWPOLYLINE
  5
FC
330
17
100
AcDbEntity
  8
TUTORIAL_TILES
100
AcDbPolyline
 90
4
 70
1
 10
4076.5
 20
801.0
 10
4366.5
 20
801.0
 10
4366.5
 20
883.0
 10
4076.5
 20
883.0
  0
LWPOLYLINE
  5
FD
330
17
100
AcDbEntity
  8
TUTORIAL_TILES
100
AcDbPolyline
 90
4
 70
1
 10
3779.5
 20
801.0
 10
4069.5
 20
801.0
 10
4069.5
 20
883.0
 10
3779.5
 20
883.0
  0
LWPOLYLINE
  5
FE
330
17
100
AcDbEntity
  8
TUTORIAL_TILES
100
AcDbPolyline
 90
4
 70
1
 10
3482.5
 20
801.0
 10
3772.5
 20
801.0
 10
3772.5
 20
883.0
 10
3482.5
 20
883.0
  0
LWPOLYLINE
  5
FF
330
17
100
AcDbEntity
  8
TUTORIAL_TILES
100
AcDbPolyline
 90
4
 70
1
 10
3185.5
 20
801.0
 10
3475.5
 20
801.0
 10
3475.5
 20
883.0
 10
3185.5
 20
883.0
  0
LWPOLYLINE
  5
100
330
17
100
AcDbEntity
  8
TUTORIAL_TILES
100
AcDbPolyline
 90
4
 70
1
 10
2888.5
 20
801.0
 10
3178.5
 20
801.0
 10
3178.5
 20
883.0
 10
2888.5
 20
883.0
  0
LWPOLYLINE
  5
101
330
17
100
AcDbEntity
  8
TUTORIAL_TILES
100
AcDbPolyline
 90
4
 70
1
 10
2591.5
 20
801.0
 10
2881.5
 20
801.0
 10
2881.5
 20
883.0
 10
2591.5
 20
883.0
  0
LWPOLYLINE
  5
102
330
17
100
AcDbEntity
  8
TUTORIAL_TILES
100
AcDbPolyline
 90
4
 70
1
 10
2294.5
 20
801.0
 10
2584.5
 20
801.0
 10
2584.5
 20
883.0
 10
2294.5
 20
883.0
  0
LWPOLYLINE
  5
103
330
17
100
AcDbEntity
  8
TUTORIAL_TILES
100
AcDbPolyline
 90
4
 70
1
 10
1997.5
 20
801.0
 10
2287.5
 20
801.0
 10
2287.5
 20
883.0
 10
1997.5
 20
883.0
  0
LWPOLYLINE
  5
104
330
17
100
AcDbEntity
  8
TUTORIAL_TILES
100
AcDbPolyline
 90
4
 70
1
 10
1700.5
 20
801.0
 10
1990.5
 20
801.0
 10
1990.5
 20
883.0
 10
1700.5
 20
883.0
  0
LWPOLYLINE
  5
105
330
17
100
AcDbEntity
  8
TUTORIAL_TILES
100
AcDbPolyline
 90
4
 70
1
 10
1403.5
 20
801.0
 10
1693.5
 20
801.0
 10
1693.5
 20
883.0
 10
1403.5
 20
883.0
  0
LWPOLYLINE
  5
106
330
17
100
AcDbEntity
  8
TUTORIAL_TILES
100
AcDbPolyline
 90
4
 70
1
 10
1106.5
 20
801.0
 10
1396.5
 20
801.0
 10
1396.5
 20
883.0
 10
1106.5
 20
883.0
  0
LWPOLYLINE
  5
107
330
17
100
AcDbEntity
  8
TUTORIAL_TILES
100
AcDbPolyline
 90
4
 70
1
 10
809.5
 20
801.0
 10
1099.5
 20
801.0
 10
1099.5
 20
883.0
 10
809.5
 20
883.0
  0
LWPOLYLINE
  5
108
330
17
100
AcDbEntity
  8
TUTORIAL_TILES
100
AcDbPolyline
 90
4
 70
1
 10
512.5
 20
801.0
 10
802.5
 20
801.0
 10
802.5
 20
883.0
 10
512.5
 20
883.0
  0
LWPOLYLINE
  5
109
330
17
100
AcDbEntity
  8
TUTORIAL_TILES
100
AcDbPolyline
 90
4
 70
1
 10
215.5
 20
801.0
 10
505.5
 20
801.0
 10
505.5
 20
883.0
 10
215.5
 20
883.0
  0
LWPOLYLINE
  5
10A
330
17
100
AcDbEntity
  8
TUTORIAL_CUT
100
AcDbPolyline
 90
4
 70
1
 10
0.0
 20
801.0
 10
208.5
 20
801.0
 10
208.5
 20
883.0
 10
0.0
 20
883.0
  0
LWPOLYLINE
  5
10B
330
17
100
AcDbEntity
  8
TUTORIAL_TILES
100
AcDbPolyline
 90
4
 70
1
 10
5710.0
 20
890.0
 10
6000.0
 20
890.0
 10
6000.0
 20
972.0
 10
5710.0
 20
972.0
  0
LWPOLYLINE
  5
10C
330
17
100
AcDbEntity
  8
TUTORIAL_TILES
100
AcDbPolyline
 90
4
 70
1
 10
5413.0
 20
890.0
 10
5703.0
 20
890.0
 10
5703.0
 20
972.0
 10
5413.0
 20
972.0
  0
LWPOLYLINE
  5
10D
330
17
100
AcDbEntity
  8
TUTORIAL_TILES
100
AcDbPolyline
 90
4
 70
1
 10
5116.0
 20
890.0
 10
5406.0
 20
890.0
 10
5406.0
 20
972.0
 10
5116.0
 20
972.0
  0
LWPOLYLINE
  5
10E
330
17
100
AcDbEntity
  8
TUTORIAL_TILES
100
AcDbPolyline
 90
4
 70
1
 10
4819.0
 20
890.0
 10
5109.0
 20
890.0
 10
5109.0
 20
972.0
 10
4819.0
 20
972.0
  0
LWPOLYLINE
  5
10F
330
17
100
AcDbEntity
  8
TUTORIAL_TILES
100
AcDbPolyline
 90
4
 70
1
 10
4522.0
 20
890.0
 10
4812.0
 20
890.0
 10
4812.0
 20
972.0
 10
4522.0
 20
972.0
  0
LWPOLYLINE
  5
110
330
17
100
AcDbEntity
  8
TUTORIAL_TILES
100
AcDbPolyline
 90
4
 70
1
 10
4225.0
 20
890.0
 10
4515.0
 20
890.0
 10
4515.0
 20
972.0
 10
4225.0
 20
972.0
  0
LWPOLYLINE
  5
111
330
17
100
AcDbEntity
  8
TUTORIAL_TILES
100
AcDbPolyline
 90
4
 70
1
 10
3928.0
 20
890.0
 10
4218.0
 20
890.0
 10
4218.0
 20
972.0
 10
3928.0
 20
972.0
  0
LWPOLYLINE
  5
112
330
17
100
AcDbEntity
  8
TUTORIAL_TILES
100
AcDbPolyline
 90
4
 70
1
 10
3631.0
 20
890.0
 10
3921.0
 20
890.0
 10
3921.0
 20
972.0
 10
3631.0
 20
972.0
  0
LWPOLYLINE
  5
113
330
17
100
AcDbEntity
  8
TUTORIAL_TILES
100
AcDbPolyline
 90
4
 70
1
 10
3334.0
 20
890.0
 10
3624.0
 20
890.0
 10
3624.0
 20
972.0
 10
3334.0
 20
972.0
  0
LWPOLYLINE
  5
114
330
17
100
AcDbEntity
  8
TUTORIAL_TILES
100
AcDbPolyline
 90
4
 70
1
 10
3037.0
 20
890.0
 10
3327.0
 20
890.0
 10
3327.0
 20
972.0
 10
3037.0
 20
972.0
  0
LWPOLYLINE
  5
115
330
17
100
AcDbEntity
  8
TUTORIAL_TILES
100
AcDbPolyline
 90
4
 70
1
 10
2740.0
 20
890.0
 10
3030.0
 20
890.0
 10
3030.0
 20
972.0
 10
2740.0
 20
972.0
  0
LWPOLYLINE
  5
116
330
17
100
AcDbEntity
  8
TUTORIAL_TILES
100
AcDbPolyline
 90
4
 70
1
 10
2443.0
 20
890.0
 10
2733.0
 20
890.0
 10
2733.0
 20
972.0
 10
2443.0
 20
972.0
  0
LWPOLYLINE
  5
117
330
17
100
AcDbEntity
  8
TUTORIAL_TILES
100
AcDbPolyline
 90
4
 70
1
 10
2146.0
 20
890.0
 10
2436.0
 20
890.0
 10
2436.0
 20
972.0
 10
2146.0
 20
972.0
  0
LWPOLYLINE
  5
118
330
17
100
AcDbEntity
  8
TUTORIAL_TILES
100
AcDbPolyline
 90
4
 70
1
 10
1849.0
 20
890.0
 10
2139.0
 20
890.0
 10
2139.0
 20
972.0
 10
1849.0
 20
972.0
  0
LWPOLYLINE
  5
119
330
17
100
AcDbEntity
  8
TUTORIAL_TILES
100
AcDbPolyline
 90
4
 70
1
 10
1552.0
 20
890.0
 10
1842.0
 20
890.0
 10
1842.0
 20
972.0
 10
1552.0
 20
972.0
  0
LWPOLYLINE
  5
11A
330
17
100
AcDbEntity
  8
TUTORIAL_TILES
100
AcDbPolyline
 90
4
 70
1
 10
1255.0
 20
890.0
 10
1545.0
 20
890.0
 10
1545.0
 20
972.0
 10
1255.0
 20
972.0
  0
LWPOLYLINE
  5
11B
330
17
100
AcDbEntity
  8
TUTORIAL_TILES
100
AcDbPolyline
 90
4
 70
1
 10
958.0
 20
890.0
 10
1248.0
 20
890.0
 10
1248.0
 20
972.0
 10
958.0
 20
972.0
  0
LWPOLYLINE
  5
11C
330
17
100
AcDbEntity
  8
TUTORIAL_TILES
100
AcDbPolyline
 90
4
 70
1
 10
661.0
 20
890.0
 10
951.0
 20
890.0
 10
951.0
 20
972.0
 10
661.0
 20
972.0
  0
LWPOLYLINE
  5
11D
330
17
100
AcDbEntity
  8
TUTORIAL_TILES
100
AcDbPolyline
 90
4
 70
1
 10
364.0
 20
890.0
 10
654.0
 20
890.0
 10
654.0
 20
972.0
 10
364.0
 20
972.0
  0
LWPOLYLINE
  5
11E
330
17
100
AcDbEntity
  8
TUTORIAL_TILES
100
AcDbPolyline
 90
4
 70
1
 10
67.0
 20
890.0
 10
357.0
 20
890.0
 10
357.0
 20
972.0
 10
67.0
 20
972.0
  0
LWPOLYLINE
  5
11F
330
17
100
AcDbEntity
  8
TUTORIAL_CUT
100
AcDbPolyline
 90
4
 70
1
 10
0.0
 20
890.0
 10
60.0
 20
890.0
 10
60.0
 20
972.0
 10
0.0
 20
972.0
  0
LWPOLYLINE
  5
120
330
17
100
AcDbEntity
  8
TUTORIAL_CUT
100
AcDbPolyline
 90
4
 70
1
 10
5858.5
 20
979.0
 10
6000.0
 20
979.0
 10
6000.0
 20
1061.0
 10
5858.5
 20
1061.0
  0
LWPOLYLINE
  5
121
330
17
100
AcDbEntity
  8
TUTORIAL_TILES
100
AcDbPolyline
 90
4
 70
1
 10
5561.5
 20
979.0
 10
5851.5
 20
979.0
 10
5851.5
 20
1061.0
 10
5561.5
 20
1061.0
  0
LWPOLYLINE
  5
122
330
17
100
AcDbEntity
  8
TUTORIAL_TILES
100
AcDbPolyline
 90
4
 70
1
 10
5264.5
 20
979.0
 10
5554.5
 20
979.0
 10
5554.5
 20
1061.0
 10
5264.5
 20
1061.0
  0
LWPOLYLINE
  5
123
330
17
100
AcDbEntity
  8
TUTORIAL_TILES
100
AcDbPolyline
 90
4
 70
1
 10
4967.5
 20
979.0
 10
5257.5
 20
979.0
 10
5257.5
 20
1061.0
 10
4967.5
 20
1061.0
  0
LWPOLYLINE
  5
124
330
17
100
AcDbEntity
  8
TUTORIAL_TILES
100
AcDbPolyline
 90
4
 70
1
 10
4670.5
 20
979.0
 10
4960.5
 20
979.0
 10
4960.5
 20
1061.0
 10
4670.5
 20
1061.0
  0
LWPOLYLINE
  5
125
330
17
100
AcDbEntity
  8
TUTORIAL_TILES
100
AcDbPolyline
 90
4
 70
1
 10
4373.5
 20
979.0
 10
4663.5
 20
979.0
 10
4663.5
 20
1061.0
 10
4373.5
 20
1061.0
  0
LWPOLYLINE
  5
126
330
17
100
AcDbEntity
  8
TUTORIAL_TILES
100
AcDbPolyline
 90
4
 70
1
 10
4076.5
 20
979.0
 10
4366.5
 20
979.0
 10
4366.5
 20
1061.0
 10
4076.5
 20
1061.0
  0
LWPOLYLINE
  5
127
330
17
100
AcDbEntity
  8
TUTORIAL_TILES
100
AcDbPolyline
 90
4
 70
1
 10
3779.5
 20
979.0
 10
4069.5
 20
979.0
 10
4069.5
 20
1061.0
 10
3779.5
 20
1061.0
  0
LWPOLYLINE
  5
128
330
17
100
AcDbEntity
  8
TUTORIAL_TILES
100
AcDbPolyline
 90
4
 70
1
 10
3482.5
 20
979.0
 10
3772.5
 20
979.0
 10
3772.5
 20
1061.0
 10
3482.5
 20
1061.0
  0
LWPOLYLINE
  5
129
330
17
100
AcDbEntity
  8
TUTORIAL_TILES
100
AcDbPolyline
 90
4
 70
1
 10
3185.5
 20
979.0
 10
3475.5
 20
979.0
 10
3475.5
 20
1061.0
 10
3185.5
 20
1061.0
  0
LWPOLYLINE
  5
12A
330
17
100
AcDbEntity
  8
TUTORIAL_TILES
100
AcDbPolyline
 90
4
 70
1
 10
2888.5
 20
979.0
 10
3178.5
 20
979.0
 10
3178.5
 20
1061.0
 10
2888.5
 20
1061.0
  0
LWPOLYLINE
  5
12B
330
17
100
AcDbEntity
  8
TUTORIAL_TILES
100
AcDbPolyline
 90
4
 70
1
 10
2591.5
 20
979.0
 10
2881.5
 20
979.0
 10
2881.5
 20
1061.0
 10
2591.5
 20
1061.0
  0
LWPOLYLINE
  5
12C
330
17
100
AcDbEntity
  8
TUTORIAL_TILES
100
AcDbPolyline
 90
4
 70
1
 10
2294.5
 20
979.0
 10
2584.5
 20
979.0
 10
2584.5
 20
1061.0
 10
2294.5
 20
1061.0
  0
LWPOLYLINE
  5
12D
330
17
100
AcDbEntity
  8
TUTORIAL_TILES
100
AcDbPolyline
 90
4
 70
1
 10
1997.5
 20
979.0
 10
2287.5
 20
979.0
 10
2287.5
 20
1061.0
 10
1997.5
 20
1061.0
  0
LWPOLYLINE
  5
12E
330
17
100
AcDbEntity
  8
TUTORIAL_TILES
100
AcDbPolyline
 90
4
 70
1
 10
1700.5
 20
979.0
 10
1990.5
 20
979.0
 10
1990.5
 20
1061.0
 10
1700.5
 20
1061.0
  0
LWPOLYLINE
  5
12F
330
17
100
AcDbEntity
  8
TUTORIAL_TILES
100
AcDbPolyline
 90
4
 70
1
 10
1403.5
 20
979.0
 10
1693.5
 20
979.0
 10
1693.5
 20
1061.0
 10
1403.5
 20
1061.0
  0
LWPOLYLINE
  5
130
330
17
100
AcDbEntity
  8
TUTORIAL_TILES
100
AcDbPolyline
 90
4
 70
1
 10
1106.5
 20
979.0
 10
1396.5
 20
979.0
 10
1396.5
 20
1061.0
 10
1106.5
 20
1061.0
  0
LWPOLYLINE
  5
131
330
17
100
AcDbEntity
  8
TUTORIAL_TILES
100
AcDbPolyline
 90
4
 70
1
 10
809.5
 20
979.0
 10
1099.5
 20
979.0
 10
1099.5
 20
1061.0
 10
809.5
 20
1061.0
  0
LWPOLYLINE
  5
132
330
17
100
AcDbEntity
  8
TUTORIAL_TILES
100
AcDbPolyline
 90
4
 70
1
 10
512.5
 20
979.0
 10
802.5
 20
979.0
 10
802.5
 20
1061.0
 10
512.5
 20
1061.0
  0
LWPOLYLINE
  5
133
330
17
100
AcDbEntity
  8
TUTORIAL_TILES
100
AcDbPolyline
 90
4
 70
1
 10
215.5
 20
979.0
 10
505.5
 20
979.0
 10
505.5
 20
1061.0
 10
215.5
 20
1061.0
  0
LWPOLYLINE
  5
134
330
17
100
AcDbEntity
  8
TUTORIAL_CUT
100
AcDbPolyline
 90
4
 70
1
 10
0.0
 20
979.0
 10
208.5
 20
979.0
 10
208.5
 20
1061.0
 10
0.0
 20
1061.0
  0
LWPOLYLINE
  5
135
330
17
100
AcDbEntity
  8
TUTORIAL_TILES
100
AcDbPolyline
 90
4
 70
1
 10
5710.0
 20
1068.0
 10
6000.0
 20
1068.0
 10
6000.0
 20
1150.0
 10
5710.0
 20
1150.0
  0
LWPOLYLINE
  5
136
330
17
100
AcDbEntity
  8
TUTORIAL_TILES
100
AcDbPolyline
 90
4
 70
1
 10
5413.0
 20
1068.0
 10
5703.0
 20
1068.0
 10
5703.0
 20
1150.0
 10
5413.0
 20
1150.0
  0
LWPOLYLINE
  5
137
330
17
100
AcDbEntity
  8
TUTORIAL_TILES
100
AcDbPolyline
 90
4
 70
1
 10
5116.0
 20
1068.0
 10
5406.0
 20
1068.0
 10
5406.0
 20
1150.0
 10
5116.0
 20
1150.0
  0
LWPOLYLINE
  5
138
330
17
100
AcDbEntity
  8
TUTORIAL_TILES
100
AcDbPolyline
 90
4
 70
1
 10
4819.0
 20
1068.0
 10
5109.0
 20
1068.0
 10
5109.0
 20
1150.0
 10
4819.0
 20
1150.0
  0
LWPOLYLINE
  5
139
330
17
100
AcDbEntity
  8
TUTORIAL_TILES
100
AcDbPolyline
 90
4
 70
1
 10
4522.0
 20
1068.0
 10
4812.0
 20
1068.0
 10
4812.0
 20
1150.0
 10
4522.0
 20
1150.0
  0
LWPOLYLINE
  5
13A
330
17
100
AcDbEntity
  8
TUTORIAL_TILES
100
AcDbPolyline
 90
4
 70
1
 10
4225.0
 20
1068.0
 10
4515.0
 20
1068.0
 10
4515.0
 20
1150.0
 10
4225.0
 20
1150.0
  0
LWPOLYLINE
  5
13B
330
17
100
AcDbEntity
  8
TUTORIAL_TILES
100
AcDbPolyline
 90
4
 70
1
 10
3928.0
 20
1068.0
 10
4218.0
 20
1068.0
 10
4218.0
 20
1150.0
 10
3928.0
 20
1150.0
  0
LWPOLYLINE
  5
13C
330
17
100
AcDbEntity
  8
TUTORIAL_TILES
100
AcDbPolyline
 90
4
 70
1
 10
3631.0
 20
1068.0
 10
3921.0
 20
1068.0
 10
3921.0
 20
1150.0
 10
3631.0
 20
1150.0
  0
LWPOLYLINE
  5
13D
330
17
100
AcDbEntity
  8
TUTORIAL_TILES
100
AcDbPolyline
 90
4
 70
1
 10
3334.0
 20
1068.0
 10
3624.0
 20
1068.0
 10
3624.0
 20
1150.0
 10
3334.0
 20
1150.0
  0
LWPOLYLINE
  5
13E
330
17
100
AcDbEntity
  8
TUTORIAL_TILES
100
AcDbPolyline
 90
4
 70
1
 10
3037.0
 20
1068.0
 10
3327.0
 20
1068.0
 10
3327.0
 20
1150.0
 10
3037.0
 20
1150.0
  0
LWPOLYLINE
  5
13F
330
17
100
AcDbEntity
  8
TUTORIAL_TILES
100
AcDbPolyline
 90
4
 70
1
 10
2740.0
 20
1068.0
 10
3030.0
 20
1068.0
 10
3030.0
 20
1150.0
 10
2740.0
 20
1150.0
  0
LWPOLYLINE
  5
140
330
17
100
AcDbEntity
  8
TUTORIAL_TILES
100
AcDbPolyline
 90
4
 70
1
 10
2443.0
 20
1068.0
 10
2733.0
 20
1068.0
 10
2733.0
 20
1150.0
 10
2443.0
 20
1150.0
  0
LWPOLYLINE
  5
141
330
17
100
AcDbEntity
  8
TUTORIAL_TILES
100
AcDbPolyline
 90
4
 70
1
 10
2146.0
 20
1068.0
 10
2436.0
 20
1068.0
 10
2436.0
 20
1150.0
 10
2146.0
 20
1150.0
  0
LWPOLYLINE
  5
142
330
17
100
AcDbEntity
  8
TUTORIAL_TILES
100
AcDbPolyline
 90
4
 70
1
 10
1849.0
 20
1068.0
 10
2139.0
 20
1068.0
 10
2139.0
 20
1150.0
 10
1849.0
 20
1150.0
  0
LWPOLYLINE
  5
143
330
17
100
AcDbEntity
  8
TUTORIAL_TILES
100
AcDbPolyline
 90
4
 70
1
 10
1552.0
 20
1068.0
 10
1842.0
 20
1068.0
 10
1842.0
 20
1150.0
 10
1552.0
 20
1150.0
  0
LWPOLYLINE
  5
144
330
17
100
AcDbEntity
  8
TUTORIAL_TILES
100
AcDbPolyline
 90
4
 70
1
 10
1255.0
 20
1068.0
 10
1545.0
 20
1068.0
 10
1545.0
 20
1150.0
 10
1255.0
 20
1150.0
  0
LWPOLYLINE
  5
145
330
17
100
AcDbEntity
  8
TUTORIAL_TILES
100
AcDbPolyline
 90
4
 70
1
 10
958.0
 20
1068.0
 10
1248.0
 20
1068.0
 10
1248.0
 20
1150.0
 10
958.0
 20
1150.0
  0
LWPOLYLINE
  5
146
330
17
100
AcDbEntity
  8
TUTORIAL_TILES
100
AcDbPolyline
 90
4
 70
1
 10
661.0
 20
1068.0
 10
951.0
 20
1068.0
 10
951.0
 20
1150.0
 10
661.0
 20
1150.0
  0
LWPOLYLINE
  5
147
330
17
100
AcDbEntity
  8
TUTORIAL_TILES
100
AcDbPolyline
 90
4
 70
1
 10
364.0
 20
1068.0
 10
654.0
 20
1068.0
 10
654.0
 20
1150.0
 10
364.0
 20
1150.0
  0
LWPOLYLINE
  5
148
330
17
100
AcDbEntity
  8
TUTORIAL_TILES
100
AcDbPolyline
 90
4
 70
1
 10
67.0
 20
1068.0
 10
357.0
 20
1068.0
 10
357.0
 20
1150.0
 10
67.0
 20
1150.0
  0
LWPOLYLINE
  5
149
330
17
100
AcDbEntity
  8
TUTORIAL_CUT
100
AcDbPolyline
 90
4
 70
1
 10
0.0
 20
1068.0
 10
60.0
 20
1068.0
 10
60.0
 20
1150.0
 10
0.0
 20
1150.0
  0
LWPOLYLINE
  5
14A
330
17
100
AcDbEntity
  8
TUTORIAL_CUT
100
AcDbPolyline
 90
4
 70
1
 10
5858.5
 20
1157.0
 10
6000.0
 20
1157.0
 10
6000.0
 20
1239.0
 10
5858.5
 20
1239.0
  0
LWPOLYLINE
  5
14B
330
17
100
AcDbEntity
  8
TUTORIAL_TILES
100
AcDbPolyline
 90
4
 70
1
 10
5561.5
 20
1157.0
 10
5851.5
 20
1157.0
 10
5851.5
 20
1239.0
 10
5561.5
 20
1239.0
  0
LWPOLYLINE
  5
14C
330
17
100
AcDbEntity
  8
TUTORIAL_TILES
100
AcDbPolyline
 90
4
 70
1
 10
5264.5
 20
1157.0
 10
5554.5
 20
1157.0
 10
5554.5
 20
1239.0
 10
5264.5
 20
1239.0
  0
LWPOLYLINE
  5
14D
330
17
100
AcDbEntity
  8
TUTORIAL_TILES
100
AcDbPolyline
 90
4
 70
1
 10
4967.5
 20
1157.0
 10
5257.5
 20
1157.0
 10
5257.5
 20
1239.0
 10
4967.5
 20
1239.0
  0
LWPOLYLINE
  5
14E
330
17
100
AcDbEntity
  8
TUTORIAL_TILES
100
AcDbPolyline
 90
4
 70
1
 10
4670.5
 20
1157.0
 10
4960.5
 20
1157.0
 10
4960.5
 20
1239.0
 10
4670.5
 20
1239.0
  0
LWPOLYLINE
  5
14F
330
17
100
AcDbEntity
  8
TUTORIAL_TILES
100
AcDbPolyline
 90
4
 70
1
 10
4373.5
 20
1157.0
 10
4663.5
 20
1157.0
 10
4663.5
 20
1239.0
 10
4373.5
 20
1239.0
  0
LWPOLYLINE
  5
150
330
17
100
AcDbEntity
  8
TUTORIAL_TILES
100
AcDbPolyline
 90
4
 70
1
 10
4076.5
 20
1157.0
 10
4366.5
 20
1157.0
 10
4366.5
 20
1239.0
 10
4076.5
 20
1239.0
  0
LWPOLYLINE
  5
151
330
17
100
AcDbEntity
  8
TUTORIAL_TILES
100
AcDbPolyline
 90
4
 70
1
 10
3779.5
 20
1157.0
 10
4069.5
 20
1157.0
 10
4069.5
 20
1239.0
 10
3779.5
 20
1239.0
  0
LWPOLYLINE
  5
152
330
17
100
AcDbEntity
  8
TUTORIAL_TILES
100
AcDbPolyline
 90
4
 70
1
 10
3482.5
 20
1157.0
 10
3772.5
 20
1157.0
 10
3772.5
 20
1239.0
 10
3482.5
 20
1239.0
  0
LWPOLYLINE
  5
153
330
17
100
AcDbEntity
  8
TUTORIAL_TILES
100
AcDbPolyline
 90
4
 70
1
 10
3185.5
 20
1157.0
 10
3475.5
 20
1157.0
 10
3475.5
 20
1239.0
 10
3185.5
 20
1239.0
  0
LWPOLYLINE
  5
154
330
17
100
AcDbEntity
  8
TUTORIAL_TILES
100
AcDbPolyline
 90
4
 70
1
 10
2888.5
 20
1157.0
 10
3178.5
 20
1157.0
 10
3178.5
 20
1239.0
 10
2888.5
 20
1239.0
  0
LWPOLYLINE
  5
155
330
17
100
AcDbEntity
  8
TUTORIAL_TILES
100
AcDbPolyline
 90
4
 70
1
 10
2591.5
 20
1157.0
 10
2881.5
 20
1157.0
 10
2881.5
 20
1239.0
 10
2591.5
 20
1239.0
  0
LWPOLYLINE
  5
156
330
17
100
AcDbEntity
  8
TUTORIAL_TILES
100
AcDbPolyline
 90
4
 70
1
 10
2294.5
 20
1157.0
 10
2584.5
 20
1157.0
 10
2584.5
 20
1239.0
 10
2294.5
 20
1239.0
  0
LWPOLYLINE
  5
157
330
17
100
AcDbEntity
  8
TUTORIAL_TILES
100
AcDbPolyline
 90
4
 70
1
 10
1997.5
 20
1157.0
 10
2287.5
 20
1157.0
 10
2287.5
 20
1239.0
 10
1997.5
 20
1239.0
  0
LWPOLYLINE
  5
158
330
17
100
AcDbEntity
  8
TUTORIAL_TILES
100
AcDbPolyline
 90
4
 70
1
 10
1700.5
 20
1157.0
 10
1990.5
 20
1157.0
 10
1990.5
 20
1239.0
 10
1700.5
 20
1239.0
  0
LWPOLYLINE
  5
159
330
17
100
AcDbEntity
  8
TUTORIAL_TILES
100
AcDbPolyline
 90
4
 70
1
 10
1403.5
 20
1157.0
 10
1693.5
 20
1157.0
 10
1693.5
 20
1239.0
 10
1403.5
 20
1239.0
  0
LWPOLYLINE
  5
15A
330
17
100
AcDbEntity
  8
TUTORIAL_TILES
100
AcDbPolyline
 90
4
 70
1
 10
1106.5
 20
1157.0
 10
1396.5
 20
1157.0
 10
1396.5
 20
1239.0
 10
1106.5
 20
1239.0
  0
LWPOLYLINE
  5
15B
330
17
100
AcDbEntity
  8
TUTORIAL_TILES
100
AcDbPolyline
 90
4
 70
1
 10
809.5
 20
1157.0
 10
1099.5
 20
1157.0
 10
1099.5
 20
1239.0
 10
809.5
 20
1239.0
  0
LWPOLYLINE
  5
15C
330
17
100
AcDbEntity
  8
TUTORIAL_TILES
100
AcDbPolyline
 90
4
 70
1
 10
512.5
 20
1157.0
 10
802.5
 20
1157.0
 10
802.5
 20
1239.0
 10
512.5
 20
1239.0
  0
LWPOLYLINE
  5
15D
330
17
100
AcDbEntity
  8
TUTORIAL_TILES
100
AcDbPolyline
 90
4
 70
1
 10
215.5
 20
1157.0
 10
505.5
 20
1157.0
 10
505.5
 20
1239.0
 10
215.5
 20
1239.0
  0
LWPOLYLINE
  5
15E
330
17
100
AcDbEntity
  8
TUTORIAL_CUT
100
AcDbPolyline
 90
4
 70
1
 10
0.0
 20
1157.0
 10
208.5
 20
1157.0
 10
208.5
 20
1239.0
 10
0.0
 20
1239.0
  0
LWPOLYLINE
  5
15F
330
17
100
AcDbEntity
  8
TUTORIAL_TILES
100
AcDbPolyline
 90
4
 70
1
 10
5710.0
 20
1246.0
 10
6000.0
 20
1246.0
 10
6000.0
 20
1328.0
 10
5710.0
 20
1328.0
  0
LWPOLYLINE
  5
160
330
17
100
AcDbEntity
  8
TUTORIAL_TILES
100
AcDbPolyline
 90
4
 70
1
 10
5413.0
 20
1246.0
 10
5703.0
 20
1246.0
 10
5703.0
 20
1328.0
 10
5413.0
 20
1328.0
  0
LWPOLYLINE
  5
161
330
17
100
AcDbEntity
  8
TUTORIAL_TILES
100
AcDbPolyline
 90
4
 70
1
 10
5116.0
 20
1246.0
 10
5406.0
 20
1246.0
 10
5406.0
 20
1328.0
 10
5116.0
 20
1328.0
  0
LWPOLYLINE
  5
162
330
17
100
AcDbEntity
  8
TUTORIAL_TILES
100
AcDbPolyline
 90
4
 70
1
 10
4819.0
 20
1246.0
 10
5109.0
 20
1246.0
 10
5109.0
 20
1328.0
 10
4819.0
 20
1328.0
  0
LWPOLYLINE
  5
163
330
17
100
AcDbEntity
  8
TUTORIAL_TILES
100
AcDbPolyline
 90
4
 70
1
 10
4522.0
 20
1246.0
 10
4812.0
 20
1246.0
 10
4812.0
 20
1328.0
 10
4522.0
 20
1328.0
  0
LWPOLYLINE
  5
164
330
17
100
AcDbEntity
  8
TUTORIAL_TILES
100
AcDbPolyline
 90
4
 70
1
 10
4225.0
 20
1246.0
 10
4515.0
 20
1246.0
 10
4515.0
 20
1328.0
 10
4225.0
 20
1328.0
  0
LWPOLYLINE
  5
165
330
17
100
AcDbEntity
  8
TUTORIAL_TILES
100
AcDbPolyline
 90
4
 70
1
 10
3928.0
 20
1246.0
 10
4218.0
 20
1246.0
 10
4218.0
 20
1328.0
 10
3928.0
 20
1328.0
  0
LWPOLYLINE
  5
166
330
17
100
AcDbEntity
  8
TUTORIAL_TILES
100
AcDbPolyline
 90
4
 70
1
 10
3631.0
 20
1246.0
 10
3921.0
 20
1246.0
 10
3921.0
 20
1328.0
 10
3631.0
 20
1328.0
  0
LWPOLYLINE
  5
167
330
17
100
AcDbEntity
  8
TUTORIAL_TILES
100
AcDbPolyline
 90
4
 70
1
 10
3334.0
 20
1246.0
 10
3624.0
 20
1246.0
 10
3624.0
 20
1328.0
 10
3334.0
 20
1328.0
  0
LWPOLYLINE
  5
168
330
17
100
AcDbEntity
  8
TUTORIAL_TILES
100
AcDbPolyline
 90
4
 70
1
 10
3037.0
 20
1246.0
 10
3327.0
 20
1246.0
 10
3327.0
 20
1328.0
 10
3037.0
 20
1328.0
  0
LWPOLYLINE
  5
169
330
17
100
AcDbEntity
  8
TUTORIAL_TILES
100
AcDbPolyline
 90
4
 70
1
 10
2740.0
 20
1246.0
 10
3030.0
 20
1246.0
 10
3030.0
 20
1328.0
 10
2740.0
 20
1328.0
  0
LWPOLYLINE
  5
16A
330
17
100
AcDbEntity
  8
TUTORIAL_TILES
100
AcDbPolyline
 90
4
 70
1
 10
2443.0
 20
1246.0
 10
2733.0
 20
1246.0
 10
2733.0
 20
1328.0
 10
2443.0
 20
1328.0
  0
LWPOLYLINE
  5
16B
330
17
100
AcDbEntity
  8
TUTORIAL_TILES
100
AcDbPolyline
 90
4
 70
1
 10
2146.0
 20
1246.0
 10
2436.0
 20
1246.0
 10
2436.0
 20
1328.0
 10
2146.0
 20
1328.0
  0
LWPOLYLINE
  5
16C
330
17
100
AcDbEntity
  8
TUTORIAL_TILES
100
AcDbPolyline
 90
4
 70
1
 10
1849.0
 20
1246.0
 10
2139.0
 20
1246.0
 10
2139.0
 20
1328.0
 10
1849.0
 20
1328.0
  0
LWPOLYLINE
  5
16D
330
17
100
AcDbEntity
  8
TUTORIAL_TILES
100
AcDbPolyline
 90
4
 70
1
 10
1552.0
 20
1246.0
 10
1842.0
 20
1246.0
 10
1842.0
 20
1328.0
 10
1552.0
 20
1328.0
  0
LWPOLYLINE
  5
16E
330
17
100
AcDbEntity
  8
TUTORIAL_TILES
100
AcDbPolyline
 90
4
 70
1
 10
1255.0
 20
1246.0
 10
1545.0
 20
1246.0
 10
1545.0
 20
1328.0
 10
1255.0
 20
1328.0
  0
LWPOLYLINE
  5
16F
330
17
100
AcDbEntity
  8
TUTORIAL_TILES
100
AcDbPolyline
 90
4
 70
1
 10
958.0
 20
1246.0
 10
1248.0
 20
1246.0
 10
1248.0
 20
1328.0
 10
958.0
 20
1328.0
  0
LWPOLYLINE
  5
170
330
17
100
AcDbEntity
  8
TUTORIAL_TILES
100
AcDbPolyline
 90
4
 70
1
 10
661.0
 20
1246.0
 10
951.0
 20
1246.0
 10
951.0
 20
1328.0
 10
661.0
 20
1328.0
  0
LWPOLYLINE
  5
171
330
17
100
AcDbEntity
  8
TUTORIAL_TILES
100
AcDbPolyline
 90
4
 70
1
 10
364.0
 20
1246.0
 10
654.0
 20
1246.0
 10
654.0
 20
1328.0
 10
364.0
 20
1328.0
  0
LWPOLYLINE
  5
172
330
17
100
AcDbEntity
  8
TUTORIAL_TILES
100
AcDbPolyline
 90
4
 70
1
 10
67.0
 20
1246.0
 10
357.0
 20
1246.0
 10
357.0
 20
1328.0
 10
67.0
 20
1328.0
  0
LWPOLYLINE
  5
173
330
17
100
AcDbEntity
  8
TUTORIAL_CUT
100
AcDbPolyline
 90
4
 70
1
 10
0.0
 20
1246.0
 10
60.0
 20
1246.0
 10
60.0
 20
1328.0
 10
0.0
 20
1328.0
  0
LWPOLYLINE
  5
174
330
17
100
AcDbEntity
  8
TUTORIAL_CUT
100
AcDbPolyline
 90
4
 70
1
 10
5858.5
 20
1335.0
 10
6000.0
 20
1335.0
 10
6000.0
 20
1417.0
 10
5858.5
 20
1417.0
  0
LWPOLYLINE
  5
175
330
17
100
AcDbEntity
  8
TUTORIAL_TILES
100
AcDbPolyline
 90
4
 70
1
 10
5561.5
 20
1335.0
 10
5851.5
 20
1335.0
 10
5851.5
 20
1417.0
 10
5561.5
 20
1417.0
  0
LWPOLYLINE
  5
176
330
17
100
AcDbEntity
  8
TUTORIAL_TILES
100
AcDbPolyline
 90
4
 70
1
 10
5264.5
 20
1335.0
 10
5554.5
 20
1335.0
 10
5554.5
 20
1417.0
 10
5264.5
 20
1417.0
  0
LWPOLYLINE
  5
177
330
17
100
AcDbEntity
  8
TUTORIAL_TILES
100
AcDbPolyline
 90
4
 70
1
 10
4967.5
 20
1335.0
 10
5257.5
 20
1335.0
 10
5257.5
 20
1417.0
 10
4967.5
 20
1417.0
  0
LWPOLYLINE
  5
178
330
17
100
AcDbEntity
  8
TUTORIAL_TILES
100
AcDbPolyline
 90
4
 70
1
 10
4670.5
 20
1335.0
 10
4960.5
 20
1335.0
 10
4960.5
 20
1417.0
 10
4670.5
 20
1417.0
  0
LWPOLYLINE
  5
179
330
17
100
AcDbEntity
  8
TUTORIAL_TILES
100
AcDbPolyline
 90
4
 70
1
 10
4373.5
 20
1335.0
 10
4663.5
 20
1335.0
 10
4663.5
 20
1417.0
 10
4373.5
 20
1417.0
  0
LWPOLYLINE
  5
17A
330
17
100
AcDbEntity
  8
TUTORIAL_TILES
100
AcDbPolyline
 90
4
 70
1
 10
4076.5
 20
1335.0
 10
4366.5
 20
1335.0
 10
4366.5
 20
1417.0
 10
4076.5
 20
1417.0
  0
LWPOLYLINE
  5
17B
330
17
100
AcDbEntity
  8
TUTORIAL_TILES
100
AcDbPolyline
 90
4
 70
1
 10
3779.5
 20
1335.0
 10
4069.5
 20
1335.0
 10
4069.5
 20
1417.0
 10
3779.5
 20
1417.0
  0
LWPOLYLINE
  5
17C
330
17
100
AcDbEntity
  8
TUTORIAL_TILES
100
AcDbPolyline
 90
4
 70
1
 10
3482.5
 20
1335.0
 10
3772.5
 20
1335.0
 10
3772.5
 20
1417.0
 10
3482.5
 20
1417.0
  0
LWPOLYLINE
  5
17D
330
17
100
AcDbEntity
  8
TUTORIAL_TILES
100
AcDbPolyline
 90
4
 70
1
 10
3185.5
 20
1335.0
 10
3475.5
 20
1335.0
 10
3475.5
 20
1417.0
 10
3185.5
 20
1417.0
  0
LWPOLYLINE
  5
17E
330
17
100
AcDbEntity
  8
TUTORIAL_TILES
100
AcDbPolyline
 90
4
 70
1
 10
2888.5
 20
1335.0
 10
3178.5
 20
1335.0
 10
3178.5
 20
1417.0
 10
2888.5
 20
1417.0
  0
LWPOLYLINE
  5
17F
330
17
100
AcDbEntity
  8
TUTORIAL_TILES
100
AcDbPolyline
 90
4
 70
1
 10
2591.5
 20
1335.0
 10
2881.5
 20
1335.0
 10
2881.5
 20
1417.0
 10
2591.5
 20
1417.0
  0
LWPOLYLINE
  5
180
330
17
100
AcDbEntity
  8
TUTORIAL_TILES
100
AcDbPolyline
 90
4
 70
1
 10
2294.5
 20
1335.0
 10
2584.5
 20
1335.0
 10
2584.5
 20
1417.0
 10
2294.5
 20
1417.0
  0
LWPOLYLINE
  5
181
330
17
100
AcDbEntity
  8
TUTORIAL_TILES
100
AcDbPolyline
 90
4
 70
1
 10
1997.5
 20
1335.0
 10
2287.5
 20
1335.0
 10
2287.5
 20
1417.0
 10
1997.5
 20
1417.0
  0
LWPOLYLINE
  5
182
330
17
100
AcDbEntity
  8
TUTORIAL_TILES
100
AcDbPolyline
 90
4
 70
1
 10
1700.5
 20
1335.0
 10
1990.5
 20
1335.0
 10
1990.5
 20
1417.0
 10
1700.5
 20
1417.0
  0
LWPOLYLINE
  5
183
330
17
100
AcDbEntity
  8
TUTORIAL_TILES
100
AcDbPolyline
 90
4
 70
1
 10
1403.5
 20
1335.0
 10
1693.5
 20
1335.0
 10
1693.5
 20
1417.0
 10
1403.5
 20
1417.0
  0
LWPOLYLINE
  5
184
330
17
100
AcDbEntity
  8
TUTORIAL_TILES
100
AcDbPolyline
 90
4
 70
1
 10
1106.5
 20
1335.0
 10
1396.5
 20
1335.0
 10
1396.5
 20
1417.0
 10
1106.5
 20
1417.0
  0
LWPOLYLINE
  5
185
330
17
100
AcDbEntity
  8
TUTORIAL_TILES
100
AcDbPolyline
 90
4
 70
1
 10
809.5
 20
1335.0
 10
1099.5
 20
1335.0
 10
1099.5
 20
1417.0
 10
809.5
 20
1417.0
  0
LWPOLYLINE
  5
186
330
17
100
AcDbEntity
  8
TUTORIAL_TILES
100
AcDbPolyline
 90
4
 70
1
 10
512.5
 20
1335.0
 10
802.5
 20
1335.0
 10
802.5
 20
1417.0
 10
512.5
 20
1417.0
  0
LWPOLYLINE
  5
187
330
17
100
AcDbEntity
  8
TUTORIAL_TILES
100
AcDbPolyline
 90
4
 70
1
 10
215.5
 20
1335.0
 10
505.5
 20
1335.0
 10
505.5
 20
1417.0
 10
215.5
 20
1417.0
  0
LWPOLYLINE
  5
188
330
17
100
AcDbEntity
  8
TUTORIAL_CUT
100
AcDbPolyline
 90
4
 70
1
 10
0.0
 20
1335.0
 10
208.5
 20
1335.0
 10
208.5
 20
1417.0
 10
0.0
 20
1417.0
  0
LWPOLYLINE
  5
189
330
17
100
AcDbEntity
  8
TUTORIAL_TILES
100
AcDbPolyline
 90
4
 70
1
 10
5710.0
 20
1424.0
 10
6000.0
 20
1424.0
 10
6000.0
 20
1506.0
 10
5710.0
 20
1506.0
  0
LWPOLYLINE
  5
18A
330
17
100
AcDbEntity
  8
TUTORIAL_TILES
100
AcDbPolyline
 90
4
 70
1
 10
5413.0
 20
1424.0
 10
5703.0
 20
1424.0
 10
5703.0
 20
1506.0
 10
5413.0
 20
1506.0
  0
LWPOLYLINE
  5
18B
330
17
100
AcDbEntity
  8
TUTORIAL_TILES
100
AcDbPolyline
 90
4
 70
1
 10
5116.0
 20
1424.0
 10
5406.0
 20
1424.0
 10
5406.0
 20
1506.0
 10
5116.0
 20
1506.0
  0
LWPOLYLINE
  5
18C
330
17
100
AcDbEntity
  8
TUTORIAL_TILES
100
AcDbPolyline
 90
4
 70
1
 10
4819.0
 20
1424.0
 10
5109.0
 20
1424.0
 10
5109.0
 20
1506.0
 10
4819.0
 20
1506.0
  0
LWPOLYLINE
  5
18D
330
17
100
AcDbEntity
  8
TUTORIAL_CUT
100
AcDbPolyline
 90
4
 70
1
 10
4522.0
 20
1424.0
 10
4800.0
 20
1424.0
 10
4800.0
 20
1493.0
 10
4522.0
 20
1493.0
  0
LWPOLYLINE
  5
18E
330
17
100
AcDbEntity
  8
TUTORIAL_CUT
100
AcDbPolyline
 90
4
 70
1
 10
4225.0
 20
1424.0
 10
4515.0
 20
1424.0
 10
4515.0
 20
1493.0
 10
4225.0
 20
1493.0
  0
LWPOLYLINE
  5
18F
330
17
100
AcDbEntity
  8
TUTORIAL_CUT
100
AcDbPolyline
 90
4
 70
1
 10
3928.0
 20
1424.0
 10
4218.0
 20
1424.0
 10
4218.0
 20
1493.0
 10
3928.0
 20
1493.0
  0
LWPOLYLINE
  5
190
330
17
100
AcDbEntity
  8
TUTORIAL_CUT
100
AcDbPolyline
 90
4
 70
1
 10
3631.0
 20
1424.0
 10
3921.0
 20
1424.0
 10
3921.0
 20
1493.0
 10
3631.0
 20
1493.0
  0
LWPOLYLINE
  5
191
330
17
100
AcDbEntity
  8
TUTORIAL_CUT
100
AcDbPolyline
 90
4
 70
1
 10
3600.0
 20
1424.0
 10
3624.0
 20
1424.0
 10
3624.0
 20
1493.0
 10
3600.0
 20
1493.0
  0
LWPOLYLINE
  5
192
330
17
100
AcDbEntity
  8
TUTORIAL_CUT
100
AcDbPolyline
 90
4
 70
1
 10
3334.0
 20
1424.0
 10
3593.0
 20
1424.0
 10
3593.0
 20
1506.0
 10
3334.0
 20
1506.0
  0
LWPOLYLINE
  5
193
330
17
100
AcDbEntity
  8
TUTORIAL_TILES
100
AcDbPolyline
 90
4
 70
1
 10
3037.0
 20
1424.0
 10
3327.0
 20
1424.0
 10
3327.0
 20
1506.0
 10
3037.0
 20
1506.0
  0
LWPOLYLINE
  5
194
330
17
100
AcDbEntity
  8
TUTORIAL_TILES
100
AcDbPolyline
 90
4
 70
1
 10
2740.0
 20
1424.0
 10
3030.0
 20
1424.0
 10
3030.0
 20
1506.0
 10
2740.0
 20
1506.0
  0
LWPOLYLINE
  5
195
330
17
100
AcDbEntity
  8
TUTORIAL_TILES
100
AcDbPolyline
 90
4
 70
1
 10
2443.0
 20
1424.0
 10
2733.0
 20
1424.0
 10
2733.0
 20
1506.0
 10
2443.0
 20
1506.0
  0
LWPOLYLINE
  5
196
330
17
100
AcDbEntity
  8
TUTORIAL_CUT
100
AcDbPolyline
 90
4
 70
1
 10
2146.0
 20
1424.0
 10
2200.0
 20
1424.0
 10
2200.0
 20
1493.0
 10
2146.0
 20
1493.0
  0
LWPOLYLINE
  5
197
330
17
100
AcDbEntity
  8
TUTORIAL_CUT
100
AcDbPolyline
 90
4
 70
1
 10
2207.0
 20
1424.0
 10
2436.0
 20
1424.0
 10
2436.0
 20
1506.0
 10
2207.0
 20
1506.0
  0
LWPOLYLINE
  5
198
330
17
100
AcDbEntity
  8
TUTORIAL_CUT
100
AcDbPolyline
 90
4
 70
1
 10
1849.0
 20
1424.0
 10
2139.0
 20
1424.0
 10
2139.0
 20
1493.0
 10
1849.0
 20
1493.0
  0
LWPOLYLINE
  5
199
330
17
100
AcDbEntity
  8
TUTORIAL_CUT
100
AcDbPolyline
 90
4
 70
1
 10
1552.0
 20
1424.0
 10
1842.0
 20
1424.0
 10
1842.0
 20
1493.0
 10
1552.0
 20
1493.0
  0
LWPOLYLINE
  5
19A
330
17
100
AcDbEntity
  8
TUTORIAL_CUT
100
AcDbPolyline
 90
4
 70
1
 10
1255.0
 20
1424.0
 10
1545.0
 20
1424.0
 10
1545.0
 20
1493.0
 10
1255.0
 20
1493.0
  0
LWPOLYLINE
  5
19B
330
17
100
AcDbEntity
  8
TUTORIAL_CUT
100
AcDbPolyline
 90
4
 70
1
 10
1000.0
 20
1424.0
 10
1248.0
 20
1424.0
 10
1248.0
 20
1493.0
 10
1000.0
 20
1493.0
  0
LWPOLYLINE
  5
19C
330
17
100
AcDbEntity
  8
TUTORIAL_CUT
100
AcDbPolyline
 90
4
 70
1
 10
958.0
 20
1424.0
 10
993.0
 20
1424.0
 10
993.0
 20
1506.0
 10
958.0
 20
1506.0
  0
LWPOLYLINE
  5
19D
330
17
100
AcDbEntity
  8
TUTORIAL_TILES
100
AcDbPolyline
 90
4
 70
1
 10
661.0
 20
1424.0
 10
951.0
 20
1424.0
 10
951.0
 20
1506.0
 10
661.0
 20
1506.0
  0
LWPOLYLINE
  5
19E
330
17
100
AcDbEntity
  8
TUTORIAL_TILES
100
AcDbPolyline
 90
4
 70
1
 10
364.0
 20
1424.0
 10
654.0
 20
1424.0
 10
654.0
 20
1506.0
 10
364.0
 20
1506.0
  0
LWPOLYLINE
  5
19F
330
17
100
AcDbEntity
  8
TUTORIAL_TILES
100
AcDbPolyline
 90
4
 70
1
 10
67.0
 20
1424.0
 10
357.0
 20
1424.0
 10
357.0
 20
1506.0
 10
67.0
 20
1506.0
  0
LWPOLYLINE
  5
1A0
330
17
100
AcDbEntity
  8
TUTORIAL_CUT
100
AcDbPolyline
 90
4
 70
1
 10
0.0
 20
1424.0
 10
60.0
 20
1424.0
 10
60.0
 20
1506.0
 10
0.0
 20
1506.0
  0
LWPOLYLINE
  5
1A1
330
17
100
AcDbEntity
  8
TUTORIAL_CUT
100
AcDbPolyline
 90
4
 70
1
 10
5858.5
 20
1513.0
 10
6000.0
 20
1513.0
 10
6000.0
 20
1595.0
 10
5858.5
 20
1595.0
  0
LWPOLYLINE
  5
1A2
330
17
100
AcDbEntity
  8
TUTORIAL_TILES
100
AcDbPolyline
 90
4
 70
1
 10
5561.5
 20
1513.0
 10
5851.5
 20
1513.0
 10
5851.5
 20
1595.0
 10
5561.5
 20
1595.0
  0
LWPOLYLINE
  5
1A3
330
17
100
AcDbEntity
  8
TUTORIAL_TILES
100
AcDbPolyline
 90
4
 70
1
 10
5264.5
 20
1513.0
 10
5554.5
 20
1513.0
 10
5554.5
 20
1595.0
 10
5264.5
 20
1595.0
  0
LWPOLYLINE
  5
1A4
330
17
100
AcDbEntity
  8
TUTORIAL_TILES
100
AcDbPolyline
 90
4
 70
1
 10
4967.5
 20
1513.0
 10
5257.5
 20
1513.0
 10
5257.5
 20
1595.0
 10
4967.5
 20
1595.0
  0
LWPOLYLINE
  5
1A5
330
17
100
AcDbEntity
  8
TUTORIAL_CUT
100
AcDbPolyline
 90
4
 70
1
 10
4807.0
 20
1513.0
 10
4960.5
 20
1513.0
 10
4960.5
 20
1595.0
 10
4807.0
 20
1595.0
  0
LWPOLYLINE
  5
1A6
330
17
100
AcDbEntity
  8
TUTORIAL_CUT
100
AcDbPolyline
 90
4
 70
1
 10
3482.5
 20
1513.0
 10
3593.0
 20
1513.0
 10
3593.0
 20
1595.0
 10
3482.5
 20
1595.0
  0
LWPOLYLINE
  5
1A7
330
17
100
AcDbEntity
  8
TUTORIAL_TILES
100
AcDbPolyline
 90
4
 70
1
 10
3185.5
 20
1513.0
 10
3475.5
 20
1513.0
 10
3475.5
 20
1595.0
 10
3185.5
 20
1595.0
  0
LWPOLYLINE
  5
1A8
330
17
100
AcDbEntity
  8
TUTORIAL_TILES
100
AcDbPolyline
 90
4
 70
1
 10
2888.5
 20
1513.0
 10
3178.5
 20
1513.0
 10
3178.5
 20
1595.0
 10
2888.5
 20
1595.0
  0
LWPOLYLINE
  5
1A9
330
17
100
AcDbEntity
  8
TUTORIAL_TILES
100
AcDbPolyline
 90
4
 70
1
 10
2591.5
 20
1513.0
 10
2881.5
 20
1513.0
 10
2881.5
 20
1595.0
 10
2591.5
 20
1595.0
  0
LWPOLYLINE
  5
1AA
330
17
100
AcDbEntity
  8
TUTORIAL_TILES
100
AcDbPolyline
 90
4
 70
1
 10
2294.5
 20
1513.0
 10
2584.5
 20
1513.0
 10
2584.5
 20
1595.0
 10
2294.5
 20
1595.0
  0
LWPOLYLINE
  5
1AB
330
17
100
AcDbEntity
  8
TUTORIAL_CUT
100
AcDbPolyline
 90
4
 70
1
 10
2207.0
 20
1513.0
 10
2287.5
 20
1513.0
 10
2287.5
 20
1595.0
 10
2207.0
 20
1595.0
  0
LWPOLYLINE
  5
1AC
330
17
100
AcDbEntity
  8
TUTORIAL_CUT
100
AcDbPolyline
 90
4
 70
1
 10
809.5
 20
1513.0
 10
993.0
 20
1513.0
 10
993.0
 20
1595.0
 10
809.5
 20
1595.0
  0
LWPOLYLINE
  5
1AD
330
17
100
AcDbEntity
  8
TUTORIAL_TILES
100
AcDbPolyline
 90
4
 70
1
 10
512.5
 20
1513.0
 10
802.5
 20
1513.0
 10
802.5
 20
1595.0
 10
512.5
 20
1595.0
  0
LWPOLYLINE
  5
1AE
330
17
100
AcDbEntity
  8
TUTORIAL_TILES
100
AcDbPolyline
 90
4
 70
1
 10
215.5
 20
1513.0
 10
505.5
 20
1513.0
 10
505.5
 20
1595.0
 10
215.5
 20
1595.0
  0
LWPOLYLINE
  5
1AF
330
17
100
AcDbEntity
  8
TUTORIAL_CUT
100
AcDbPolyline
 90
4
 70
1
 10
0.0
 20
1513.0
 10
208.5
 20
1513.0
 10
208.5
 20
1595.0
 10
0.0
 20
1595.0
  0
LWPOLYLINE
  5
1B0
330
17
100
AcDbEntity
  8
TUTORIAL_TILES
100
AcDbPolyline
 90
4
 70
1
 10
5710.0
 20
1602.0
 10
6000.0
 20
1602.0
 10
6000.0
 20
1684.0
 10
5710.0
 20
1684.0
  0
LWPOLYLINE
  5
1B1
330
17
100
AcDbEntity
  8
TUTORIAL_TILES
100
AcDbPolyline
 90
4
 70
1
 10
5413.0
 20
1602.0
 10
5703.0
 20
1602.0
 10
5703.0
 20
1684.0
 10
5413.0
 20
1684.0
  0
LWPOLYLINE
  5
1B2
330
17
100
AcDbEntity
  8
TUTORIAL_TILES
100
AcDbPolyline
 90
4
 70
1
 10
5116.0
 20
1602.0
 10
5406.0
 20
1602.0
 10
5406.0
 20
1684.0
 10
5116.0
 20
1684.0
  0
LWPOLYLINE
  5
1B3
330
17
100
AcDbEntity
  8
TUTORIAL_TILES
100
AcDbPolyline
 90
4
 70
1
 10
4819.0
 20
1602.0
 10
5109.0
 20
1602.0
 10
5109.0
 20
1684.0
 10
4819.0
 20
1684.0
  0
LWPOLYLINE
  5
1B4
330
17
100
AcDbEntity
  8
TUTORIAL_CUT
100
AcDbPolyline
 90
4
 70
1
 10
3334.0
 20
1602.0
 10
3593.0
 20
1602.0
 10
3593.0
 20
1684.0
 10
3334.0
 20
1684.0
  0
LWPOLYLINE
  5
1B5
330
17
100
AcDbEntity
  8
TUTORIAL_TILES
100
AcDbPolyline
 90
4
 70
1
 10
3037.0
 20
1602.0
 10
3327.0
 20
1602.0
 10
3327.0
 20
1684.0
 10
3037.0
 20
1684.0
  0
LWPOLYLINE
  5
1B6
330
17
100
AcDbEntity
  8
TUTORIAL_TILES
100
AcDbPolyline
 90
4
 70
1
 10
2740.0
 20
1602.0
 10
3030.0
 20
1602.0
 10
3030.0
 20
1684.0
 10
2740.0
 20
1684.0
  0
LWPOLYLINE
  5
1B7
330
17
100
AcDbEntity
  8
TUTORIAL_TILES
100
AcDbPolyline
 90
4
 70
1
 10
2443.0
 20
1602.0
 10
2733.0
 20
1602.0
 10
2733.0
 20
1684.0
 10
2443.0
 20
1684.0
  0
LWPOLYLINE
  5
1B8
330
17
100
AcDbEntity
  8
TUTORIAL_CUT
100
AcDbPolyline
 90
4
 70
1
 10
2207.0
 20
1602.0
 10
2436.0
 20
1602.0
 10
2436.0
 20
1684.0
 10
2207.0
 20
1684.0
  0
LWPOLYLINE
  5
1B9
330
17
100
AcDbEntity
  8
TUTORIAL_CUT
100
AcDbPolyline
 90
4
 70
1
 10
958.0
 20
1602.0
 10
993.0
 20
1602.0
 10
993.0
 20
1684.0
 10
958.0
 20
1684.0
  0
LWPOLYLINE
  5
1BA
330
17
100
AcDbEntity
  8
TUTORIAL_TILES
100
AcDbPolyline
 90
4
 70
1
 10
661.0
 20
1602.0
 10
951.0
 20
1602.0
 10
951.0
 20
1684.0
 10
661.0
 20
1684.0
  0
LWPOLYLINE
  5
1BB
330
17
100
AcDbEntity
  8
TUTORIAL_TILES
100
AcDbPolyline
 90
4
 70
1
 10
364.0
 20
1602.0
 10
654.0
 20
1602.0
 10
654.0
 20
1684.0
 10
364.0
 20
1684.0
  0
LWPOLYLINE
  5
1BC
330
17
100
AcDbEntity
  8
TUTORIAL_TILES
100
AcDbPolyline
 90
4
 70
1
 10
67.0
 20
1602.0
 10
357.0
 20
1602.0
 10
357.0
 20
1684.0
 10
67.0
 20
1684.0
  0
LWPOLYLINE
  5
1BD
330
17
100
AcDbEntity
  8
TUTORIAL_CUT
100
AcDbPolyline
 90
4
 70
1
 10
0.0
 20
1602.0
 10
60.0
 20
1602.0
 10
60.0
 20
1684.0
 10
0.0
 20
1684.0
  0
LWPOLYLINE
  5
1BE
330
17
100
AcDbEntity
  8
TUTORIAL_CUT
100
AcDbPolyline
 90
4
 70
1
 10
5858.5
 20
1691.0
 10
6000.0
 20
1691.0
 10
6000.0
 20
1773.0
 10
5858.5
 20
1773.0
  0
LWPOLYLINE
  5
1BF
330
17
100
AcDbEntity
  8
TUTORIAL_TILES
100
AcDbPolyline
 90
4
 70
1
 10
5561.5
 20
1691.0
 10
5851.5
 20
1691.0
 10
5851.5
 20
1773.0
 10
5561.5
 20
1773.0
  0
LWPOLYLINE
  5
1C0
330
17
100
AcDbEntity
  8
TUTORIAL_TILES
100
AcDbPolyline
 90
4
 70
1
 10
5264.5
 20
1691.0
 10
5554.5
 20
1691.0
 10
5554.5
 20
1773.0
 10
5264.5
 20
1773.0
  0
LWPOLYLINE
  5
1C1
330
17
100
AcDbEntity
  8
TUTORIAL_TILES
100
AcDbPolyline
 90
4
 70
1
 10
4967.5
 20
1691.0
 10
5257.5
 20
1691.0
 10
5257.5
 20
1773.0
 10
4967.5
 20
1773.0
  0
LWPOLYLINE
  5
1C2
330
17
100
AcDbEntity
  8
TUTORIAL_CUT
100
AcDbPolyline
 90
4
 70
1
 10
4807.0
 20
1691.0
 10
4960.5
 20
1691.0
 10
4960.5
 20
1773.0
 10
4807.0
 20
1773.0
  0
LWPOLYLINE
  5
1C3
330
17
100
AcDbEntity
  8
TUTORIAL_CUT
100
AcDbPolyline
 90
4
 70
1
 10
3482.5
 20
1691.0
 10
3593.0
 20
1691.0
 10
3593.0
 20
1773.0
 10
3482.5
 20
1773.0
  0
LWPOLYLINE
  5
1C4
330
17
100
AcDbEntity
  8
TUTORIAL_TILES
100
AcDbPolyline
 90
4
 70
1
 10
3185.5
 20
1691.0
 10
3475.5
 20
1691.0
 10
3475.5
 20
1773.0
 10
3185.5
 20
1773.0
  0
LWPOLYLINE
  5
1C5
330
17
100
AcDbEntity
  8
TUTORIAL_TILES
100
AcDbPolyline
 90
4
 70
1
 10
2888.5
 20
1691.0
 10
3178.5
 20
1691.0
 10
3178.5
 20
1773.0
 10
2888.5
 20
1773.0
  0
LWPOLYLINE
  5
1C6
330
17
100
AcDbEntity
  8
TUTORIAL_TILES
100
AcDbPolyline
 90
4
 70
1
 10
2591.5
 20
1691.0
 10
2881.5
 20
1691.0
 10
2881.5
 20
1773.0
 10
2591.5
 20
1773.0
  0
LWPOLYLINE
  5
1C7
330
17
100
AcDbEntity
  8
TUTORIAL_TILES
100
AcDbPolyline
 90
4
 70
1
 10
2294.5
 20
1691.0
 10
2584.5
 20
1691.0
 10
2584.5
 20
1773.0
 10
2294.5
 20
1773.0
  0
LWPOLYLINE
  5
1C8
330
17
100
AcDbEntity
  8
TUTORIAL_CUT
100
AcDbPolyline
 90
4
 70
1
 10
2207.0
 20
1691.0
 10
2287.5
 20
1691.0
 10
2287.5
 20
1773.0
 10
2207.0
 20
1773.0
  0
LWPOLYLINE
  5
1C9
330
17
100
AcDbEntity
  8
TUTORIAL_CUT
100
AcDbPolyline
 90
4
 70
1
 10
809.5
 20
1691.0
 10
993.0
 20
1691.0
 10
993.0
 20
1773.0
 10
809.5
 20
1773.0
  0
LWPOLYLINE
  5
1CA
330
17
100
AcDbEntity
  8
TUTORIAL_TILES
100
AcDbPolyline
 90
4
 70
1
 10
512.5
 20
1691.0
 10
802.5
 20
1691.0
 10
802.5
 20
1773.0
 10
512.5
 20
1773.0
  0
LWPOLYLINE
  5
1CB
330
17
100
AcDbEntity
  8
TUTORIAL_TILES
100
AcDbPolyline
 90
4
 70
1
 10
215.5
 20
1691.0
 10
505.5
 20
1691.0
 10
505.5
 20
1773.0
 10
215.5
 20
1773.0
  0
LWPOLYLINE
  5
1CC
330
17
100
AcDbEntity
  8
TUTORIAL_CUT
100
AcDbPolyline
 90
4
 70
1
 10
0.0
 20
1691.0
 10
208.5
 20
1691.0
 10
208.5
 20
1773.0
 10
0.0
 20
1773.0
  0
LWPOLYLINE
  5
1CD
330
17
100
AcDbEntity
  8
TUTORIAL_TILES
100
AcDbPolyline
 90
4
 70
1
 10
5710.0
 20
1780.0
 10
6000.0
 20
1780.0
 10
6000.0
 20
1862.0
 10
5710.0
 20
1862.0
  0
LWPOLYLINE
  5
1CE
330
17
100
AcDbEntity
  8
TUTORIAL_TILES
100
AcDbPolyline
 90
4
 70
1
 10
5413.0
 20
1780.0
 10
5703.0
 20
1780.0
 10
5703.0
 20
1862.0
 10
5413.0
 20
1862.0
  0
LWPOLYLINE
  5
1CF
330
17
100
AcDbEntity
  8
TUTORIAL_TILES
100
AcDbPolyline
 90
4
 70
1
 10
5116.0
 20
1780.0
 10
5406.0
 20
1780.0
 10
5406.0
 20
1862.0
 10
5116.0
 20
1862.0
  0
LWPOLYLINE
  5
1D0
330
17
100
AcDbEntity
  8
TUTORIAL_TILES
100
AcDbPolyline
 90
4
 70
1
 10
4819.0
 20
1780.0
 10
5109.0
 20
1780.0
 10
5109.0
 20
1862.0
 10
4819.0
 20
1862.0
  0
LWPOLYLINE
  5
1D1
330
17
100
AcDbEntity
  8
TUTORIAL_CUT
100
AcDbPolyline
 90
4
 70
1
 10
3334.0
 20
1780.0
 10
3593.0
 20
1780.0
 10
3593.0
 20
1862.0
 10
3334.0
 20
1862.0
  0
LWPOLYLINE
  5
1D2
330
17
100
AcDbEntity
  8
TUTORIAL_TILES
100
AcDbPolyline
 90
4
 70
1
 10
3037.0
 20
1780.0
 10
3327.0
 20
1780.0
 10
3327.0
 20
1862.0
 10
3037.0
 20
1862.0
  0
LWPOLYLINE
  5
1D3
330
17
100
AcDbEntity
  8
TUTORIAL_TILES
100
AcDbPolyline
 90
4
 70
1
 10
2740.0
 20
1780.0
 10
3030.0
 20
1780.0
 10
3030.0
 20
1862.0
 10
2740.0
 20
1862.0
  0
LWPOLYLINE
  5
1D4
330
17
100
AcDbEntity
  8
TUTORIAL_TILES
100
AcDbPolyline
 90
4
 70
1
 10
2443.0
 20
1780.0
 10
2733.0
 20
1780.0
 10
2733.0
 20
1862.0
 10
2443.0
 20
1862.0
  0
LWPOLYLINE
  5
1D5
330
17
100
AcDbEntity
  8
TUTORIAL_CUT
100
AcDbPolyline
 90
4
 70
1
 10
2207.0
 20
1780.0
 10
2436.0
 20
1780.0
 10
2436.0
 20
1862.0
 10
2207.0
 20
1862.0
  0
LWPOLYLINE
  5
1D6
330
17
100
AcDbEntity
  8
TUTORIAL_CUT
100
AcDbPolyline
 90
4
 70
1
 10
958.0
 20
1780.0
 10
993.0
 20
1780.0
 10
993.0
 20
1862.0
 10
958.0
 20
1862.0
  0
LWPOLYLINE
  5
1D7
330
17
100
AcDbEntity
  8
TUTORIAL_TILES
100
AcDbPolyline
 90
4
 70
1
 10
661.0
 20
1780.0
 10
951.0
 20
1780.0
 10
951.0
 20
1862.0
 10
661.0
 20
1862.0
  0
LWPOLYLINE
  5
1D8
330
17
100
AcDbEntity
  8
TUTORIAL_TILES
100
AcDbPolyline
 90
4
 70
1
 10
364.0
 20
1780.0
 10
654.0
 20
1780.0
 10
654.0
 20
1862.0
 10
364.0
 20
1862.0
  0
LWPOLYLINE
  5
1D9
330
17
100
AcDbEntity
  8
TUTORIAL_TILES
100
AcDbPolyline
 90
4
 70
1
 10
67.0
 20
1780.0
 10
357.0
 20
1780.0
 10
357.0
 20
1862.0
 10
67.0
 20
1862.0
  0
LWPOLYLINE
  5
1DA
330
17
100
AcDbEntity
  8
TUTORIAL_CUT
100
AcDbPolyline
 90
4
 70
1
 10
0.0
 20
1780.0
 10
60.0
 20
1780.0
 10
60.0
 20
1862.0
 10
0.0
 20
1862.0
  0
LWPOLYLINE
  5
1DB
330
17
100
AcDbEntity
  8
TUTORIAL_CUT
100
AcDbPolyline
 90
4
 70
1
 10
5858.5
 20
1869.0
 10
6000.0
 20
1869.0
 10
6000.0
 20
1951.0
 10
5858.5
 20
1951.0
  0
LWPOLYLINE
  5
1DC
330
17
100
AcDbEntity
  8
TUTORIAL_TILES
100
AcDbPolyline
 90
4
 70
1
 10
5561.5
 20
1869.0
 10
5851.5
 20
1869.0
 10
5851.5
 20
1951.0
 10
5561.5
 20
1951.0
  0
LWPOLYLINE
  5
1DD
330
17
100
AcDbEntity
  8
TUTORIAL_TILES
100
AcDbPolyline
 90
4
 70
1
 10
5264.5
 20
1869.0
 10
5554.5
 20
1869.0
 10
5554.5
 20
1951.0
 10
5264.5
 20
1951.0
  0
LWPOLYLINE
  5
1DE
330
17
100
AcDbEntity
  8
TUTORIAL_TILES
100
AcDbPolyline
 90
4
 70
1
 10
4967.5
 20
1869.0
 10
5257.5
 20
1869.0
 10
5257.5
 20
1951.0
 10
4967.5
 20
1951.0
  0
LWPOLYLINE
  5
1DF
330
17
100
AcDbEntity
  8
TUTORIAL_CUT
100
AcDbPolyline
 90
4
 70
1
 10
4807.0
 20
1869.0
 10
4960.5
 20
1869.0
 10
4960.5
 20
1951.0
 10
4807.0
 20
1951.0
  0
LWPOLYLINE
  5
1E0
330
17
100
AcDbEntity
  8
TUTORIAL_CUT
100
AcDbPolyline
 90
4
 70
1
 10
3482.5
 20
1869.0
 10
3593.0
 20
1869.0
 10
3593.0
 20
1951.0
 10
3482.5
 20
1951.0
  0
LWPOLYLINE
  5
1E1
330
17
100
AcDbEntity
  8
TUTORIAL_TILES
100
AcDbPolyline
 90
4
 70
1
 10
3185.5
 20
1869.0
 10
3475.5
 20
1869.0
 10
3475.5
 20
1951.0
 10
3185.5
 20
1951.0
  0
LWPOLYLINE
  5
1E2
330
17
100
AcDbEntity
  8
TUTORIAL_TILES
100
AcDbPolyline
 90
4
 70
1
 10
2888.5
 20
1869.0
 10
3178.5
 20
1869.0
 10
3178.5
 20
1951.0
 10
2888.5
 20
1951.0
  0
LWPOLYLINE
  5
1E3
330
17
100
AcDbEntity
  8
TUTORIAL_TILES
100
AcDbPolyline
 90
4
 70
1
 10
2591.5
 20
1869.0
 10
2881.5
 20
1869.0
 10
2881.5
 20
1951.0
 10
2591.5
 20
1951.0
  0
LWPOLYLINE
  5
1E4
330
17
100
AcDbEntity
  8
TUTORIAL_TILES
100
AcDbPolyline
 90
4
 70
1
 10
2294.5
 20
1869.0
 10
2584.5
 20
1869.0
 10
2584.5
 20
1951.0
 10
2294.5
 20
1951.0
  0
LWPOLYLINE
  5
1E5
330
17
100
AcDbEntity
  8
TUTORIAL_CUT
100
AcDbPolyline
 90
4
 70
1
 10
2207.0
 20
1869.0
 10
2287.5
 20
1869.0
 10
2287.5
 20
1951.0
 10
2207.0
 20
1951.0
  0
LWPOLYLINE
  5
1E6
330
17
100
AcDbEntity
  8
TUTORIAL_CUT
100
AcDbPolyline
 90
4
 70
1
 10
809.5
 20
1869.0
 10
993.0
 20
1869.0
 10
993.0
 20
1951.0
 10
809.5
 20
1951.0
  0
LWPOLYLINE
  5
1E7
330
17
100
AcDbEntity
  8
TUTORIAL_TILES
100
AcDbPolyline
 90
4
 70
1
 10
512.5
 20
1869.0
 10
802.5
 20
1869.0
 10
802.5
 20
1951.0
 10
512.5
 20
1951.0
  0
LWPOLYLINE
  5
1E8
330
17
100
AcDbEntity
  8
TUTORIAL_TILES
100
AcDbPolyline
 90
4
 70
1
 10
215.5
 20
1869.0
 10
505.5
 20
1869.0
 10
505.5
 20
1951.0
 10
215.5
 20
1951.0
  0
LWPOLYLINE
  5
1E9
330
17
100
AcDbEntity
  8
TUTORIAL_CUT
100
AcDbPolyline
 90
4
 70
1
 10
0.0
 20
1869.0
 10
208.5
 20
1869.0
 10
208.5
 20
1951.0
 10
0.0
 20
1951.0
  0
LWPOLYLINE
  5
1EA
330
17
100
AcDbEntity
  8
TUTORIAL_TILES
100
AcDbPolyline
 90
4
 70
1
 10
5710.0
 20
1958.0
 10
6000.0
 20
1958.0
 10
6000.0
 20
2040.0
 10
5710.0
 20
2040.0
  0
LWPOLYLINE
  5
1EB
330
17
100
AcDbEntity
  8
TUTORIAL_TILES
100
AcDbPolyline
 90
4
 70
1
 10
5413.0
 20
1958.0
 10
5703.0
 20
1958.0
 10
5703.0
 20
2040.0
 10
5413.0
 20
2040.0
  0
LWPOLYLINE
  5
1EC
330
17
100
AcDbEntity
  8
TUTORIAL_TILES
100
AcDbPolyline
 90
4
 70
1
 10
5116.0
 20
1958.0
 10
5406.0
 20
1958.0
 10
5406.0
 20
2040.0
 10
5116.0
 20
2040.0
  0
LWPOLYLINE
  5
1ED
330
17
100
AcDbEntity
  8
TUTORIAL_TILES
100
AcDbPolyline
 90
4
 70
1
 10
4819.0
 20
1958.0
 10
5109.0
 20
1958.0
 10
5109.0
 20
2040.0
 10
4819.0
 20
2040.0
  0
LWPOLYLINE
  5
1EE
330
17
100
AcDbEntity
  8
TUTORIAL_CUT
100
AcDbPolyline
 90
4
 70
1
 10
3334.0
 20
1958.0
 10
3593.0
 20
1958.0
 10
3593.0
 20
2040.0
 10
3334.0
 20
2040.0
  0
LWPOLYLINE
  5
1EF
330
17
100
AcDbEntity
  8
TUTORIAL_TILES
100
AcDbPolyline
 90
4
 70
1
 10
3037.0
 20
1958.0
 10
3327.0
 20
1958.0
 10
3327.0
 20
2040.0
 10
3037.0
 20
2040.0
  0
LWPOLYLINE
  5
1F0
330
17
100
AcDbEntity
  8
TUTORIAL_TILES
100
AcDbPolyline
 90
4
 70
1
 10
2740.0
 20
1958.0
 10
3030.0
 20
1958.0
 10
3030.0
 20
2040.0
 10
2740.0
 20
2040.0
  0
LWPOLYLINE
  5
1F1
330
17
100
AcDbEntity
  8
TUTORIAL_TILES
100
AcDbPolyline
 90
4
 70
1
 10
2443.0
 20
1958.0
 10
2733.0
 20
1958.0
 10
2733.0
 20
2040.0
 10
2443.0
 20
2040.0
  0
LWPOLYLINE
  5
1F2
330
17
100
AcDbEntity
  8
TUTORIAL_CUT
100
AcDbPolyline
 90
4
 70
1
 10
2207.0
 20
1958.0
 10
2436.0
 20
1958.0
 10
2436.0
 20
2040.0
 10
2207.0
 20
2040.0
  0
LWPOLYLINE
  5
1F3
330
17
100
AcDbEntity
  8
TUTORIAL_CUT
100
AcDbPolyline
 90
4
 70
1
 10
958.0
 20
1958.0
 10
993.0
 20
1958.0
 10
993.0
 20
2040.0
 10
958.0
 20
2040.0
  0
LWPOLYLINE
  5
1F4
330
17
100
AcDbEntity
  8
TUTORIAL_TILES
100
AcDbPolyline
 90
4
 70
1
 10
661.0
 20
1958.0
 10
951.0
 20
1958.0
 10
951.0
 20
2040.0
 10
661.0
 20
2040.0
  0
LWPOLYLINE
  5
1F5
330
17
100
AcDbEntity
  8
TUTORIAL_TILES
100
AcDbPolyline
 90
4
 70
1
 10
364.0
 20
1958.0
 10
654.0
 20
1958.0
 10
654.0
 20
2040.0
 10
364.0
 20
2040.0
  0
LWPOLYLINE
  5
1F6
330
17
100
AcDbEntity
  8
TUTORIAL_TILES
100
AcDbPolyline
 90
4
 70
1
 10
67.0
 20
1958.0
 10
357.0
 20
1958.0
 10
357.0
 20
2040.0
 10
67.0
 20
2040.0
  0
LWPOLYLINE
  5
1F7
330
17
100
AcDbEntity
  8
TUTORIAL_CUT
100
AcDbPolyline
 90
4
 70
1
 10
0.0
 20
1958.0
 10
60.0
 20
1958.0
 10
60.0
 20
2040.0
 10
0.0
 20
2040.0
  0
LWPOLYLINE
  5
1F8
330
17
100
AcDbEntity
  8
TUTORIAL_CUT
100
AcDbPolyline
 90
4
 70
1
 10
5858.5
 20
2047.0
 10
6000.0
 20
2047.0
 10
6000.0
 20
2129.0
 10
5858.5
 20
2129.0
  0
LWPOLYLINE
  5
1F9
330
17
100
AcDbEntity
  8
TUTORIAL_TILES
100
AcDbPolyline
 90
4
 70
1
 10
5561.5
 20
2047.0
 10
5851.5
 20
2047.0
 10
5851.5
 20
2129.0
 10
5561.5
 20
2129.0
  0
LWPOLYLINE
  5
1FA
330
17
100
AcDbEntity
  8
TUTORIAL_TILES
100
AcDbPolyline
 90
4
 70
1
 10
5264.5
 20
2047.0
 10
5554.5
 20
2047.0
 10
5554.5
 20
2129.0
 10
5264.5
 20
2129.0
  0
LWPOLYLINE
  5
1FB
330
17
100
AcDbEntity
  8
TUTORIAL_TILES
100
AcDbPolyline
 90
4
 70
1
 10
4967.5
 20
2047.0
 10
5257.5
 20
2047.0
 10
5257.5
 20
2129.0
 10
4967.5
 20
2129.0
  0
LWPOLYLINE
  5
1FC
330
17
100
AcDbEntity
  8
TUTORIAL_CUT
100
AcDbPolyline
 90
4
 70
1
 10
4807.0
 20
2047.0
 10
4960.5
 20
2047.0
 10
4960.5
 20
2129.0
 10
4807.0
 20
2129.0
  0
LWPOLYLINE
  5
1FD
330
17
100
AcDbEntity
  8
TUTORIAL_CUT
100
AcDbPolyline
 90
4
 70
1
 10
3482.5
 20
2047.0
 10
3593.0
 20
2047.0
 10
3593.0
 20
2129.0
 10
3482.5
 20
2129.0
  0
LWPOLYLINE
  5
1FE
330
17
100
AcDbEntity
  8
TUTORIAL_TILES
100
AcDbPolyline
 90
4
 70
1
 10
3185.5
 20
2047.0
 10
3475.5
 20
2047.0
 10
3475.5
 20
2129.0
 10
3185.5
 20
2129.0
  0
LWPOLYLINE
  5
1FF
330
17
100
AcDbEntity
  8
TUTORIAL_TILES
100
AcDbPolyline
 90
4
 70
1
 10
2888.5
 20
2047.0
 10
3178.5
 20
2047.0
 10
3178.5
 20
2129.0
 10
2888.5
 20
2129.0
  0
LWPOLYLINE
  5
200
330
17
100
AcDbEntity
  8
TUTORIAL_TILES
100
AcDbPolyline
 90
4
 70
1
 10
2591.5
 20
2047.0
 10
2881.5
 20
2047.0
 10
2881.5
 20
2129.0
 10
2591.5
 20
2129.0
  0
LWPOLYLINE
  5
201
330
17
100
AcDbEntity
  8
TUTORIAL_TILES
100
AcDbPolyline
 90
4
 70
1
 10
2294.5
 20
2047.0
 10
2584.5
 20
2047.0
 10
2584.5
 20
2129.0
 10
2294.5
 20
2129.0
  0
LWPOLYLINE
  5
202
330
17
100
AcDbEntity
  8
TUTORIAL_CUT
100
AcDbPolyline
 90
4
 70
1
 10
2207.0
 20
2047.0
 10
2287.5
 20
2047.0
 10
2287.5
 20
2129.0
 10
2207.0
 20
2129.0
  0
LWPOLYLINE
  5
203
330
17
100
AcDbEntity
  8
TUTORIAL_CUT
100
AcDbPolyline
 90
4
 70
1
 10
809.5
 20
2047.0
 10
993.0
 20
2047.0
 10
993.0
 20
2129.0
 10
809.5
 20
2129.0
  0
LWPOLYLINE
  5
204
330
17
100
AcDbEntity
  8
TUTORIAL_TILES
100
AcDbPolyline
 90
4
 70
1
 10
512.5
 20
2047.0
 10
802.5
 20
2047.0
 10
802.5
 20
2129.0
 10
512.5
 20
2129.0
  0
LWPOLYLINE
  5
205
330
17
100
AcDbEntity
  8
TUTORIAL_TILES
100
AcDbPolyline
 90
4
 70
1
 10
215.5
 20
2047.0
 10
505.5
 20
2047.0
 10
505.5
 20
2129.0
 10
215.5
 20
2129.0
  0
LWPOLYLINE
  5
206
330
17
100
AcDbEntity
  8
TUTORIAL_CUT
100
AcDbPolyline
 90
4
 70
1
 10
0.0
 20
2047.0
 10
208.5
 20
2047.0
 10
208.5
 20
2129.0
 10
0.0
 20
2129.0
  0
LWPOLYLINE
  5
207
330
17
100
AcDbEntity
  8
TUTORIAL_TILES
100
AcDbPolyline
 90
4
 70
1
 10
5710.0
 20
2136.0
 10
6000.0
 20
2136.0
 10
6000.0
 20
2218.0
 10
5710.0
 20
2218.0
  0
LWPOLYLINE
  5
208
330
17
100
AcDbEntity
  8
TUTORIAL_TILES
100
AcDbPolyline
 90
4
 70
1
 10
5413.0
 20
2136.0
 10
5703.0
 20
2136.0
 10
5703.0
 20
2218.0
 10
5413.0
 20
2218.0
  0
LWPOLYLINE
  5
209
330
17
100
AcDbEntity
  8
TUTORIAL_TILES
100
AcDbPolyline
 90
4
 70
1
 10
5116.0
 20
2136.0
 10
5406.0
 20
2136.0
 10
5406.0
 20
2218.0
 10
5116.0
 20
2218.0
  0
LWPOLYLINE
  5
20A
330
17
100
AcDbEntity
  8
TUTORIAL_TILES
100
AcDbPolyline
 90
4
 70
1
 10
4819.0
 20
2136.0
 10
5109.0
 20
2136.0
 10
5109.0
 20
2218.0
 10
4819.0
 20
2218.0
  0
LWPOLYLINE
  5
20B
330
17
100
AcDbEntity
  8
TUTORIAL_CUT
100
AcDbPolyline
 90
4
 70
1
 10
3334.0
 20
2136.0
 10
3593.0
 20
2136.0
 10
3593.0
 20
2218.0
 10
3334.0
 20
2218.0
  0
LWPOLYLINE
  5
20C
330
17
100
AcDbEntity
  8
TUTORIAL_TILES
100
AcDbPolyline
 90
4
 70
1
 10
3037.0
 20
2136.0
 10
3327.0
 20
2136.0
 10
3327.0
 20
2218.0
 10
3037.0
 20
2218.0
  0
LWPOLYLINE
  5
20D
330
17
100
AcDbEntity
  8
TUTORIAL_TILES
100
AcDbPolyline
 90
4
 70
1
 10
2740.0
 20
2136.0
 10
3030.0
 20
2136.0
 10
3030.0
 20
2218.0
 10
2740.0
 20
2218.0
  0
LWPOLYLINE
  5
20E
330
17
100
AcDbEntity
  8
TUTORIAL_TILES
100
AcDbPolyline
 90
4
 70
1
 10
2443.0
 20
2136.0
 10
2733.0
 20
2136.0
 10
2733.0
 20
2218.0
 10
2443.0
 20
2218.0
  0
LWPOLYLINE
  5
20F
330
17
100
AcDbEntity
  8
TUTORIAL_CUT
100
AcDbPolyline
 90
4
 70
1
 10
2207.0
 20
2136.0
 10
2436.0
 20
2136.0
 10
2436.0
 20
2218.0
 10
2207.0
 20
2218.0
  0
LWPOLYLINE
  5
210
330
17
100
AcDbEntity
  8
TUTORIAL_CUT
100
AcDbPolyline
 90
4
 70
1
 10
958.0
 20
2136.0
 10
993.0
 20
2136.0
 10
993.0
 20
2218.0
 10
958.0
 20
2218.0
  0
LWPOLYLINE
  5
211
330
17
100
AcDbEntity
  8
TUTORIAL_TILES
100
AcDbPolyline
 90
4
 70
1
 10
661.0
 20
2136.0
 10
951.0
 20
2136.0
 10
951.0
 20
2218.0
 10
661.0
 20
2218.0
  0
LWPOLYLINE
  5
212
330
17
100
AcDbEntity
  8
TUTORIAL_TILES
100
AcDbPolyline
 90
4
 70
1
 10
364.0
 20
2136.0
 10
654.0
 20
2136.0
 10
654.0
 20
2218.0
 10
364.0
 20
2218.0
  0
LWPOLYLINE
  5
213
330
17
100
AcDbEntity
  8
TUTORIAL_TILES
100
AcDbPolyline
 90
4
 70
1
 10
67.0
 20
2136.0
 10
357.0
 20
2136.0
 10
357.0
 20
2218.0
 10
67.0
 20
2218.0
  0
LWPOLYLINE
  5
214
330
17
100
AcDbEntity
  8
TUTORIAL_CUT
100
AcDbPolyline
 90
4
 70
1
 10
0.0
 20
2136.0
 10
60.0
 20
2136.0
 10
60.0
 20
2218.0
 10
0.0
 20
2218.0
  0
LWPOLYLINE
  5
215
330
17
100
AcDbEntity
  8
TUTORIAL_CUT
100
AcDbPolyline
 90
4
 70
1
 10
5858.5
 20
2225.0
 10
6000.0
 20
2225.0
 10
6000.0
 20
2307.0
 10
5858.5
 20
2307.0
  0
LWPOLYLINE
  5
216
330
17
100
AcDbEntity
  8
TUTORIAL_TILES
100
AcDbPolyline
 90
4
 70
1
 10
5561.5
 20
2225.0
 10
5851.5
 20
2225.0
 10
5851.5
 20
2307.0
 10
5561.5
 20
2307.0
  0
LWPOLYLINE
  5
217
330
17
100
AcDbEntity
  8
TUTORIAL_TILES
100
AcDbPolyline
 90
4
 70
1
 10
5264.5
 20
2225.0
 10
5554.5
 20
2225.0
 10
5554.5
 20
2307.0
 10
5264.5
 20
2307.0
  0
LWPOLYLINE
  5
218
330
17
100
AcDbEntity
  8
TUTORIAL_TILES
100
AcDbPolyline
 90
4
 70
1
 10
4967.5
 20
2225.0
 10
5257.5
 20
2225.0
 10
5257.5
 20
2307.0
 10
4967.5
 20
2307.0
  0
LWPOLYLINE
  5
219
330
17
100
AcDbEntity
  8
TUTORIAL_CUT
100
AcDbPolyline
 90
4
 70
1
 10
4807.0
 20
2225.0
 10
4960.5
 20
2225.0
 10
4960.5
 20
2307.0
 10
4807.0
 20
2307.0
  0
LWPOLYLINE
  5
21A
330
17
100
AcDbEntity
  8
TUTORIAL_CUT
100
AcDbPolyline
 90
4
 70
1
 10
3482.5
 20
2225.0
 10
3593.0
 20
2225.0
 10
3593.0
 20
2307.0
 10
3482.5
 20
2307.0
  0
LWPOLYLINE
  5
21B
330
17
100
AcDbEntity
  8
TUTORIAL_TILES
100
AcDbPolyline
 90
4
 70
1
 10
3185.5
 20
2225.0
 10
3475.5
 20
2225.0
 10
3475.5
 20
2307.0
 10
3185.5
 20
2307.0
  0
LWPOLYLINE
  5
21C
330
17
100
AcDbEntity
  8
TUTORIAL_TILES
100
AcDbPolyline
 90
4
 70
1
 10
2888.5
 20
2225.0
 10
3178.5
 20
2225.0
 10
3178.5
 20
2307.0
 10
2888.5
 20
2307.0
  0
LWPOLYLINE
  5
21D
330
17
100
AcDbEntity
  8
TUTORIAL_TILES
100
AcDbPolyline
 90
4
 70
1
 10
2591.5
 20
2225.0
 10
2881.5
 20
2225.0
 10
2881.5
 20
2307.0
 10
2591.5
 20
2307.0
  0
LWPOLYLINE
  5
21E
330
17
100
AcDbEntity
  8
TUTORIAL_TILES
100
AcDbPolyline
 90
4
 70
1
 10
2294.5
 20
2225.0
 10
2584.5
 20
2225.0
 10
2584.5
 20
2307.0
 10
2294.5
 20
2307.0
  0
LWPOLYLINE
  5
21F
330
17
100
AcDbEntity
  8
TUTORIAL_CUT
100
AcDbPolyline
 90
4
 70
1
 10
2207.0
 20
2225.0
 10
2287.5
 20
2225.0
 10
2287.5
 20
2307.0
 10
2207.0
 20
2307.0
  0
LWPOLYLINE
  5
220
330
17
100
AcDbEntity
  8
TUTORIAL_CUT
100
AcDbPolyline
 90
4
 70
1
 10
809.5
 20
2225.0
 10
993.0
 20
2225.0
 10
993.0
 20
2307.0
 10
809.5
 20
2307.0
  0
LWPOLYLINE
  5
221
330
17
100
AcDbEntity
  8
TUTORIAL_TILES
100
AcDbPolyline
 90
4
 70
1
 10
512.5
 20
2225.0
 10
802.5
 20
2225.0
 10
802.5
 20
2307.0
 10
512.5
 20
2307.0
  0
LWPOLYLINE
  5
222
330
17
100
AcDbEntity
  8
TUTORIAL_TILES
100
AcDbPolyline
 90
4
 70
1
 10
215.5
 20
2225.0
 10
505.5
 20
2225.0
 10
505.5
 20
2307.0
 10
215.5
 20
2307.0
  0
LWPOLYLINE
  5
223
330
17
100
AcDbEntity
  8
TUTORIAL_CUT
100
AcDbPolyline
 90
4
 70
1
 10
0.0
 20
2225.0
 10
208.5
 20
2225.0
 10
208.5
 20
2307.0
 10
0.0
 20
2307.0
  0
LWPOLYLINE
  5
224
330
17
100
AcDbEntity
  8
TUTORIAL_TILES
100
AcDbPolyline
 90
4
 70
1
 10
5710.0
 20
2314.0
 10
6000.0
 20
2314.0
 10
6000.0
 20
2396.0
 10
5710.0
 20
2396.0
  0
LWPOLYLINE
  5
225
330
17
100
AcDbEntity
  8
TUTORIAL_TILES
100
AcDbPolyline
 90
4
 70
1
 10
5413.0
 20
2314.0
 10
5703.0
 20
2314.0
 10
5703.0
 20
2396.0
 10
5413.0
 20
2396.0
  0
LWPOLYLINE
  5
226
330
17
100
AcDbEntity
  8
TUTORIAL_TILES
100
AcDbPolyline
 90
4
 70
1
 10
5116.0
 20
2314.0
 10
5406.0
 20
2314.0
 10
5406.0
 20
2396.0
 10
5116.0
 20
2396.0
  0
LWPOLYLINE
  5
227
330
17
100
AcDbEntity
  8
TUTORIAL_TILES
100
AcDbPolyline
 90
4
 70
1
 10
4819.0
 20
2314.0
 10
5109.0
 20
2314.0
 10
5109.0
 20
2396.0
 10
4819.0
 20
2396.0
  0
LWPOLYLINE
  5
228
330
17
100
AcDbEntity
  8
TUTORIAL_CUT
100
AcDbPolyline
 90
4
 70
1
 10
3334.0
 20
2314.0
 10
3593.0
 20
2314.0
 10
3593.0
 20
2396.0
 10
3334.0
 20
2396.0
  0
LWPOLYLINE
  5
229
330
17
100
AcDbEntity
  8
TUTORIAL_TILES
100
AcDbPolyline
 90
4
 70
1
 10
3037.0
 20
2314.0
 10
3327.0
 20
2314.0
 10
3327.0
 20
2396.0
 10
3037.0
 20
2396.0
  0
LWPOLYLINE
  5
22A
330
17
100
AcDbEntity
  8
TUTORIAL_TILES
100
AcDbPolyline
 90
4
 70
1
 10
2740.0
 20
2314.0
 10
3030.0
 20
2314.0
 10
3030.0
 20
2396.0
 10
2740.0
 20
2396.0
  0
LWPOLYLINE
  5
22B
330
17
100
AcDbEntity
  8
TUTORIAL_TILES
100
AcDbPolyline
 90
4
 70
1
 10
2443.0
 20
2314.0
 10
2733.0
 20
2314.0
 10
2733.0
 20
2396.0
 10
2443.0
 20
2396.0
  0
LWPOLYLINE
  5
22C
330
17
100
AcDbEntity
  8
TUTORIAL_CUT
100
AcDbPolyline
 90
4
 70
1
 10
2207.0
 20
2314.0
 10
2436.0
 20
2314.0
 10
2436.0
 20
2396.0
 10
2207.0
 20
2396.0
  0
LWPOLYLINE
  5
22D
330
17
100
AcDbEntity
  8
TUTORIAL_CUT
100
AcDbPolyline
 90
4
 70
1
 10
958.0
 20
2314.0
 10
993.0
 20
2314.0
 10
993.0
 20
2396.0
 10
958.0
 20
2396.0
  0
LWPOLYLINE
  5
22E
330
17
100
AcDbEntity
  8
TUTORIAL_TILES
100
AcDbPolyline
 90
4
 70
1
 10
661.0
 20
2314.0
 10
951.0
 20
2314.0
 10
951.0
 20
2396.0
 10
661.0
 20
2396.0
  0
LWPOLYLINE
  5
22F
330
17
100
AcDbEntity
  8
TUTORIAL_TILES
100
AcDbPolyline
 90
4
 70
1
 10
364.0
 20
2314.0
 10
654.0
 20
2314.0
 10
654.0
 20
2396.0
 10
364.0
 20
2396.0
  0
LWPOLYLINE
  5
230
330
17
100
AcDbEntity
  8
TUTORIAL_TILES
100
AcDbPolyline
 90
4
 70
1
 10
67.0
 20
2314.0
 10
357.0
 20
2314.0
 10
357.0
 20
2396.0
 10
67.0
 20
2396.0
  0
LWPOLYLINE
  5
231
330
17
100
AcDbEntity
  8
TUTORIAL_CUT
100
AcDbPolyline
 90
4
 70
1
 10
0.0
 20
2314.0
 10
60.0
 20
2314.0
 10
60.0
 20
2396.0
 10
0.0
 20
2396.0
  0
LWPOLYLINE
  5
232
330
17
100
AcDbEntity
  8
TUTORIAL_CUT
100
AcDbPolyline
 90
4
 70
1
 10
5858.5
 20
2403.0
 10
6000.0
 20
2403.0
 10
6000.0
 20
2485.0
 10
5858.5
 20
2485.0
  0
LWPOLYLINE
  5
233
330
17
100
AcDbEntity
  8
TUTORIAL_TILES
100
AcDbPolyline
 90
4
 70
1
 10
5561.5
 20
2403.0
 10
5851.5
 20
2403.0
 10
5851.5
 20
2485.0
 10
5561.5
 20
2485.0
  0
LWPOLYLINE
  5
234
330
17
100
AcDbEntity
  8
TUTORIAL_TILES
100
AcDbPolyline
 90
4
 70
1
 10
5264.5
 20
2403.0
 10
5554.5
 20
2403.0
 10
5554.5
 20
2485.0
 10
5264.5
 20
2485.0
  0
LWPOLYLINE
  5
235
330
17
100
AcDbEntity
  8
TUTORIAL_TILES
100
AcDbPolyline
 90
4
 70
1
 10
4967.5
 20
2403.0
 10
5257.5
 20
2403.0
 10
5257.5
 20
2485.0
 10
4967.5
 20
2485.0
  0
LWPOLYLINE
  5
236
330
17
100
AcDbEntity
  8
TUTORIAL_CUT
100
AcDbPolyline
 90
4
 70
1
 10
4807.0
 20
2403.0
 10
4960.5
 20
2403.0
 10
4960.5
 20
2485.0
 10
4807.0
 20
2485.0
  0
LWPOLYLINE
  5
237
330
17
100
AcDbEntity
  8
TUTORIAL_CUT
100
AcDbPolyline
 90
4
 70
1
 10
3482.5
 20
2403.0
 10
3593.0
 20
2403.0
 10
3593.0
 20
2485.0
 10
3482.5
 20
2485.0
  0
LWPOLYLINE
  5
238
330
17
100
AcDbEntity
  8
TUTORIAL_TILES
100
AcDbPolyline
 90
4
 70
1
 10
3185.5
 20
2403.0
 10
3475.5
 20
2403.0
 10
3475.5
 20
2485.0
 10
3185.5
 20
2485.0
  0
LWPOLYLINE
  5
239
330
17
100
AcDbEntity
  8
TUTORIAL_TILES
100
AcDbPolyline
 90
4
 70
1
 10
2888.5
 20
2403.0
 10
3178.5
 20
2403.0
 10
3178.5
 20
2485.0
 10
2888.5
 20
2485.0
  0
LWPOLYLINE
  5
23A
330
17
100
AcDbEntity
  8
TUTORIAL_TILES
100
AcDbPolyline
 90
4
 70
1
 10
2591.5
 20
2403.0
 10
2881.5
 20
2403.0
 10
2881.5
 20
2485.0
 10
2591.5
 20
2485.0
  0
LWPOLYLINE
  5
23B
330
17
100
AcDbEntity
  8
TUTORIAL_TILES
100
AcDbPolyline
 90
4
 70
1
 10
2294.5
 20
2403.0
 10
2584.5
 20
2403.0
 10
2584.5
 20
2485.0
 10
2294.5
 20
2485.0
  0
LWPOLYLINE
  5
23C
330
17
100
AcDbEntity
  8
TUTORIAL_CUT
100
AcDbPolyline
 90
4
 70
1
 10
2207.0
 20
2403.0
 10
2287.5
 20
2403.0
 10
2287.5
 20
2485.0
 10
2207.0
 20
2485.0
  0
LWPOLYLINE
  5
23D
330
17
100
AcDbEntity
  8
TUTORIAL_CUT
100
AcDbPolyline
 90
4
 70
1
 10
809.5
 20
2403.0
 10
993.0
 20
2403.0
 10
993.0
 20
2485.0
 10
809.5
 20
2485.0
  0
LWPOLYLINE
  5
23E
330
17
100
AcDbEntity
  8
TUTORIAL_TILES
100
AcDbPolyline
 90
4
 70
1
 10
512.5
 20
2403.0
 10
802.5
 20
2403.0
 10
802.5
 20
2485.0
 10
512.5
 20
2485.0
  0
LWPOLYLINE
  5
23F
330
17
100
AcDbEntity
  8
TUTORIAL_TILES
100
AcDbPolyline
 90
4
 70
1
 10
215.5
 20
2403.0
 10
505.5
 20
2403.0
 10
505.5
 20
2485.0
 10
215.5
 20
2485.0
  0
LWPOLYLINE
  5
240
330
17
100
AcDbEntity
  8
TUTORIAL_CUT
100
AcDbPolyline
 90
4
 70
1
 10
0.0
 20
2403.0
 10
208.5
 20
2403.0
 10
208.5
 20
2485.0
 10
0.0
 20
2485.0
  0
LWPOLYLINE
  5
241
330
17
100
AcDbEntity
  8
TUTORIAL_TILES
100
AcDbPolyline
 90
4
 70
1
 10
5710.0
 20
2492.0
 10
6000.0
 20
2492.0
 10
6000.0
 20
2574.0
 10
5710.0
 20
2574.0
  0
LWPOLYLINE
  5
242
330
17
100
AcDbEntity
  8
TUTORIAL_TILES
100
AcDbPolyline
 90
4
 70
1
 10
5413.0
 20
2492.0
 10
5703.0
 20
2492.0
 10
5703.0
 20
2574.0
 10
5413.0
 20
2574.0
  0
LWPOLYLINE
  5
243
330
17
100
AcDbEntity
  8
TUTORIAL_TILES
100
AcDbPolyline
 90
4
 70
1
 10
5116.0
 20
2492.0
 10
5406.0
 20
2492.0
 10
5406.0
 20
2574.0
 10
5116.0
 20
2574.0
  0
LWPOLYLINE
  5
244
330
17
100
AcDbEntity
  8
TUTORIAL_TILES
100
AcDbPolyline
 90
4
 70
1
 10
4819.0
 20
2492.0
 10
5109.0
 20
2492.0
 10
5109.0
 20
2574.0
 10
4819.0
 20
2574.0
  0
LWPOLYLINE
  5
245
330
17
100
AcDbEntity
  8
TUTORIAL_CUT
100
AcDbPolyline
 90
4
 70
1
 10
3334.0
 20
2492.0
 10
3593.0
 20
2492.0
 10
3593.0
 20
2574.0
 10
3334.0
 20
2574.0
  0
LWPOLYLINE
  5
246
330
17
100
AcDbEntity
  8
TUTORIAL_TILES
100
AcDbPolyline
 90
4
 70
1
 10
3037.0
 20
2492.0
 10
3327.0
 20
2492.0
 10
3327.0
 20
2574.0
 10
3037.0
 20
2574.0
  0
LWPOLYLINE
  5
247
330
17
100
AcDbEntity
  8
TUTORIAL_TILES
100
AcDbPolyline
 90
4
 70
1
 10
2740.0
 20
2492.0
 10
3030.0
 20
2492.0
 10
3030.0
 20
2574.0
 10
2740.0
 20
2574.0
  0
LWPOLYLINE
  5
248
330
17
100
AcDbEntity
  8
TUTORIAL_TILES
100
AcDbPolyline
 90
4
 70
1
 10
2443.0
 20
2492.0
 10
2733.0
 20
2492.0
 10
2733.0
 20
2574.0
 10
2443.0
 20
2574.0
  0
LWPOLYLINE
  5
249
330
17
100
AcDbEntity
  8
TUTORIAL_CUT
100
AcDbPolyline
 90
4
 70
1
 10
2207.0
 20
2492.0
 10
2436.0
 20
2492.0
 10
2436.0
 20
2574.0
 10
2207.0
 20
2574.0
  0
LWPOLYLINE
  5
24A
330
17
100
AcDbEntity
  8
TUTORIAL_CUT
100
AcDbPolyline
 90
4
 70
1
 10
958.0
 20
2492.0
 10
993.0
 20
2492.0
 10
993.0
 20
2574.0
 10
958.0
 20
2574.0
  0
LWPOLYLINE
  5
24B
330
17
100
AcDbEntity
  8
TUTORIAL_TILES
100
AcDbPolyline
 90
4
 70
1
 10
661.0
 20
2492.0
 10
951.0
 20
2492.0
 10
951.0
 20
2574.0
 10
661.0
 20
2574.0
  0
LWPOLYLINE
  5
24C
330
17
100
AcDbEntity
  8
TUTORIAL_TILES
100
AcDbPolyline
 90
4
 70
1
 10
364.0
 20
2492.0
 10
654.0
 20
2492.0
 10
654.0
 20
2574.0
 10
364.0
 20
2574.0
  0
LWPOLYLINE
  5
24D
330
17
100
AcDbEntity
  8
TUTORIAL_TILES
100
AcDbPolyline
 90
4
 70
1
 10
67.0
 20
2492.0
 10
357.0
 20
2492.0
 10
357.0
 20
2574.0
 10
67.0
 20
2574.0
  0
LWPOLYLINE
  5
24E
330
17
100
AcDbEntity
  8
TUTORIAL_CUT
100
AcDbPolyline
 90
4
 70
1
 10
0.0
 20
2492.0
 10
60.0
 20
2492.0
 10
60.0
 20
2574.0
 10
0.0
 20
2574.0
  0
LWPOLYLINE
  5
24F
330
17
100
AcDbEntity
  8
TUTORIAL_CUT
100
AcDbPolyline
 90
4
 70
1
 10
5858.5
 20
2581.0
 10
6000.0
 20
2581.0
 10
6000.0
 20
2663.0
 10
5858.5
 20
2663.0
  0
LWPOLYLINE
  5
250
330
17
100
AcDbEntity
  8
TUTORIAL_TILES
100
AcDbPolyline
 90
4
 70
1
 10
5561.5
 20
2581.0
 10
5851.5
 20
2581.0
 10
5851.5
 20
2663.0
 10
5561.5
 20
2663.0
  0
LWPOLYLINE
  5
251
330
17
100
AcDbEntity
  8
TUTORIAL_TILES
100
AcDbPolyline
 90
4
 70
1
 10
5264.5
 20
2581.0
 10
5554.5
 20
2581.0
 10
5554.5
 20
2663.0
 10
5264.5
 20
2663.0
  0
LWPOLYLINE
  5
252
330
17
100
AcDbEntity
  8
TUTORIAL_TILES
100
AcDbPolyline
 90
4
 70
1
 10
4967.5
 20
2581.0
 10
5257.5
 20
2581.0
 10
5257.5
 20
2663.0
 10
4967.5
 20
2663.0
  0
LWPOLYLINE
  5
253
330
17
100
AcDbEntity
  8
TUTORIAL_CUT
100
AcDbPolyline
 90
4
 70
1
 10
4807.0
 20
2581.0
 10
4960.5
 20
2581.0
 10
4960.5
 20
2663.0
 10
4807.0
 20
2663.0
  0
LWPOLYLINE
  5
254
330
17
100
AcDbEntity
  8
TUTORIAL_CUT
100
AcDbPolyline
 90
4
 70
1
 10
3482.5
 20
2581.0
 10
3593.0
 20
2581.0
 10
3593.0
 20
2663.0
 10
3482.5
 20
2663.0
  0
LWPOLYLINE
  5
255
330
17
100
AcDbEntity
  8
TUTORIAL_TILES
100
AcDbPolyline
 90
4
 70
1
 10
3185.5
 20
2581.0
 10
3475.5
 20
2581.0
 10
3475.5
 20
2663.0
 10
3185.5
 20
2663.0
  0
LWPOLYLINE
  5
256
330
17
100
AcDbEntity
  8
TUTORIAL_TILES
100
AcDbPolyline
 90
4
 70
1
 10
2888.5
 20
2581.0
 10
3178.5
 20
2581.0
 10
3178.5
 20
2663.0
 10
2888.5
 20
2663.0
  0
LWPOLYLINE
  5
257
330
17
100
AcDbEntity
  8
TUTORIAL_TILES
100
AcDbPolyline
 90
4
 70
1
 10
2591.5
 20
2581.0
 10
2881.5
 20
2581.0
 10
2881.5
 20
2663.0
 10
2591.5
 20
2663.0
  0
LWPOLYLINE
  5
258
330
17
100
AcDbEntity
  8
TUTORIAL_TILES
100
AcDbPolyline
 90
4
 70
1
 10
2294.5
 20
2581.0
 10
2584.5
 20
2581.0
 10
2584.5
 20
2663.0
 10
2294.5
 20
2663.0
  0
LWPOLYLINE
  5
259
330
17
100
AcDbEntity
  8
TUTORIAL_CUT
100
AcDbPolyline
 90
4
 70
1
 10
2207.0
 20
2581.0
 10
2287.5
 20
2581.0
 10
2287.5
 20
2663.0
 10
2207.0
 20
2663.0
  0
LWPOLYLINE
  5
25A
330
17
100
AcDbEntity
  8
TUTORIAL_CUT
100
AcDbPolyline
 90
4
 70
1
 10
809.5
 20
2581.0
 10
993.0
 20
2581.0
 10
993.0
 20
2663.0
 10
809.5
 20
2663.0
  0
LWPOLYLINE
  5
25B
330
17
100
AcDbEntity
  8
TUTORIAL_TILES
100
AcDbPolyline
 90
4
 70
1
 10
512.5
 20
2581.0
 10
802.5
 20
2581.0
 10
802.5
 20
2663.0
 10
512.5
 20
2663.0
  0
LWPOLYLINE
  5
25C
330
17
100
AcDbEntity
  8
TUTORIAL_TILES
100
AcDbPolyline
 90
4
 70
1
 10
215.5
 20
2581.0
 10
505.5
 20
2581.0
 10
505.5
 20
2663.0
 10
215.5
 20
2663.0
  0
LWPOLYLINE
  5
25D
330
17
100
AcDbEntity
  8
TUTORIAL_CUT
100
AcDbPolyline
 90
4
 70
1
 10
0.0
 20
2581.0
 10
208.5
 20
2581.0
 10
208.5
 20
2663.0
 10
0.0
 20
2663.0
  0
LWPOLYLINE
  5
25E
330
17
100
AcDbEntity
  8
TUTORIAL_TILES
100
AcDbPolyline
 90
4
 70
1
 10
5710.0
 20
2670.0
 10
6000.0
 20
2670.0
 10
6000.0
 20
2752.0
 10
5710.0
 20
2752.0
  0
LWPOLYLINE
  5
25F
330
17
100
AcDbEntity
  8
TUTORIAL_TILES
100
AcDbPolyline
 90
4
 70
1
 10
5413.0
 20
2670.0
 10
5703.0
 20
2670.0
 10
5703.0
 20
2752.0
 10
5413.0
 20
2752.0
  0
LWPOLYLINE
  5
260
330
17
100
AcDbEntity
  8
TUTORIAL_TILES
100
AcDbPolyline
 90
4
 70
1
 10
5116.0
 20
2670.0
 10
5406.0
 20
2670.0
 10
5406.0
 20
2752.0
 10
5116.0
 20
2752.0
  0
LWPOLYLINE
  5
261
330
17
100
AcDbEntity
  8
TUTORIAL_TILES
100
AcDbPolyline
 90
4
 70
1
 10
4819.0
 20
2670.0
 10
5109.0
 20
2670.0
 10
5109.0
 20
2752.0
 10
4819.0
 20
2752.0
  0
LWPOLYLINE
  5
262
330
17
100
AcDbEntity
  8
TUTORIAL_CUT
100
AcDbPolyline
 90
4
 70
1
 10
3334.0
 20
2670.0
 10
3593.0
 20
2670.0
 10
3593.0
 20
2752.0
 10
3334.0
 20
2752.0
  0
LWPOLYLINE
  5
263
330
17
100
AcDbEntity
  8
TUTORIAL_TILES
100
AcDbPolyline
 90
4
 70
1
 10
3037.0
 20
2670.0
 10
3327.0
 20
2670.0
 10
3327.0
 20
2752.0
 10
3037.0
 20
2752.0
  0
LWPOLYLINE
  5
264
330
17
100
AcDbEntity
  8
TUTORIAL_TILES
100
AcDbPolyline
 90
4
 70
1
 10
2740.0
 20
2670.0
 10
3030.0
 20
2670.0
 10
3030.0
 20
2752.0
 10
2740.0
 20
2752.0
  0
LWPOLYLINE
  5
265
330
17
100
AcDbEntity
  8
TUTORIAL_TILES
100
AcDbPolyline
 90
4
 70
1
 10
2443.0
 20
2670.0
 10
2733.0
 20
2670.0
 10
2733.0
 20
2752.0
 10
2443.0
 20
2752.0
  0
LWPOLYLINE
  5
266
330
17
100
AcDbEntity
  8
TUTORIAL_CUT
100
AcDbPolyline
 90
4
 70
1
 10
2207.0
 20
2670.0
 10
2436.0
 20
2670.0
 10
2436.0
 20
2752.0
 10
2207.0
 20
2752.0
  0
LWPOLYLINE
  5
267
330
17
100
AcDbEntity
  8
TUTORIAL_CUT
100
AcDbPolyline
 90
4
 70
1
 10
958.0
 20
2670.0
 10
993.0
 20
2670.0
 10
993.0
 20
2752.0
 10
958.0
 20
2752.0
  0
LWPOLYLINE
  5
268
330
17
100
AcDbEntity
  8
TUTORIAL_TILES
100
AcDbPolyline
 90
4
 70
1
 10
661.0
 20
2670.0
 10
951.0
 20
2670.0
 10
951.0
 20
2752.0
 10
661.0
 20
2752.0
  0
LWPOLYLINE
  5
269
330
17
100
AcDbEntity
  8
TUTORIAL_TILES
100
AcDbPolyline
 90
4
 70
1
 10
364.0
 20
2670.0
 10
654.0
 20
2670.0
 10
654.0
 20
2752.0
 10
364.0
 20
2752.0
  0
LWPOLYLINE
  5
26A
330
17
100
AcDbEntity
  8
TUTORIAL_TILES
100
AcDbPolyline
 90
4
 70
1
 10
67.0
 20
2670.0
 10
357.0
 20
2670.0
 10
357.0
 20
2752.0
 10
67.0
 20
2752.0
  0
LWPOLYLINE
  5
26B
330
17
100
AcDbEntity
  8
TUTORIAL_CUT
100
AcDbPolyline
 90
4
 70
1
 10
0.0
 20
2670.0
 10
60.0
 20
2670.0
 10
60.0
 20
2752.0
 10
0.0
 20
2752.0
  0
LWPOLYLINE
  5
26C
330
17
100
AcDbEntity
  8
TUTORIAL_CUT
100
AcDbPolyline
 90
4
 70
1
 10
5858.5
 20
2759.0
 10
6000.0
 20
2759.0
 10
6000.0
 20
2841.0
 10
5858.5
 20
2841.0
  0
LWPOLYLINE
  5
26D
330
17
100
AcDbEntity
  8
TUTORIAL_TILES
100
AcDbPolyline
 90
4
 70
1
 10
5561.5
 20
2759.0
 10
5851.5
 20
2759.0
 10
5851.5
 20
2841.0
 10
5561.5
 20
2841.0
  0
LWPOLYLINE
  5
26E
330
17
100
AcDbEntity
  8
TUTORIAL_TILES
100
AcDbPolyline
 90
4
 70
1
 10
5264.5
 20
2759.0
 10
5554.5
 20
2759.0
 10
5554.5
 20
2841.0
 10
5264.5
 20
2841.0
  0
LWPOLYLINE
  5
26F
330
17
100
AcDbEntity
  8
TUTORIAL_TILES
100
AcDbPolyline
 90
4
 70
1
 10
4967.5
 20
2759.0
 10
5257.5
 20
2759.0
 10
5257.5
 20
2841.0
 10
4967.5
 20
2841.0
  0
LWPOLYLINE
  5
270
330
17
100
AcDbEntity
  8
TUTORIAL_CUT
100
AcDbPolyline
 90
4
 70
1
 10
4807.0
 20
2759.0
 10
4960.5
 20
2759.0
 10
4960.5
 20
2841.0
 10
4807.0
 20
2841.0
  0
LWPOLYLINE
  5
271
330
17
100
AcDbEntity
  8
TUTORIAL_CUT
100
AcDbPolyline
 90
4
 70
1
 10
3482.5
 20
2759.0
 10
3593.0
 20
2759.0
 10
3593.0
 20
2841.0
 10
3482.5
 20
2841.0
  0
LWPOLYLINE
  5
272
330
17
100
AcDbEntity
  8
TUTORIAL_TILES
100
AcDbPolyline
 90
4
 70
1
 10
3185.5
 20
2759.0
 10
3475.5
 20
2759.0
 10
3475.5
 20
2841.0
 10
3185.5
 20
2841.0
  0
LWPOLYLINE
  5
273
330
17
100
AcDbEntity
  8
TUTORIAL_TILES
100
AcDbPolyline
 90
4
 70
1
 10
2888.5
 20
2759.0
 10
3178.5
 20
2759.0
 10
3178.5
 20
2841.0
 10
2888.5
 20
2841.0
  0
LWPOLYLINE
  5
274
330
17
100
AcDbEntity
  8
TUTORIAL_TILES
100
AcDbPolyline
 90
4
 70
1
 10
2591.5
 20
2759.0
 10
2881.5
 20
2759.0
 10
2881.5
 20
2841.0
 10
2591.5
 20
2841.0
  0
LWPOLYLINE
  5
275
330
17
100
AcDbEntity
  8
TUTORIAL_TILES
100
AcDbPolyline
 90
4
 70
1
 10
2294.5
 20
2759.0
 10
2584.5
 20
2759.0
 10
2584.5
 20
2841.0
 10
2294.5
 20
2841.0
  0
LWPOLYLINE
  5
276
330
17
100
AcDbEntity
  8
TUTORIAL_CUT
100
AcDbPolyline
 90
4
 70
1
 10
2207.0
 20
2759.0
 10
2287.5
 20
2759.0
 10
2287.5
 20
2841.0
 10
2207.0
 20
2841.0
  0
LWPOLYLINE
  5
277
330
17
100
AcDbEntity
  8
TUTORIAL_CUT
100
AcDbPolyline
 90
4
 70
1
 10
809.5
 20
2759.0
 10
993.0
 20
2759.0
 10
993.0
 20
2841.0
 10
809.5
 20
2841.0
  0
LWPOLYLINE
  5
278
330
17
100
AcDbEntity
  8
TUTORIAL_TILES
100
AcDbPolyline
 90
4
 70
1
 10
512.5
 20
2759.0
 10
802.5
 20
2759.0
 10
802.5
 20
2841.0
 10
512.5
 20
2841.0
  0
LWPOLYLINE
  5
279
330
17
100
AcDbEntity
  8
TUTORIAL_TILES
100
AcDbPolyline
 90
4
 70
1
 10
215.5
 20
2759.0
 10
505.5
 20
2759.0
 10
505.5
 20
2841.0
 10
215.5
 20
2841.0
  0
LWPOLYLINE
  5
27A
330
17
100
AcDbEntity
  8
TUTORIAL_CUT
100
AcDbPolyline
 90
4
 70
1
 10
0.0
 20
2759.0
 10
208.5
 20
2759.0
 10
208.5
 20
2841.0
 10
0.0
 20
2841.0
  0
LWPOLYLINE
  5
27B
330
17
100
AcDbEntity
  8
TUTORIAL_TILES
100
AcDbPolyline
 90
4
 70
1
 10
5710.0
 20
2848.0
 10
6000.0
 20
2848.0
 10
6000.0
 20
2930.0
 10
5710.0
 20
2930.0
  0
LWPOLYLINE
  5
27C
330
17
100
AcDbEntity
  8
TUTORIAL_TILES
100
AcDbPolyline
 90
4
 70
1
 10
5413.0
 20
2848.0
 10
5703.0
 20
2848.0
 10
5703.0
 20
2930.0
 10
5413.0
 20
2930.0
  0
LWPOLYLINE
  5
27D
330
17
100
AcDbEntity
  8
TUTORIAL_TILES
100
AcDbPolyline
 90
4
 70
1
 10
5116.0
 20
2848.0
 10
5406.0
 20
2848.0
 10
5406.0
 20
2930.0
 10
5116.0
 20
2930.0
  0
LWPOLYLINE
  5
27E
330
17
100
AcDbEntity
  8
TUTORIAL_TILES
100
AcDbPolyline
 90
4
 70
1
 10
4819.0
 20
2848.0
 10
5109.0
 20
2848.0
 10
5109.0
 20
2930.0
 10
4819.0
 20
2930.0
  0
LWPOLYLINE
  5
27F
330
17
100
AcDbEntity
  8
TUTORIAL_CUT
100
AcDbPolyline
 90
4
 70
1
 10
3334.0
 20
2848.0
 10
3593.0
 20
2848.0
 10
3593.0
 20
2930.0
 10
3334.0
 20
2930.0
  0
LWPOLYLINE
  5
280
330
17
100
AcDbEntity
  8
TUTORIAL_TILES
100
AcDbPolyline
 90
4
 70
1
 10
3037.0
 20
2848.0
 10
3327.0
 20
2848.0
 10
3327.0
 20
2930.0
 10
3037.0
 20
2930.0
  0
LWPOLYLINE
  5
281
330
17
100
AcDbEntity
  8
TUTORIAL_TILES
100
AcDbPolyline
 90
4
 70
1
 10
2740.0
 20
2848.0
 10
3030.0
 20
2848.0
 10
3030.0
 20
2930.0
 10
2740.0
 20
2930.0
  0
LWPOLYLINE
  5
282
330
17
100
AcDbEntity
  8
TUTORIAL_TILES
100
AcDbPolyline
 90
4
 70
1
 10
2443.0
 20
2848.0
 10
2733.0
 20
2848.0
 10
2733.0
 20
2930.0
 10
2443.0
 20
2930.0
  0
LWPOLYLINE
  5
283
330
17
100
AcDbEntity
  8
TUTORIAL_CUT
100
AcDbPolyline
 90
4
 70
1
 10
2207.0
 20
2848.0
 10
2436.0
 20
2848.0
 10
2436.0
 20
2930.0
 10
2207.0
 20
2930.0
  0
LWPOLYLINE
  5
284
330
17
100
AcDbEntity
  8
TUTORIAL_CUT
100
AcDbPolyline
 90
4
 70
1
 10
958.0
 20
2848.0
 10
993.0
 20
2848.0
 10
993.0
 20
2930.0
 10
958.0
 20
2930.0
  0
LWPOLYLINE
  5
285
330
17
100
AcDbEntity
  8
TUTORIAL_TILES
100
AcDbPolyline
 90
4
 70
1
 10
661.0
 20
2848.0
 10
951.0
 20
2848.0
 10
951.0
 20
2930.0
 10
661.0
 20
2930.0
  0
LWPOLYLINE
  5
286
330
17
100
AcDbEntity
  8
TUTORIAL_TILES
100
AcDbPolyline
 90
4
 70
1
 10
364.0
 20
2848.0
 10
654.0
 20
2848.0
 10
654.0
 20
2930.0
 10
364.0
 20
2930.0
  0
LWPOLYLINE
  5
287
330
17
100
AcDbEntity
  8
TUTORIAL_TILES
100
AcDbPolyline
 90
4
 70
1
 10
67.0
 20
2848.0
 10
357.0
 20
2848.0
 10
357.0
 20
2930.0
 10
67.0
 20
2930.0
  0
LWPOLYLINE
  5
288
330
17
100
AcDbEntity
  8
TUTORIAL_CUT
100
AcDbPolyline
 90
4
 70
1
 10
0.0
 20
2848.0
 10
60.0
 20
2848.0
 10
60.0
 20
2930.0
 10
0.0
 20
2930.0
  0
LWPOLYLINE
  5
289
330
17
100
AcDbEntity
  8
TUTORIAL_CUT
100
AcDbPolyline
 90
4
 70
1
 10
5858.5
 20
2937.0
 10
6000.0
 20
2937.0
 10
6000.0
 20
3019.0
 10
5858.5
 20
3019.0
  0
LWPOLYLINE
  5
28A
330
17
100
AcDbEntity
  8
TUTORIAL_TILES
100
AcDbPolyline
 90
4
 70
1
 10
5561.5
 20
2937.0
 10
5851.5
 20
2937.0
 10
5851.5
 20
3019.0
 10
5561.5
 20
3019.0
  0
LWPOLYLINE
  5
28B
330
17
100
AcDbEntity
  8
TUTORIAL_TILES
100
AcDbPolyline
 90
4
 70
1
 10
5264.5
 20
2937.0
 10
5554.5
 20
2937.0
 10
5554.5
 20
3019.0
 10
5264.5
 20
3019.0
  0
LWPOLYLINE
  5
28C
330
17
100
AcDbEntity
  8
TUTORIAL_TILES
100
AcDbPolyline
 90
4
 70
1
 10
4967.5
 20
2937.0
 10
5257.5
 20
2937.0
 10
5257.5
 20
3019.0
 10
4967.5
 20
3019.0
  0
LWPOLYLINE
  5
28D
330
17
100
AcDbEntity
  8
TUTORIAL_CUT
100
AcDbPolyline
 90
4
 70
1
 10
4807.0
 20
2937.0
 10
4960.5
 20
2937.0
 10
4960.5
 20
3019.0
 10
4807.0
 20
3019.0
  0
LWPOLYLINE
  5
28E
330
17
100
AcDbEntity
  8
TUTORIAL_CUT
100
AcDbPolyline
 90
4
 70
1
 10
4670.5
 20
3007.0
 10
4800.0
 20
3007.0
 10
4800.0
 20
3019.0
 10
4670.5
 20
3019.0
  0
LWPOLYLINE
  5
28F
330
17
100
AcDbEntity
  8
TUTORIAL_CUT
100
AcDbPolyline
 90
4
 70
1
 10
4373.5
 20
3007.0
 10
4663.5
 20
3007.0
 10
4663.5
 20
3019.0
 10
4373.5
 20
3019.0
  0
LWPOLYLINE
  5
290
330
17
100
AcDbEntity
  8
TUTORIAL_CUT
100
AcDbPolyline
 90
4
 70
1
 10
4076.5
 20
3007.0
 10
4366.5
 20
3007.0
 10
4366.5
 20
3019.0
 10
4076.5
 20
3019.0
  0
LWPOLYLINE
  5
291
330
17
100
AcDbEntity
  8
TUTORIAL_CUT
100
AcDbPolyline
 90
4
 70
1
 10
3779.5
 20
3007.0
 10
4069.5
 20
3007.0
 10
4069.5
 20
3019.0
 10
3779.5
 20
3019.0
  0
LWPOLYLINE
  5
292
330
17
100
AcDbEntity
  8
TUTORIAL_CUT
100
AcDbPolyline
 90
4
 70
1
 10
3482.5
 20
2937.0
 10
3593.0
 20
2937.0
 10
3593.0
 20
3019.0
 10
3482.5
 20
3019.0
  0
LWPOLYLINE
  5
293
330
17
100
AcDbEntity
  8
TUTORIAL_CUT
100
AcDbPolyline
 90
4
 70
1
 10
3600.0
 20
3007.0
 10
3772.5
 20
3007.0
 10
3772.5
 20
3019.0
 10
3600.0
 20
3019.0
  0
LWPOLYLINE
  5
294
330
17
100
AcDbEntity
  8
TUTORIAL_TILES
100
AcDbPolyline
 90
4
 70
1
 10
3185.5
 20
2937.0
 10
3475.5
 20
2937.0
 10
3475.5
 20
3019.0
 10
3185.5
 20
3019.0
  0
LWPOLYLINE
  5
295
330
17
100
AcDbEntity
  8
TUTORIAL_TILES
100
AcDbPolyline
 90
4
 70
1
 10
2888.5
 20
2937.0
 10
3178.5
 20
2937.0
 10
3178.5
 20
3019.0
 10
2888.5
 20
3019.0
  0
LWPOLYLINE
  5
296
330
17
100
AcDbEntity
  8
TUTORIAL_TILES
100
AcDbPolyline
 90
4
 70
1
 10
2591.5
 20
2937.0
 10
2881.5
 20
2937.0
 10
2881.5
 20
3019.0
 10
2591.5
 20
3019.0
  0
LWPOLYLINE
  5
297
330
17
100
AcDbEntity
  8
TUTORIAL_TILES
100
AcDbPolyline
 90
4
 70
1
 10
2294.5
 20
2937.0
 10
2584.5
 20
2937.0
 10
2584.5
 20
3019.0
 10
2294.5
 20
3019.0
  0
LWPOLYLINE
  5
298
330
17
100
AcDbEntity
  8
TUTORIAL_CUT
100
AcDbPolyline
 90
4
 70
1
 10
2207.0
 20
2937.0
 10
2287.5
 20
2937.0
 10
2287.5
 20
3019.0
 10
2207.0
 20
3019.0
  0
LWPOLYLINE
  5
299
330
17
100
AcDbEntity
  8
TUTORIAL_CUT
100
AcDbPolyline
 90
4
 70
1
 10
1997.5
 20
3007.0
 10
2200.0
 20
3007.0
 10
2200.0
 20
3019.0
 10
1997.5
 20
3019.0
  0
LWPOLYLINE
  5
29A
330
17
100
AcDbEntity
  8
TUTORIAL_CUT
100
AcDbPolyline
 90
4
 70
1
 10
1700.5
 20
3007.0
 10
1990.5
 20
3007.0
 10
1990.5
 20
3019.0
 10
1700.5
 20
3019.0
  0
LWPOLYLINE
  5
29B
330
17
100
AcDbEntity
  8
TUTORIAL_CUT
100
AcDbPolyline
 90
4
 70
1
 10
1403.5
 20
3007.0
 10
1693.5
 20
3007.0
 10
1693.5
 20
3019.0
 10
1403.5
 20
3019.0
  0
LWPOLYLINE
  5
29C
330
17
100
AcDbEntity
  8
TUTORIAL_CUT
100
AcDbPolyline
 90
4
 70
1
 10
1106.5
 20
3007.0
 10
1396.5
 20
3007.0
 10
1396.5
 20
3019.0
 10
1106.5
 20
3019.0
  0
LWPOLYLINE
  5
29D
330
17
100
AcDbEntity
  8
TUTORIAL_CUT
100
AcDbPolyline
 90
4
 70
1
 10
809.5
 20
2937.0
 10
993.0
 20
2937.0
 10
993.0
 20
3019.0
 10
809.5
 20
3019.0
  0
LWPOLYLINE
  5
29E
330
17
100
AcDbEntity
  8
TUTORIAL_CUT
100
AcDbPolyline
 90
4
 70
1
 10
1000.0
 20
3007.0
 10
1099.5
 20
3007.0
 10
1099.5
 20
3019.0
 10
1000.0
 20
3019.0
  0
LWPOLYLINE
  5
29F
330
17
100
AcDbEntity
  8
TUTORIAL_TILES
100
AcDbPolyline
 90
4
 70
1
 10
512.5
 20
2937.0
 10
802.5
 20
2937.0
 10
802.5
 20
3019.0
 10
512.5
 20
3019.0
  0
LWPOLYLINE
  5
2A0
330
17
100
AcDbEntity
  8
TUTORIAL_TILES
100
AcDbPolyline
 90
4
 70
1
 10
215.5
 20
2937.0
 10
505.5
 20
2937.0
 10
505.5
 20
3019.0
 10
215.5
 20
3019.0
  0
LWPOLYLINE
  5
2A1
330
17
100
AcDbEntity
  8
TUTORIAL_CUT
100
AcDbPolyline
 90
4
 70
1
 10
0.0
 20
2937.0
 10
208.5
 20
2937.0
 10
208.5
 20
3019.0
 10
0.0
 20
3019.0
  0
LWPOLYLINE
  5
2A2
330
17
100
AcDbEntity
  8
TUTORIAL_TILES
100
AcDbPolyline
 90
4
 70
1
 10
5710.0
 20
3026.0
 10
6000.0
 20
3026.0
 10
6000.0
 20
3108.0
 10
5710.0
 20
3108.0
  0
LWPOLYLINE
  5
2A3
330
17
100
AcDbEntity
  8
TUTORIAL_TILES
100
AcDbPolyline
 90
4
 70
1
 10
5413.0
 20
3026.0
 10
5703.0
 20
3026.0
 10
5703.0
 20
3108.0
 10
5413.0
 20
3108.0
  0
LWPOLYLINE
  5
2A4
330
17
100
AcDbEntity
  8
TUTORIAL_TILES
100
AcDbPolyline
 90
4
 70
1
 10
5116.0
 20
3026.0
 10
5406.0
 20
3026.0
 10
5406.0
 20
3108.0
 10
5116.0
 20
3108.0
  0
LWPOLYLINE
  5
2A5
330
17
100
AcDbEntity
  8
TUTORIAL_TILES
100
AcDbPolyline
 90
4
 70
1
 10
4819.0
 20
3026.0
 10
5109.0
 20
3026.0
 10
5109.0
 20
3108.0
 10
4819.0
 20
3108.0
  0
LWPOLYLINE
  5
2A6
330
17
100
AcDbEntity
  8
TUTORIAL_TILES
100
AcDbPolyline
 90
4
 70
1
 10
4522.0
 20
3026.0
 10
4812.0
 20
3026.0
 10
4812.0
 20
3108.0
 10
4522.0
 20
3108.0
  0
LWPOLYLINE
  5
2A7
330
17
100
AcDbEntity
  8
TUTORIAL_TILES
100
AcDbPolyline
 90
4
 70
1
 10
4225.0
 20
3026.0
 10
4515.0
 20
3026.0
 10
4515.0
 20
3108.0
 10
4225.0
 20
3108.0
  0
LWPOLYLINE
  5
2A8
330
17
100
AcDbEntity
  8
TUTORIAL_TILES
100
AcDbPolyline
 90
4
 70
1
 10
3928.0
 20
3026.0
 10
4218.0
 20
3026.0
 10
4218.0
 20
3108.0
 10
3928.0
 20
3108.0
  0
LWPOLYLINE
  5
2A9
330
17
100
AcDbEntity
  8
TUTORIAL_TILES
100
AcDbPolyline
 90
4
 70
1
 10
3631.0
 20
3026.0
 10
3921.0
 20
3026.0
 10
3921.0
 20
3108.0
 10
3631.0
 20
3108.0
  0
LWPOLYLINE
  5
2AA
330
17
100
AcDbEntity
  8
TUTORIAL_TILES
100
AcDbPolyline
 90
4
 70
1
 10
3334.0
 20
3026.0
 10
3624.0
 20
3026.0
 10
3624.0
 20
3108.0
 10
3334.0
 20
3108.0
  0
LWPOLYLINE
  5
2AB
330
17
100
AcDbEntity
  8
TUTORIAL_TILES
100
AcDbPolyline
 90
4
 70
1
 10
3037.0
 20
3026.0
 10
3327.0
 20
3026.0
 10
3327.0
 20
3108.0
 10
3037.0
 20
3108.0
  0
LWPOLYLINE
  5
2AC
330
17
100
AcDbEntity
  8
TUTORIAL_TILES
100
AcDbPolyline
 90
4
 70
1
 10
2740.0
 20
3026.0
 10
3030.0
 20
3026.0
 10
3030.0
 20
3108.0
 10
2740.0
 20
3108.0
  0
LWPOLYLINE
  5
2AD
330
17
100
AcDbEntity
  8
TUTORIAL_TILES
100
AcDbPolyline
 90
4
 70
1
 10
2443.0
 20
3026.0
 10
2733.0
 20
3026.0
 10
2733.0
 20
3108.0
 10
2443.0
 20
3108.0
  0
LWPOLYLINE
  5
2AE
330
17
100
AcDbEntity
  8
TUTORIAL_TILES
100
AcDbPolyline
 90
4
 70
1
 10
2146.0
 20
3026.0
 10
2436.0
 20
3026.0
 10
2436.0
 20
3108.0
 10
2146.0
 20
3108.0
  0
LWPOLYLINE
  5
2AF
330
17
100
AcDbEntity
  8
TUTORIAL_TILES
100
AcDbPolyline
 90
4
 70
1
 10
1849.0
 20
3026.0
 10
2139.0
 20
3026.0
 10
2139.0
 20
3108.0
 10
1849.0
 20
3108.0
  0
LWPOLYLINE
  5
2B0
330
17
100
AcDbEntity
  8
TUTORIAL_TILES
100
AcDbPolyline
 90
4
 70
1
 10
1552.0
 20
3026.0
 10
1842.0
 20
3026.0
 10
1842.0
 20
3108.0
 10
1552.0
 20
3108.0
  0
LWPOLYLINE
  5
2B1
330
17
100
AcDbEntity
  8
TUTORIAL_TILES
100
AcDbPolyline
 90
4
 70
1
 10
1255.0
 20
3026.0
 10
1545.0
 20
3026.0
 10
1545.0
 20
3108.0
 10
1255.0
 20
3108.0
  0
LWPOLYLINE
  5
2B2
330
17
100
AcDbEntity
  8
TUTORIAL_TILES
100
AcDbPolyline
 90
4
 70
1
 10
958.0
 20
3026.0
 10
1248.0
 20
3026.0
 10
1248.0
 20
3108.0
 10
958.0
 20
3108.0
  0
LWPOLYLINE
  5
2B3
330
17
100
AcDbEntity
  8
TUTORIAL_TILES
100
AcDbPolyline
 90
4
 70
1
 10
661.0
 20
3026.0
 10
951.0
 20
3026.0
 10
951.0
 20
3108.0
 10
661.0
 20
3108.0
  0
LWPOLYLINE
  5
2B4
330
17
100
AcDbEntity
  8
TUTORIAL_TILES
100
AcDbPolyline
 90
4
 70
1
 10
364.0
 20
3026.0
 10
654.0
 20
3026.0
 10
654.0
 20
3108.0
 10
364.0
 20
3108.0
  0
LWPOLYLINE
  5
2B5
330
17
100
AcDbEntity
  8
TUTORIAL_TILES
100
AcDbPolyline
 90
4
 70
1
 10
67.0
 20
3026.0
 10
357.0
 20
3026.0
 10
357.0
 20
3108.0
 10
67.0
 20
3108.0
  0
LWPOLYLINE
  5
2B6
330
17
100
AcDbEntity
  8
TUTORIAL_CUT
100
AcDbPolyline
 90
4
 70
1
 10
0.0
 20
3026.0
 10
60.0
 20
3026.0
 10
60.0
 20
3108.0
 10
0.0
 20
3108.0
  0
LWPOLYLINE
  5
2B7
330
17
100
AcDbEntity
  8
TUTORIAL_CUT
100
AcDbPolyline
 90
4
 70
1
 10
5858.5
 20
3115.0
 10
6000.0
 20
3115.0
 10
6000.0
 20
3197.0
 10
5858.5
 20
3197.0
  0
LWPOLYLINE
  5
2B8
330
17
100
AcDbEntity
  8
TUTORIAL_TILES
100
AcDbPolyline
 90
4
 70
1
 10
5561.5
 20
3115.0
 10
5851.5
 20
3115.0
 10
5851.5
 20
3197.0
 10
5561.5
 20
3197.0
  0
LWPOLYLINE
  5
2B9
330
17
100
AcDbEntity
  8
TUTORIAL_TILES
100
AcDbPolyline
 90
4
 70
1
 10
5264.5
 20
3115.0
 10
5554.5
 20
3115.0
 10
5554.5
 20
3197.0
 10
5264.5
 20
3197.0
  0
LWPOLYLINE
  5
2BA
330
17
100
AcDbEntity
  8
TUTORIAL_TILES
100
AcDbPolyline
 90
4
 70
1
 10
4967.5
 20
3115.0
 10
5257.5
 20
3115.0
 10
5257.5
 20
3197.0
 10
4967.5
 20
3197.0
  0
LWPOLYLINE
  5
2BB
330
17
100
AcDbEntity
  8
TUTORIAL_TILES
100
AcDbPolyline
 90
4
 70
1
 10
4670.5
 20
3115.0
 10
4960.5
 20
3115.0
 10
4960.5
 20
3197.0
 10
4670.5
 20
3197.0
  0
LWPOLYLINE
  5
2BC
330
17
100
AcDbEntity
  8
TUTORIAL_TILES
100
AcDbPolyline
 90
4
 70
1
 10
4373.5
 20
3115.0
 10
4663.5
 20
3115.0
 10
4663.5
 20
3197.0
 10
4373.5
 20
3197.0
  0
LWPOLYLINE
  5
2BD
330
17
100
AcDbEntity
  8
TUTORIAL_TILES
100
AcDbPolyline
 90
4
 70
1
 10
4076.5
 20
3115.0
 10
4366.5
 20
3115.0
 10
4366.5
 20
3197.0
 10
4076.5
 20
3197.0
  0
LWPOLYLINE
  5
2BE
330
17
100
AcDbEntity
  8
TUTORIAL_TILES
100
AcDbPolyline
 90
4
 70
1
 10
3779.5
 20
3115.0
 10
4069.5
 20
3115.0
 10
4069.5
 20
3197.0
 10
3779.5
 20
3197.0
  0
LWPOLYLINE
  5
2BF
330
17
100
AcDbEntity
  8
TUTORIAL_TILES
100
AcDbPolyline
 90
4
 70
1
 10
3482.5
 20
3115.0
 10
3772.5
 20
3115.0
 10
3772.5
 20
3197.0
 10
3482.5
 20
3197.0
  0
LWPOLYLINE
  5
2C0
330
17
100
AcDbEntity
  8
TUTORIAL_TILES
100
AcDbPolyline
 90
4
 70
1
 10
3185.5
 20
3115.0
 10
3475.5
 20
3115.0
 10
3475.5
 20
3197.0
 10
3185.5
 20
3197.0
  0
LWPOLYLINE
  5
2C1
330
17
100
AcDbEntity
  8
TUTORIAL_TILES
100
AcDbPolyline
 90
4
 70
1
 10
2888.5
 20
3115.0
 10
3178.5
 20
3115.0
 10
3178.5
 20
3197.0
 10
2888.5
 20
3197.0
  0
LWPOLYLINE
  5
2C2
330
17
100
AcDbEntity
  8
TUTORIAL_TILES
100
AcDbPolyline
 90
4
 70
1
 10
2591.5
 20
3115.0
 10
2881.5
 20
3115.0
 10
2881.5
 20
3197.0
 10
2591.5
 20
3197.0
  0
LWPOLYLINE
  5
2C3
330
17
100
AcDbEntity
  8
TUTORIAL_TILES
100
AcDbPolyline
 90
4
 70
1
 10
2294.5
 20
3115.0
 10
2584.5
 20
3115.0
 10
2584.5
 20
3197.0
 10
2294.5
 20
3197.0
  0
LWPOLYLINE
  5
2C4
330
17
100
AcDbEntity
  8
TUTORIAL_TILES
100
AcDbPolyline
 90
4
 70
1
 10
1997.5
 20
3115.0
 10
2287.5
 20
3115.0
 10
2287.5
 20
3197.0
 10
1997.5
 20
3197.0
  0
LWPOLYLINE
  5
2C5
330
17
100
AcDbEntity
  8
TUTORIAL_TILES
100
AcDbPolyline
 90
4
 70
1
 10
1700.5
 20
3115.0
 10
1990.5
 20
3115.0
 10
1990.5
 20
3197.0
 10
1700.5
 20
3197.0
  0
LWPOLYLINE
  5
2C6
330
17
100
AcDbEntity
  8
TUTORIAL_TILES
100
AcDbPolyline
 90
4
 70
1
 10
1403.5
 20
3115.0
 10
1693.5
 20
3115.0
 10
1693.5
 20
3197.0
 10
1403.5
 20
3197.0
  0
LWPOLYLINE
  5
2C7
330
17
100
AcDbEntity
  8
TUTORIAL_TILES
100
AcDbPolyline
 90
4
 70
1
 10
1106.5
 20
3115.0
 10
1396.5
 20
3115.0
 10
1396.5
 20
3197.0
 10
1106.5
 20
3197.0
  0
LWPOLYLINE
  5
2C8
330
17
100
AcDbEntity
  8
TUTORIAL_TILES
100
AcDbPolyline
 90
4
 70
1
 10
809.5
 20
3115.0
 10
1099.5
 20
3115.0
 10
1099.5
 20
3197.0
 10
809.5
 20
3197.0
  0
LWPOLYLINE
  5
2C9
330
17
100
AcDbEntity
  8
TUTORIAL_TILES
100
AcDbPolyline
 90
4
 70
1
 10
512.5
 20
3115.0
 10
802.5
 20
3115.0
 10
802.5
 20
3197.0
 10
512.5
 20
3197.0
  0
LWPOLYLINE
  5
2CA
330
17
100
AcDbEntity
  8
TUTORIAL_TILES
100
AcDbPolyline
 90
4
 70
1
 10
215.5
 20
3115.0
 10
505.5
 20
3115.0
 10
505.5
 20
3197.0
 10
215.5
 20
3197.0
  0
LWPOLYLINE
  5
2CB
330
17
100
AcDbEntity
  8
TUTORIAL_CUT
100
AcDbPolyline
 90
4
 70
1
 10
0.0
 20
3115.0
 10
208.5
 20
3115.0
 10
208.5
 20
3197.0
 10
0.0
 20
3197.0
  0
LWPOLYLINE
  5
2CC
330
17
100
AcDbEntity
  8
TUTORIAL_TILES
100
AcDbPolyline
 90
4
 70
1
 10
5710.0
 20
3204.0
 10
6000.0
 20
3204.0
 10
6000.0
 20
3286.0
 10
5710.0
 20
3286.0
  0
LWPOLYLINE
  5
2CD
330
17
100
AcDbEntity
  8
TUTORIAL_TILES
100
AcDbPolyline
 90
4
 70
1
 10
5413.0
 20
3204.0
 10
5703.0
 20
3204.0
 10
5703.0
 20
3286.0
 10
5413.0
 20
3286.0
  0
LWPOLYLINE
  5
2CE
330
17
100
AcDbEntity
  8
TUTORIAL_TILES
100
AcDbPolyline
 90
4
 70
1
 10
5116.0
 20
3204.0
 10
5406.0
 20
3204.0
 10
5406.0
 20
3286.0
 10
5116.0
 20
3286.0
  0
LWPOLYLINE
  5
2CF
330
17
100
AcDbEntity
  8
TUTORIAL_TILES
100
AcDbPolyline
 90
4
 70
1
 10
4819.0
 20
3204.0
 10
5109.0
 20
3204.0
 10
5109.0
 20
3286.0
 10
4819.0
 20
3286.0
  0
LWPOLYLINE
  5
2D0
330
17
100
AcDbEntity
  8
TUTORIAL_TILES
100
AcDbPolyline
 90
4
 70
1
 10
4522.0
 20
3204.0
 10
4812.0
 20
3204.0
 10
4812.0
 20
3286.0
 10
4522.0
 20
3286.0
  0
LWPOLYLINE
  5
2D1
330
17
100
AcDbEntity
  8
TUTORIAL_TILES
100
AcDbPolyline
 90
4
 70
1
 10
4225.0
 20
3204.0
 10
4515.0
 20
3204.0
 10
4515.0
 20
3286.0
 10
4225.0
 20
3286.0
  0
LWPOLYLINE
  5
2D2
330
17
100
AcDbEntity
  8
TUTORIAL_TILES
100
AcDbPolyline
 90
4
 70
1
 10
3928.0
 20
3204.0
 10
4218.0
 20
3204.0
 10
4218.0
 20
3286.0
 10
3928.0
 20
3286.0
  0
LWPOLYLINE
  5
2D3
330
17
100
AcDbEntity
  8
TUTORIAL_TILES
100
AcDbPolyline
 90
4
 70
1
 10
3631.0
 20
3204.0
 10
3921.0
 20
3204.0
 10
3921.0
 20
3286.0
 10
3631.0
 20
3286.0
  0
LWPOLYLINE
  5
2D4
330
17
100
AcDbEntity
  8
TUTORIAL_TILES
100
AcDbPolyline
 90
4
 70
1
 10
3334.0
 20
3204.0
 10
3624.0
 20
3204.0
 10
3624.0
 20
3286.0
 10
3334.0
 20
3286.0
  0
LWPOLYLINE
  5
2D5
330
17
100
AcDbEntity
  8
TUTORIAL_TILES
100
AcDbPolyline
 90
4
 70
1
 10
3037.0
 20
3204.0
 10
3327.0
 20
3204.0
 10
3327.0
 20
3286.0
 10
3037.0
 20
3286.0
  0
LWPOLYLINE
  5
2D6
330
17
100
AcDbEntity
  8
TUTORIAL_TILES
100
AcDbPolyline
 90
4
 70
1
 10
2740.0
 20
3204.0
 10
3030.0
 20
3204.0
 10
3030.0
 20
3286.0
 10
2740.0
 20
3286.0
  0
LWPOLYLINE
  5
2D7
330
17
100
AcDbEntity
  8
TUTORIAL_TILES
100
AcDbPolyline
 90
4
 70
1
 10
2443.0
 20
3204.0
 10
2733.0
 20
3204.0
 10
2733.0
 20
3286.0
 10
2443.0
 20
3286.0
  0
LWPOLYLINE
  5
2D8
330
17
100
AcDbEntity
  8
TUTORIAL_TILES
100
AcDbPolyline
 90
4
 70
1
 10
2146.0
 20
3204.0
 10
2436.0
 20
3204.0
 10
2436.0
 20
3286.0
 10
2146.0
 20
3286.0
  0
LWPOLYLINE
  5
2D9
330
17
100
AcDbEntity
  8
TUTORIAL_TILES
100
AcDbPolyline
 90
4
 70
1
 10
1849.0
 20
3204.0
 10
2139.0
 20
3204.0
 10
2139.0
 20
3286.0
 10
1849.0
 20
3286.0
  0
LWPOLYLINE
  5
2DA
330
17
100
AcDbEntity
  8
TUTORIAL_TILES
100
AcDbPolyline
 90
4
 70
1
 10
1552.0
 20
3204.0
 10
1842.0
 20
3204.0
 10
1842.0
 20
3286.0
 10
1552.0
 20
3286.0
  0
LWPOLYLINE
  5
2DB
330
17
100
AcDbEntity
  8
TUTORIAL_TILES
100
AcDbPolyline
 90
4
 70
1
 10
1255.0
 20
3204.0
 10
1545.0
 20
3204.0
 10
1545.0
 20
3286.0
 10
1255.0
 20
3286.0
  0
LWPOLYLINE
  5
2DC
330
17
100
AcDbEntity
  8
TUTORIAL_TILES
100
AcDbPolyline
 90
4
 70
1
 10
958.0
 20
3204.0
 10
1248.0
 20
3204.0
 10
1248.0
 20
3286.0
 10
958.0
 20
3286.0
  0
LWPOLYLINE
  5
2DD
330
17
100
AcDbEntity
  8
TUTORIAL_TILES
100
AcDbPolyline
 90
4
 70
1
 10
661.0
 20
3204.0
 10
951.0
 20
3204.0
 10
951.0
 20
3286.0
 10
661.0
 20
3286.0
  0
LWPOLYLINE
  5
2DE
330
17
100
AcDbEntity
  8
TUTORIAL_TILES
100
AcDbPolyline
 90
4
 70
1
 10
364.0
 20
3204.0
 10
654.0
 20
3204.0
 10
654.0
 20
3286.0
 10
364.0
 20
3286.0
  0
LWPOLYLINE
  5
2DF
330
17
100
AcDbEntity
  8
TUTORIAL_TILES
100
AcDbPolyline
 90
4
 70
1
 10
67.0
 20
3204.0
 10
357.0
 20
3204.0
 10
357.0
 20
3286.0
 10
67.0
 20
3286.0
  0
LWPOLYLINE
  5
2E0
330
17
100
AcDbEntity
  8
TUTORIAL_CUT
100
AcDbPolyline
 90
4
 70
1
 10
0.0
 20
3204.0
 10
60.0
 20
3204.0
 10
60.0
 20
3286.0
 10
0.0
 20
3286.0
  0
LWPOLYLINE
  5
2E1
330
17
100
AcDbEntity
  8
TUTORIAL_CUT
100
AcDbPolyline
 90
4
 70
1
 10
5858.5
 20
3293.0
 10
6000.0
 20
3293.0
 10
6000.0
 20
3375.0
 10
5858.5
 20
3375.0
  0
LWPOLYLINE
  5
2E2
330
17
100
AcDbEntity
  8
TUTORIAL_TILES
100
AcDbPolyline
 90
4
 70
1
 10
5561.5
 20
3293.0
 10
5851.5
 20
3293.0
 10
5851.5
 20
3375.0
 10
5561.5
 20
3375.0
  0
LWPOLYLINE
  5
2E3
330
17
100
AcDbEntity
  8
TUTORIAL_TILES
100
AcDbPolyline
 90
4
 70
1
 10
5264.5
 20
3293.0
 10
5554.5
 20
3293.0
 10
5554.5
 20
3375.0
 10
5264.5
 20
3375.0
  0
LWPOLYLINE
  5
2E4
330
17
100
AcDbEntity
  8
TUTORIAL_TILES
100
AcDbPolyline
 90
4
 70
1
 10
4967.5
 20
3293.0
 10
5257.5
 20
3293.0
 10
5257.5
 20
3375.0
 10
4967.5
 20
3375.0
  0
LWPOLYLINE
  5
2E5
330
17
100
AcDbEntity
  8
TUTORIAL_TILES
100
AcDbPolyline
 90
4
 70
1
 10
4670.5
 20
3293.0
 10
4960.5
 20
3293.0
 10
4960.5
 20
3375.0
 10
4670.5
 20
3375.0
  0
LWPOLYLINE
  5
2E6
330
17
100
AcDbEntity
  8
TUTORIAL_TILES
100
AcDbPolyline
 90
4
 70
1
 10
4373.5
 20
3293.0
 10
4663.5
 20
3293.0
 10
4663.5
 20
3375.0
 10
4373.5
 20
3375.0
  0
LWPOLYLINE
  5
2E7
330
17
100
AcDbEntity
  8
TUTORIAL_TILES
100
AcDbPolyline
 90
4
 70
1
 10
4076.5
 20
3293.0
 10
4366.5
 20
3293.0
 10
4366.5
 20
3375.0
 10
4076.5
 20
3375.0
  0
LWPOLYLINE
  5
2E8
330
17
100
AcDbEntity
  8
TUTORIAL_TILES
100
AcDbPolyline
 90
4
 70
1
 10
3779.5
 20
3293.0
 10
4069.5
 20
3293.0
 10
4069.5
 20
3375.0
 10
3779.5
 20
3375.0
  0
LWPOLYLINE
  5
2E9
330
17
100
AcDbEntity
  8
TUTORIAL_TILES
100
AcDbPolyline
 90
4
 70
1
 10
3482.5
 20
3293.0
 10
3772.5
 20
3293.0
 10
3772.5
 20
3375.0
 10
3482.5
 20
3375.0
  0
LWPOLYLINE
  5
2EA
330
17
100
AcDbEntity
  8
TUTORIAL_TILES
100
AcDbPolyline
 90
4
 70
1
 10
3185.5
 20
3293.0
 10
3475.5
 20
3293.0
 10
3475.5
 20
3375.0
 10
3185.5
 20
3375.0
  0
LWPOLYLINE
  5
2EB
330
17
100
AcDbEntity
  8
TUTORIAL_TILES
100
AcDbPolyline
 90
4
 70
1
 10
2888.5
 20
3293.0
 10
3178.5
 20
3293.0
 10
3178.5
 20
3375.0
 10
2888.5
 20
3375.0
  0
LWPOLYLINE
  5
2EC
330
17
100
AcDbEntity
  8
TUTORIAL_TILES
100
AcDbPolyline
 90
4
 70
1
 10
2591.5
 20
3293.0
 10
2881.5
 20
3293.0
 10
2881.5
 20
3375.0
 10
2591.5
 20
3375.0
  0
LWPOLYLINE
  5
2ED
330
17
100
AcDbEntity
  8
TUTORIAL_TILES
100
AcDbPolyline
 90
4
 70
1
 10
2294.5
 20
3293.0
 10
2584.5
 20
3293.0
 10
2584.5
 20
3375.0
 10
2294.5
 20
3375.0
  0
LWPOLYLINE
  5
2EE
330
17
100
AcDbEntity
  8
TUTORIAL_TILES
100
AcDbPolyline
 90
4
 70
1
 10
1997.5
 20
3293.0
 10
2287.5
 20
3293.0
 10
2287.5
 20
3375.0
 10
1997.5
 20
3375.0
  0
LWPOLYLINE
  5
2EF
330
17
100
AcDbEntity
  8
TUTORIAL_TILES
100
AcDbPolyline
 90
4
 70
1
 10
1700.5
 20
3293.0
 10
1990.5
 20
3293.0
 10
1990.5
 20
3375.0
 10
1700.5
 20
3375.0
  0
LWPOLYLINE
  5
2F0
330
17
100
AcDbEntity
  8
TUTORIAL_TILES
100
AcDbPolyline
 90
4
 70
1
 10
1403.5
 20
3293.0
 10
1693.5
 20
3293.0
 10
1693.5
 20
3375.0
 10
1403.5
 20
3375.0
  0
LWPOLYLINE
  5
2F1
330
17
100
AcDbEntity
  8
TUTORIAL_TILES
100
AcDbPolyline
 90
4
 70
1
 10
1106.5
 20
3293.0
 10
1396.5
 20
3293.0
 10
1396.5
 20
3375.0
 10
1106.5
 20
3375.0
  0
LWPOLYLINE
  5
2F2
330
17
100
AcDbEntity
  8
TUTORIAL_TILES
100
AcDbPolyline
 90
4
 70
1
 10
809.5
 20
3293.0
 10
1099.5
 20
3293.0
 10
1099.5
 20
3375.0
 10
809.5
 20
3375.0
  0
LWPOLYLINE
  5
2F3
330
17
100
AcDbEntity
  8
TUTORIAL_TILES
100
AcDbPolyline
 90
4
 70
1
 10
512.5
 20
3293.0
 10
802.5
 20
3293.0
 10
802.5
 20
3375.0
 10
512.5
 20
3375.0
  0
LWPOLYLINE
  5
2F4
330
17
100
AcDbEntity
  8
TUTORIAL_TILES
100
AcDbPolyline
 90
4
 70
1
 10
215.5
 20
3293.0
 10
505.5
 20
3293.0
 10
505.5
 20
3375.0
 10
215.5
 20
3375.0
  0
LWPOLYLINE
  5
2F5
330
17
100
AcDbEntity
  8
TUTORIAL_CUT
100
AcDbPolyline
 90
4
 70
1
 10
0.0
 20
3293.0
 10
208.5
 20
3293.0
 10
208.5
 20
3375.0
 10
0.0
 20
3375.0
  0
LWPOLYLINE
  5
2F6
330
17
100
AcDbEntity
  8
TUTORIAL_TILES
100
AcDbPolyline
 90
4
 70
1
 10
5710.0
 20
3382.0
 10
6000.0
 20
3382.0
 10
6000.0
 20
3464.0
 10
5710.0
 20
3464.0
  0
LWPOLYLINE
  5
2F7
330
17
100
AcDbEntity
  8
TUTORIAL_TILES
100
AcDbPolyline
 90
4
 70
1
 10
5413.0
 20
3382.0
 10
5703.0
 20
3382.0
 10
5703.0
 20
3464.0
 10
5413.0
 20
3464.0
  0
LWPOLYLINE
  5
2F8
330
17
100
AcDbEntity
  8
TUTORIAL_TILES
100
AcDbPolyline
 90
4
 70
1
 10
5116.0
 20
3382.0
 10
5406.0
 20
3382.0
 10
5406.0
 20
3464.0
 10
5116.0
 20
3464.0
  0
LWPOLYLINE
  5
2F9
330
17
100
AcDbEntity
  8
TUTORIAL_TILES
100
AcDbPolyline
 90
4
 70
1
 10
4819.0
 20
3382.0
 10
5109.0
 20
3382.0
 10
5109.0
 20
3464.0
 10
4819.0
 20
3464.0
  0
LWPOLYLINE
  5
2FA
330
17
100
AcDbEntity
  8
TUTORIAL_TILES
100
AcDbPolyline
 90
4
 70
1
 10
4522.0
 20
3382.0
 10
4812.0
 20
3382.0
 10
4812.0
 20
3464.0
 10
4522.0
 20
3464.0
  0
LWPOLYLINE
  5
2FB
330
17
100
AcDbEntity
  8
TUTORIAL_TILES
100
AcDbPolyline
 90
4
 70
1
 10
4225.0
 20
3382.0
 10
4515.0
 20
3382.0
 10
4515.0
 20
3464.0
 10
4225.0
 20
3464.0
  0
LWPOLYLINE
  5
2FC
330
17
100
AcDbEntity
  8
TUTORIAL_TILES
100
AcDbPolyline
 90
4
 70
1
 10
3928.0
 20
3382.0
 10
4218.0
 20
3382.0
 10
4218.0
 20
3464.0
 10
3928.0
 20
3464.0
  0
LWPOLYLINE
  5
2FD
330
17
100
AcDbEntity
  8
TUTORIAL_TILES
100
AcDbPolyline
 90
4
 70
1
 10
3631.0
 20
3382.0
 10
3921.0
 20
3382.0
 10
3921.0
 20
3464.0
 10
3631.0
 20
3464.0
  0
LWPOLYLINE
  5
2FE
330
17
100
AcDbEntity
  8
TUTORIAL_TILES
100
AcDbPolyline
 90
4
 70
1
 10
3334.0
 20
3382.0
 10
3624.0
 20
3382.0
 10
3624.0
 20
3464.0
 10
3334.0
 20
3464.0
  0
LWPOLYLINE
  5
2FF
330
17
100
AcDbEntity
  8
TUTORIAL_TILES
100
AcDbPolyline
 90
4
 70
1
 10
3037.0
 20
3382.0
 10
3327.0
 20
3382.0
 10
3327.0
 20
3464.0
 10
3037.0
 20
3464.0
  0
LWPOLYLINE
  5
300
330
17
100
AcDbEntity
  8
TUTORIAL_TILES
100
AcDbPolyline
 90
4
 70
1
 10
2740.0
 20
3382.0
 10
3030.0
 20
3382.0
 10
3030.0
 20
3464.0
 10
2740.0
 20
3464.0
  0
LWPOLYLINE
  5
301
330
17
100
AcDbEntity
  8
TUTORIAL_TILES
100
AcDbPolyline
 90
4
 70
1
 10
2443.0
 20
3382.0
 10
2733.0
 20
3382.0
 10
2733.0
 20
3464.0
 10
2443.0
 20
3464.0
  0
LWPOLYLINE
  5
302
330
17
100
AcDbEntity
  8
TUTORIAL_TILES
100
AcDbPolyline
 90
4
 70
1
 10
2146.0
 20
3382.0
 10
2436.0
 20
3382.0
 10
2436.0
 20
3464.0
 10
2146.0
 20
3464.0
  0
LWPOLYLINE
  5
303
330
17
100
AcDbEntity
  8
TUTORIAL_TILES
100
AcDbPolyline
 90
4
 70
1
 10
1849.0
 20
3382.0
 10
2139.0
 20
3382.0
 10
2139.0
 20
3464.0
 10
1849.0
 20
3464.0
  0
LWPOLYLINE
  5
304
330
17
100
AcDbEntity
  8
TUTORIAL_TILES
100
AcDbPolyline
 90
4
 70
1
 10
1552.0
 20
3382.0
 10
1842.0
 20
3382.0
 10
1842.0
 20
3464.0
 10
1552.0
 20
3464.0
  0
LWPOLYLINE
  5
305
330
17
100
AcDbEntity
  8
TUTORIAL_TILES
100
AcDbPolyline
 90
4
 70
1
 10
1255.0
 20
3382.0
 10
1545.0
 20
3382.0
 10
1545.0
 20
3464.0
 10
1255.0
 20
3464.0
  0
LWPOLYLINE
  5
306
330
17
100
AcDbEntity
  8
TUTORIAL_TILES
100
AcDbPolyline
 90
4
 70
1
 10
958.0
 20
3382.0
 10
1248.0
 20
3382.0
 10
1248.0
 20
3464.0
 10
958.0
 20
3464.0
  0
LWPOLYLINE
  5
307
330
17
100
AcDbEntity
  8
TUTORIAL_TILES
100
AcDbPolyline
 90
4
 70
1
 10
661.0
 20
3382.0
 10
951.0
 20
3382.0
 10
951.0
 20
3464.0
 10
661.0
 20
3464.0
  0
LWPOLYLINE
  5
308
330
17
100
AcDbEntity
  8
TUTORIAL_TILES
100
AcDbPolyline
 90
4
 70
1
 10
364.0
 20
3382.0
 10
654.0
 20
3382.0
 10
654.0
 20
3464.0
 10
364.0
 20
3464.0
  0
LWPOLYLINE
  5
309
330
17
100
AcDbEntity
  8
TUTORIAL_TILES
100
AcDbPolyline
 90
4
 70
1
 10
67.0
 20
3382.0
 10
357.0
 20
3382.0
 10
357.0
 20
3464.0
 10
67.0
 20
3464.0
  0
LWPOLYLINE
  5
30A
330
17
100
AcDbEntity
  8
TUTORIAL_CUT
100
AcDbPolyline
 90
4
 70
1
 10
0.0
 20
3382.0
 10
60.0
 20
3382.0
 10
60.0
 20
3464.0
 10
0.0
 20
3464.0
  0
LWPOLYLINE
  5
30B
330
17
100
AcDbEntity
  8
TUTORIAL_CUT
100
AcDbPolyline
 90
4
 70
1
 10
5858.5
 20
3471.0
 10
6000.0
 20
3471.0
 10
6000.0
 20
3553.0
 10
5858.5
 20
3553.0
  0
LWPOLYLINE
  5
30C
330
17
100
AcDbEntity
  8
TUTORIAL_TILES
100
AcDbPolyline
 90
4
 70
1
 10
5561.5
 20
3471.0
 10
5851.5
 20
3471.0
 10
5851.5
 20
3553.0
 10
5561.5
 20
3553.0
  0
LWPOLYLINE
  5
30D
330
17
100
AcDbEntity
  8
TUTORIAL_TILES
100
AcDbPolyline
 90
4
 70
1
 10
5264.5
 20
3471.0
 10
5554.5
 20
3471.0
 10
5554.5
 20
3553.0
 10
5264.5
 20
3553.0
  0
LWPOLYLINE
  5
30E
330
17
100
AcDbEntity
  8
TUTORIAL_TILES
100
AcDbPolyline
 90
4
 70
1
 10
4967.5
 20
3471.0
 10
5257.5
 20
3471.0
 10
5257.5
 20
3553.0
 10
4967.5
 20
3553.0
  0
LWPOLYLINE
  5
30F
330
17
100
AcDbEntity
  8
TUTORIAL_TILES
100
AcDbPolyline
 90
4
 70
1
 10
4670.5
 20
3471.0
 10
4960.5
 20
3471.0
 10
4960.5
 20
3553.0
 10
4670.5
 20
3553.0
  0
LWPOLYLINE
  5
310
330
17
100
AcDbEntity
  8
TUTORIAL_TILES
100
AcDbPolyline
 90
4
 70
1
 10
4373.5
 20
3471.0
 10
4663.5
 20
3471.0
 10
4663.5
 20
3553.0
 10
4373.5
 20
3553.0
  0
LWPOLYLINE
  5
311
330
17
100
AcDbEntity
  8
TUTORIAL_TILES
100
AcDbPolyline
 90
4
 70
1
 10
4076.5
 20
3471.0
 10
4366.5
 20
3471.0
 10
4366.5
 20
3553.0
 10
4076.5
 20
3553.0
  0
LWPOLYLINE
  5
312
330
17
100
AcDbEntity
  8
TUTORIAL_TILES
100
AcDbPolyline
 90
4
 70
1
 10
3779.5
 20
3471.0
 10
4069.5
 20
3471.0
 10
4069.5
 20
3553.0
 10
3779.5
 20
3553.0
  0
LWPOLYLINE
  5
313
330
17
100
AcDbEntity
  8
TUTORIAL_TILES
100
AcDbPolyline
 90
4
 70
1
 10
3482.5
 20
3471.0
 10
3772.5
 20
3471.0
 10
3772.5
 20
3553.0
 10
3482.5
 20
3553.0
  0
LWPOLYLINE
  5
314
330
17
100
AcDbEntity
  8
TUTORIAL_TILES
100
AcDbPolyline
 90
4
 70
1
 10
3185.5
 20
3471.0
 10
3475.5
 20
3471.0
 10
3475.5
 20
3553.0
 10
3185.5
 20
3553.0
  0
LWPOLYLINE
  5
315
330
17
100
AcDbEntity
  8
TUTORIAL_TILES
100
AcDbPolyline
 90
4
 70
1
 10
2888.5
 20
3471.0
 10
3178.5
 20
3471.0
 10
3178.5
 20
3553.0
 10
2888.5
 20
3553.0
  0
LWPOLYLINE
  5
316
330
17
100
AcDbEntity
  8
TUTORIAL_TILES
100
AcDbPolyline
 90
4
 70
1
 10
2591.5
 20
3471.0
 10
2881.5
 20
3471.0
 10
2881.5
 20
3553.0
 10
2591.5
 20
3553.0
  0
LWPOLYLINE
  5
317
330
17
100
AcDbEntity
  8
TUTORIAL_TILES
100
AcDbPolyline
 90
4
 70
1
 10
2294.5
 20
3471.0
 10
2584.5
 20
3471.0
 10
2584.5
 20
3553.0
 10
2294.5
 20
3553.0
  0
LWPOLYLINE
  5
318
330
17
100
AcDbEntity
  8
TUTORIAL_TILES
100
AcDbPolyline
 90
4
 70
1
 10
1997.5
 20
3471.0
 10
2287.5
 20
3471.0
 10
2287.5
 20
3553.0
 10
1997.5
 20
3553.0
  0
LWPOLYLINE
  5
319
330
17
100
AcDbEntity
  8
TUTORIAL_TILES
100
AcDbPolyline
 90
4
 70
1
 10
1700.5
 20
3471.0
 10
1990.5
 20
3471.0
 10
1990.5
 20
3553.0
 10
1700.5
 20
3553.0
  0
LWPOLYLINE
  5
31A
330
17
100
AcDbEntity
  8
TUTORIAL_TILES
100
AcDbPolyline
 90
4
 70
1
 10
1403.5
 20
3471.0
 10
1693.5
 20
3471.0
 10
1693.5
 20
3553.0
 10
1403.5
 20
3553.0
  0
LWPOLYLINE
  5
31B
330
17
100
AcDbEntity
  8
TUTORIAL_TILES
100
AcDbPolyline
 90
4
 70
1
 10
1106.5
 20
3471.0
 10
1396.5
 20
3471.0
 10
1396.5
 20
3553.0
 10
1106.5
 20
3553.0
  0
LWPOLYLINE
  5
31C
330
17
100
AcDbEntity
  8
TUTORIAL_TILES
100
AcDbPolyline
 90
4
 70
1
 10
809.5
 20
3471.0
 10
1099.5
 20
3471.0
 10
1099.5
 20
3553.0
 10
809.5
 20
3553.0
  0
LWPOLYLINE
  5
31D
330
17
100
AcDbEntity
  8
TUTORIAL_TILES
100
AcDbPolyline
 90
4
 70
1
 10
512.5
 20
3471.0
 10
802.5
 20
3471.0
 10
802.5
 20
3553.0
 10
512.5
 20
3553.0
  0
LWPOLYLINE
  5
31E
330
17
100
AcDbEntity
  8
TUTORIAL_TILES
100
AcDbPolyline
 90
4
 70
1
 10
215.5
 20
3471.0
 10
505.5
 20
3471.0
 10
505.5
 20
3553.0
 10
215.5
 20
3553.0
  0
LWPOLYLINE
  5
31F
330
17
100
AcDbEntity
  8
TUTORIAL_CUT
100
AcDbPolyline
 90
4
 70
1
 10
0.0
 20
3471.0
 10
208.5
 20
3471.0
 10
208.5
 20
3553.0
 10
0.0
 20
3553.0
  0
LWPOLYLINE
  5
320
330
17
100
AcDbEntity
  8
TUTORIAL_TILES
100
AcDbPolyline
 90
4
 70
1
 10
5710.0
 20
3560.0
 10
6000.0
 20
3560.0
 10
6000.0
 20
3642.0
 10
5710.0
 20
3642.0
  0
LWPOLYLINE
  5
321
330
17
100
AcDbEntity
  8
TUTORIAL_TILES
100
AcDbPolyline
 90
4
 70
1
 10
5413.0
 20
3560.0
 10
5703.0
 20
3560.0
 10
5703.0
 20
3642.0
 10
5413.0
 20
3642.0
  0
LWPOLYLINE
  5
322
330
17
100
AcDbEntity
  8
TUTORIAL_TILES
100
AcDbPolyline
 90
4
 70
1
 10
5116.0
 20
3560.0
 10
5406.0
 20
3560.0
 10
5406.0
 20
3642.0
 10
5116.0
 20
3642.0
  0
LWPOLYLINE
  5
323
330
17
100
AcDbEntity
  8
TUTORIAL_TILES
100
AcDbPolyline
 90
4
 70
1
 10
4819.0
 20
3560.0
 10
5109.0
 20
3560.0
 10
5109.0
 20
3642.0
 10
4819.0
 20
3642.0
  0
LWPOLYLINE
  5
324
330
17
100
AcDbEntity
  8
TUTORIAL_TILES
100
AcDbPolyline
 90
4
 70
1
 10
4522.0
 20
3560.0
 10
4812.0
 20
3560.0
 10
4812.0
 20
3642.0
 10
4522.0
 20
3642.0
  0
LWPOLYLINE
  5
325
330
17
100
AcDbEntity
  8
TUTORIAL_TILES
100
AcDbPolyline
 90
4
 70
1
 10
4225.0
 20
3560.0
 10
4515.0
 20
3560.0
 10
4515.0
 20
3642.0
 10
4225.0
 20
3642.0
  0
LWPOLYLINE
  5
326
330
17
100
AcDbEntity
  8
TUTORIAL_TILES
100
AcDbPolyline
 90
4
 70
1
 10
3928.0
 20
3560.0
 10
4218.0
 20
3560.0
 10
4218.0
 20
3642.0
 10
3928.0
 20
3642.0
  0
LWPOLYLINE
  5
327
330
17
100
AcDbEntity
  8
TUTORIAL_TILES
100
AcDbPolyline
 90
4
 70
1
 10
3631.0
 20
3560.0
 10
3921.0
 20
3560.0
 10
3921.0
 20
3642.0
 10
3631.0
 20
3642.0
  0
LWPOLYLINE
  5
328
330
17
100
AcDbEntity
  8
TUTORIAL_TILES
100
AcDbPolyline
 90
4
 70
1
 10
3334.0
 20
3560.0
 10
3624.0
 20
3560.0
 10
3624.0
 20
3642.0
 10
3334.0
 20
3642.0
  0
LWPOLYLINE
  5
329
330
17
100
AcDbEntity
  8
TUTORIAL_TILES
100
AcDbPolyline
 90
4
 70
1
 10
3037.0
 20
3560.0
 10
3327.0
 20
3560.0
 10
3327.0
 20
3642.0
 10
3037.0
 20
3642.0
  0
LWPOLYLINE
  5
32A
330
17
100
AcDbEntity
  8
TUTORIAL_TILES
100
AcDbPolyline
 90
4
 70
1
 10
2740.0
 20
3560.0
 10
3030.0
 20
3560.0
 10
3030.0
 20
3642.0
 10
2740.0
 20
3642.0
  0
LWPOLYLINE
  5
32B
330
17
100
AcDbEntity
  8
TUTORIAL_TILES
100
AcDbPolyline
 90
4
 70
1
 10
2443.0
 20
3560.0
 10
2733.0
 20
3560.0
 10
2733.0
 20
3642.0
 10
2443.0
 20
3642.0
  0
LWPOLYLINE
  5
32C
330
17
100
AcDbEntity
  8
TUTORIAL_TILES
100
AcDbPolyline
 90
4
 70
1
 10
2146.0
 20
3560.0
 10
2436.0
 20
3560.0
 10
2436.0
 20
3642.0
 10
2146.0
 20
3642.0
  0
LWPOLYLINE
  5
32D
330
17
100
AcDbEntity
  8
TUTORIAL_TILES
100
AcDbPolyline
 90
4
 70
1
 10
1849.0
 20
3560.0
 10
2139.0
 20
3560.0
 10
2139.0
 20
3642.0
 10
1849.0
 20
3642.0
  0
LWPOLYLINE
  5
32E
330
17
100
AcDbEntity
  8
TUTORIAL_TILES
100
AcDbPolyline
 90
4
 70
1
 10
1552.0
 20
3560.0
 10
1842.0
 20
3560.0
 10
1842.0
 20
3642.0
 10
1552.0
 20
3642.0
  0
LWPOLYLINE
  5
32F
330
17
100
AcDbEntity
  8
TUTORIAL_TILES
100
AcDbPolyline
 90
4
 70
1
 10
1255.0
 20
3560.0
 10
1545.0
 20
3560.0
 10
1545.0
 20
3642.0
 10
1255.0
 20
3642.0
  0
LWPOLYLINE
  5
330
330
17
100
AcDbEntity
  8
TUTORIAL_TILES
100
AcDbPolyline
 90
4
 70
1
 10
958.0
 20
3560.0
 10
1248.0
 20
3560.0
 10
1248.0
 20
3642.0
 10
958.0
 20
3642.0
  0
LWPOLYLINE
  5
331
330
17
100
AcDbEntity
  8
TUTORIAL_TILES
100
AcDbPolyline
 90
4
 70
1
 10
661.0
 20
3560.0
 10
951.0
 20
3560.0
 10
951.0
 20
3642.0
 10
661.0
 20
3642.0
  0
LWPOLYLINE
  5
332
330
17
100
AcDbEntity
  8
TUTORIAL_TILES
100
AcDbPolyline
 90
4
 70
1
 10
364.0
 20
3560.0
 10
654.0
 20
3560.0
 10
654.0
 20
3642.0
 10
364.0
 20
3642.0
  0
LWPOLYLINE
  5
333
330
17
100
AcDbEntity
  8
TUTORIAL_TILES
100
AcDbPolyline
 90
4
 70
1
 10
67.0
 20
3560.0
 10
357.0
 20
3560.0
 10
357.0
 20
3642.0
 10
67.0
 20
3642.0
  0
LWPOLYLINE
  5
334
330
17
100
AcDbEntity
  8
TUTORIAL_CUT
100
AcDbPolyline
 90
4
 70
1
 10
0.0
 20
3560.0
 10
60.0
 20
3560.0
 10
60.0
 20
3642.0
 10
0.0
 20
3642.0
  0
LWPOLYLINE
  5
335
330
17
100
AcDbEntity
  8
TUTORIAL_CUT
100
AcDbPolyline
 90
4
 70
1
 10
5858.5
 20
3649.0
 10
6000.0
 20
3649.0
 10
6000.0
 20
3731.0
 10
5858.5
 20
3731.0
  0
LWPOLYLINE
  5
336
330
17
100
AcDbEntity
  8
TUTORIAL_TILES
100
AcDbPolyline
 90
4
 70
1
 10
5561.5
 20
3649.0
 10
5851.5
 20
3649.0
 10
5851.5
 20
3731.0
 10
5561.5
 20
3731.0
  0
LWPOLYLINE
  5
337
330
17
100
AcDbEntity
  8
TUTORIAL_TILES
100
AcDbPolyline
 90
4
 70
1
 10
5264.5
 20
3649.0
 10
5554.5
 20
3649.0
 10
5554.5
 20
3731.0
 10
5264.5
 20
3731.0
  0
LWPOLYLINE
  5
338
330
17
100
AcDbEntity
  8
TUTORIAL_TILES
100
AcDbPolyline
 90
4
 70
1
 10
4967.5
 20
3649.0
 10
5257.5
 20
3649.0
 10
5257.5
 20
3731.0
 10
4967.5
 20
3731.0
  0
LWPOLYLINE
  5
339
330
17
100
AcDbEntity
  8
TUTORIAL_TILES
100
AcDbPolyline
 90
4
 70
1
 10
4670.5
 20
3649.0
 10
4960.5
 20
3649.0
 10
4960.5
 20
3731.0
 10
4670.5
 20
3731.0
  0
LWPOLYLINE
  5
33A
330
17
100
AcDbEntity
  8
TUTORIAL_TILES
100
AcDbPolyline
 90
4
 70
1
 10
4373.5
 20
3649.0
 10
4663.5
 20
3649.0
 10
4663.5
 20
3731.0
 10
4373.5
 20
3731.0
  0
LWPOLYLINE
  5
33B
330
17
100
AcDbEntity
  8
TUTORIAL_TILES
100
AcDbPolyline
 90
4
 70
1
 10
4076.5
 20
3649.0
 10
4366.5
 20
3649.0
 10
4366.5
 20
3731.0
 10
4076.5
 20
3731.0
  0
LWPOLYLINE
  5
33C
330
17
100
AcDbEntity
  8
TUTORIAL_TILES
100
AcDbPolyline
 90
4
 70
1
 10
3779.5
 20
3649.0
 10
4069.5
 20
3649.0
 10
4069.5
 20
3731.0
 10
3779.5
 20
3731.0
  0
LWPOLYLINE
  5
33D
330
17
100
AcDbEntity
  8
TUTORIAL_TILES
100
AcDbPolyline
 90
4
 70
1
 10
3482.5
 20
3649.0
 10
3772.5
 20
3649.0
 10
3772.5
 20
3731.0
 10
3482.5
 20
3731.0
  0
LWPOLYLINE
  5
33E
330
17
100
AcDbEntity
  8
TUTORIAL_TILES
100
AcDbPolyline
 90
4
 70
1
 10
3185.5
 20
3649.0
 10
3475.5
 20
3649.0
 10
3475.5
 20
3731.0
 10
3185.5
 20
3731.0
  0
LWPOLYLINE
  5
33F
330
17
100
AcDbEntity
  8
TUTORIAL_TILES
100
AcDbPolyline
 90
4
 70
1
 10
2888.5
 20
3649.0
 10
3178.5
 20
3649.0
 10
3178.5
 20
3731.0
 10
2888.5
 20
3731.0
  0
LWPOLYLINE
  5
340
330
17
100
AcDbEntity
  8
TUTORIAL_TILES
100
AcDbPolyline
 90
4
 70
1
 10
2591.5
 20
3649.0
 10
2881.5
 20
3649.0
 10
2881.5
 20
3731.0
 10
2591.5
 20
3731.0
  0
LWPOLYLINE
  5
341
330
17
100
AcDbEntity
  8
TUTORIAL_TILES
100
AcDbPolyline
 90
4
 70
1
 10
2294.5
 20
3649.0
 10
2584.5
 20
3649.0
 10
2584.5
 20
3731.0
 10
2294.5
 20
3731.0
  0
LWPOLYLINE
  5
342
330
17
100
AcDbEntity
  8
TUTORIAL_TILES
100
AcDbPolyline
 90
4
 70
1
 10
1997.5
 20
3649.0
 10
2287.5
 20
3649.0
 10
2287.5
 20
3731.0
 10
1997.5
 20
3731.0
  0
LWPOLYLINE
  5
343
330
17
100
AcDbEntity
  8
TUTORIAL_TILES
100
AcDbPolyline
 90
4
 70
1
 10
1700.5
 20
3649.0
 10
1990.5
 20
3649.0
 10
1990.5
 20
3731.0
 10
1700.5
 20
3731.0
  0
LWPOLYLINE
  5
344
330
17
100
AcDbEntity
  8
TUTORIAL_TILES
100
AcDbPolyline
 90
4
 70
1
 10
1403.5
 20
3649.0
 10
1693.5
 20
3649.0
 10
1693.5
 20
3731.0
 10
1403.5
 20
3731.0
  0
LWPOLYLINE
  5
345
330
17
100
AcDbEntity
  8
TUTORIAL_TILES
100
AcDbPolyline
 90
4
 70
1
 10
1106.5
 20
3649.0
 10
1396.5
 20
3649.0
 10
1396.5
 20
3731.0
 10
1106.5
 20
3731.0
  0
LWPOLYLINE
  5
346
330
17
100
AcDbEntity
  8
TUTORIAL_TILES
100
AcDbPolyline
 90
4
 70
1
 10
809.5
 20
3649.0
 10
1099.5
 20
3649.0
 10
1099.5
 20
3731.0
 10
809.5
 20
3731.0
  0
LWPOLYLINE
  5
347
330
17
100
AcDbEntity
  8
TUTORIAL_TILES
100
AcDbPolyline
 90
4
 70
1
 10
512.5
 20
3649.0
 10
802.5
 20
3649.0
 10
802.5
 20
3731.0
 10
512.5
 20
3731.0
  0
LWPOLYLINE
  5
348
330
17
100
AcDbEntity
  8
TUTORIAL_TILES
100
AcDbPolyline
 90
4
 70
1
 10
215.5
 20
3649.0
 10
505.5
 20
3649.0
 10
505.5
 20
3731.0
 10
215.5
 20
3731.0
  0
LWPOLYLINE
  5
349
330
17
100
AcDbEntity
  8
TUTORIAL_CUT
100
AcDbPolyline
 90
4
 70
1
 10
0.0
 20
3649.0
 10
208.5
 20
3649.0
 10
208.5
 20
3731.0
 10
0.0
 20
3731.0
  0
LWPOLYLINE
  5
34A
330
17
100
AcDbEntity
  8
TUTORIAL_TILES
100
AcDbPolyline
 90
4
 70
1
 10
5710.0
 20
3738.0
 10
6000.0
 20
3738.0
 10
6000.0
 20
3820.0
 10
5710.0
 20
3820.0
  0
LWPOLYLINE
  5
34B
330
17
100
AcDbEntity
  8
TUTORIAL_TILES
100
AcDbPolyline
 90
4
 70
1
 10
5413.0
 20
3738.0
 10
5703.0
 20
3738.0
 10
5703.0
 20
3820.0
 10
5413.0
 20
3820.0
  0
LWPOLYLINE
  5
34C
330
17
100
AcDbEntity
  8
TUTORIAL_TILES
100
AcDbPolyline
 90
4
 70
1
 10
5116.0
 20
3738.0
 10
5406.0
 20
3738.0
 10
5406.0
 20
3820.0
 10
5116.0
 20
3820.0
  0
LWPOLYLINE
  5
34D
330
17
100
AcDbEntity
  8
TUTORIAL_TILES
100
AcDbPolyline
 90
4
 70
1
 10
4819.0
 20
3738.0
 10
5109.0
 20
3738.0
 10
5109.0
 20
3820.0
 10
4819.0
 20
3820.0
  0
LWPOLYLINE
  5
34E
330
17
100
AcDbEntity
  8
TUTORIAL_TILES
100
AcDbPolyline
 90
4
 70
1
 10
4522.0
 20
3738.0
 10
4812.0
 20
3738.0
 10
4812.0
 20
3820.0
 10
4522.0
 20
3820.0
  0
LWPOLYLINE
  5
34F
330
17
100
AcDbEntity
  8
TUTORIAL_TILES
100
AcDbPolyline
 90
4
 70
1
 10
4225.0
 20
3738.0
 10
4515.0
 20
3738.0
 10
4515.0
 20
3820.0
 10
4225.0
 20
3820.0
  0
LWPOLYLINE
  5
350
330
17
100
AcDbEntity
  8
TUTORIAL_TILES
100
AcDbPolyline
 90
4
 70
1
 10
3928.0
 20
3738.0
 10
4218.0
 20
3738.0
 10
4218.0
 20
3820.0
 10
3928.0
 20
3820.0
  0
LWPOLYLINE
  5
351
330
17
100
AcDbEntity
  8
TUTORIAL_TILES
100
AcDbPolyline
 90
4
 70
1
 10
3631.0
 20
3738.0
 10
3921.0
 20
3738.0
 10
3921.0
 20
3820.0
 10
3631.0
 20
3820.0
  0
LWPOLYLINE
  5
352
330
17
100
AcDbEntity
  8
TUTORIAL_TILES
100
AcDbPolyline
 90
4
 70
1
 10
3334.0
 20
3738.0
 10
3624.0
 20
3738.0
 10
3624.0
 20
3820.0
 10
3334.0
 20
3820.0
  0
LWPOLYLINE
  5
353
330
17
100
AcDbEntity
  8
TUTORIAL_TILES
100
AcDbPolyline
 90
4
 70
1
 10
3037.0
 20
3738.0
 10
3327.0
 20
3738.0
 10
3327.0
 20
3820.0
 10
3037.0
 20
3820.0
  0
LWPOLYLINE
  5
354
330
17
100
AcDbEntity
  8
TUTORIAL_TILES
100
AcDbPolyline
 90
4
 70
1
 10
2740.0
 20
3738.0
 10
3030.0
 20
3738.0
 10
3030.0
 20
3820.0
 10
2740.0
 20
3820.0
  0
LWPOLYLINE
  5
355
330
17
100
AcDbEntity
  8
TUTORIAL_TILES
100
AcDbPolyline
 90
4
 70
1
 10
2443.0
 20
3738.0
 10
2733.0
 20
3738.0
 10
2733.0
 20
3820.0
 10
2443.0
 20
3820.0
  0
LWPOLYLINE
  5
356
330
17
100
AcDbEntity
  8
TUTORIAL_TILES
100
AcDbPolyline
 90
4
 70
1
 10
2146.0
 20
3738.0
 10
2436.0
 20
3738.0
 10
2436.0
 20
3820.0
 10
2146.0
 20
3820.0
  0
LWPOLYLINE
  5
357
330
17
100
AcDbEntity
  8
TUTORIAL_TILES
100
AcDbPolyline
 90
4
 70
1
 10
1849.0
 20
3738.0
 10
2139.0
 20
3738.0
 10
2139.0
 20
3820.0
 10
1849.0
 20
3820.0
  0
LWPOLYLINE
  5
358
330
17
100
AcDbEntity
  8
TUTORIAL_TILES
100
AcDbPolyline
 90
4
 70
1
 10
1552.0
 20
3738.0
 10
1842.0
 20
3738.0
 10
1842.0
 20
3820.0
 10
1552.0
 20
3820.0
  0
LWPOLYLINE
  5
359
330
17
100
AcDbEntity
  8
TUTORIAL_TILES
100
AcDbPolyline
 90
4
 70
1
 10
1255.0
 20
3738.0
 10
1545.0
 20
3738.0
 10
1545.0
 20
3820.0
 10
1255.0
 20
3820.0
  0
LWPOLYLINE
  5
35A
330
17
100
AcDbEntity
  8
TUTORIAL_TILES
100
AcDbPolyline
 90
4
 70
1
 10
958.0
 20
3738.0
 10
1248.0
 20
3738.0
 10
1248.0
 20
3820.0
 10
958.0
 20
3820.0
  0
LWPOLYLINE
  5
35B
330
17
100
AcDbEntity
  8
TUTORIAL_TILES
100
AcDbPolyline
 90
4
 70
1
 10
661.0
 20
3738.0
 10
951.0
 20
3738.0
 10
951.0
 20
3820.0
 10
661.0
 20
3820.0
  0
LWPOLYLINE
  5
35C
330
17
100
AcDbEntity
  8
TUTORIAL_TILES
100
AcDbPolyline
 90
4
 70
1
 10
364.0
 20
3738.0
 10
654.0
 20
3738.0
 10
654.0
 20
3820.0
 10
364.0
 20
3820.0
  0
LWPOLYLINE
  5
35D
330
17
100
AcDbEntity
  8
TUTORIAL_TILES
100
AcDbPolyline
 90
4
 70
1
 10
67.0
 20
3738.0
 10
357.0
 20
3738.0
 10
357.0
 20
3820.0
 10
67.0
 20
3820.0
  0
LWPOLYLINE
  5
35E
330
17
100
AcDbEntity
  8
TUTORIAL_CUT
100
AcDbPolyline
 90
4
 70
1
 10
0.0
 20
3738.0
 10
60.0
 20
3738.0
 10
60.0
 20
3820.0
 10
0.0
 20
3820.0
  0
LWPOLYLINE
  5
35F
330
17
100
AcDbEntity
  8
TUTORIAL_CUT
100
AcDbPolyline
 90
4
 70
1
 10
5858.5
 20
3827.0
 10
6000.0
 20
3827.0
 10
6000.0
 20
3909.0
 10
5858.5
 20
3909.0
  0
LWPOLYLINE
  5
360
330
17
100
AcDbEntity
  8
TUTORIAL_TILES
100
AcDbPolyline
 90
4
 70
1
 10
5561.5
 20
3827.0
 10
5851.5
 20
3827.0
 10
5851.5
 20
3909.0
 10
5561.5
 20
3909.0
  0
LWPOLYLINE
  5
361
330
17
100
AcDbEntity
  8
TUTORIAL_TILES
100
AcDbPolyline
 90
4
 70
1
 10
5264.5
 20
3827.0
 10
5554.5
 20
3827.0
 10
5554.5
 20
3909.0
 10
5264.5
 20
3909.0
  0
LWPOLYLINE
  5
362
330
17
100
AcDbEntity
  8
TUTORIAL_TILES
100
AcDbPolyline
 90
4
 70
1
 10
4967.5
 20
3827.0
 10
5257.5
 20
3827.0
 10
5257.5
 20
3909.0
 10
4967.5
 20
3909.0
  0
LWPOLYLINE
  5
363
330
17
100
AcDbEntity
  8
TUTORIAL_TILES
100
AcDbPolyline
 90
4
 70
1
 10
4670.5
 20
3827.0
 10
4960.5
 20
3827.0
 10
4960.5
 20
3909.0
 10
4670.5
 20
3909.0
  0
LWPOLYLINE
  5
364
330
17
100
AcDbEntity
  8
TUTORIAL_TILES
100
AcDbPolyline
 90
4
 70
1
 10
4373.5
 20
3827.0
 10
4663.5
 20
3827.0
 10
4663.5
 20
3909.0
 10
4373.5
 20
3909.0
  0
LWPOLYLINE
  5
365
330
17
100
AcDbEntity
  8
TUTORIAL_TILES
100
AcDbPolyline
 90
4
 70
1
 10
4076.5
 20
3827.0
 10
4366.5
 20
3827.0
 10
4366.5
 20
3909.0
 10
4076.5
 20
3909.0
  0
LWPOLYLINE
  5
366
330
17
100
AcDbEntity
  8
TUTORIAL_TILES
100
AcDbPolyline
 90
4
 70
1
 10
3779.5
 20
3827.0
 10
4069.5
 20
3827.0
 10
4069.5
 20
3909.0
 10
3779.5
 20
3909.0
  0
LWPOLYLINE
  5
367
330
17
100
AcDbEntity
  8
TUTORIAL_TILES
100
AcDbPolyline
 90
4
 70
1
 10
3482.5
 20
3827.0
 10
3772.5
 20
3827.0
 10
3772.5
 20
3909.0
 10
3482.5
 20
3909.0
  0
LWPOLYLINE
  5
368
330
17
100
AcDbEntity
  8
TUTORIAL_TILES
100
AcDbPolyline
 90
4
 70
1
 10
3185.5
 20
3827.0
 10
3475.5
 20
3827.0
 10
3475.5
 20
3909.0
 10
3185.5
 20
3909.0
  0
LWPOLYLINE
  5
369
330
17
100
AcDbEntity
  8
TUTORIAL_TILES
100
AcDbPolyline
 90
4
 70
1
 10
2888.5
 20
3827.0
 10
3178.5
 20
3827.0
 10
3178.5
 20
3909.0
 10
2888.5
 20
3909.0
  0
LWPOLYLINE
  5
36A
330
17
100
AcDbEntity
  8
TUTORIAL_TILES
100
AcDbPolyline
 90
4
 70
1
 10
2591.5
 20
3827.0
 10
2881.5
 20
3827.0
 10
2881.5
 20
3909.0
 10
2591.5
 20
3909.0
  0
LWPOLYLINE
  5
36B
330
17
100
AcDbEntity
  8
TUTORIAL_TILES
100
AcDbPolyline
 90
4
 70
1
 10
2294.5
 20
3827.0
 10
2584.5
 20
3827.0
 10
2584.5
 20
3909.0
 10
2294.5
 20
3909.0
  0
LWPOLYLINE
  5
36C
330
17
100
AcDbEntity
  8
TUTORIAL_TILES
100
AcDbPolyline
 90
4
 70
1
 10
1997.5
 20
3827.0
 10
2287.5
 20
3827.0
 10
2287.5
 20
3909.0
 10
1997.5
 20
3909.0
  0
LWPOLYLINE
  5
36D
330
17
100
AcDbEntity
  8
TUTORIAL_TILES
100
AcDbPolyline
 90
4
 70
1
 10
1700.5
 20
3827.0
 10
1990.5
 20
3827.0
 10
1990.5
 20
3909.0
 10
1700.5
 20
3909.0
  0
LWPOLYLINE
  5
36E
330
17
100
AcDbEntity
  8
TUTORIAL_TILES
100
AcDbPolyline
 90
4
 70
1
 10
1403.5
 20
3827.0
 10
1693.5
 20
3827.0
 10
1693.5
 20
3909.0
 10
1403.5
 20
3909.0
  0
LWPOLYLINE
  5
36F
330
17
100
AcDbEntity
  8
TUTORIAL_TILES
100
AcDbPolyline
 90
4
 70
1
 10
1106.5
 20
3827.0
 10
1396.5
 20
3827.0
 10
1396.5
 20
3909.0
 10
1106.5
 20
3909.0
  0
LWPOLYLINE
  5
370
330
17
100
AcDbEntity
  8
TUTORIAL_TILES
100
AcDbPolyline
 90
4
 70
1
 10
809.5
 20
3827.0
 10
1099.5
 20
3827.0
 10
1099.5
 20
3909.0
 10
809.5
 20
3909.0
  0
LWPOLYLINE
  5
371
330
17
100
AcDbEntity
  8
TUTORIAL_TILES
100
AcDbPolyline
 90
4
 70
1
 10
512.5
 20
3827.0
 10
802.5
 20
3827.0
 10
802.5
 20
3909.0
 10
512.5
 20
3909.0
  0
LWPOLYLINE
  5
372
330
17
100
AcDbEntity
  8
TUTORIAL_TILES
100
AcDbPolyline
 90
4
 70
1
 10
215.5
 20
3827.0
 10
505.5
 20
3827.0
 10
505.5
 20
3909.0
 10
215.5
 20
3909.0
  0
LWPOLYLINE
  5
373
330
17
100
AcDbEntity
  8
TUTORIAL_CUT
100
AcDbPolyline
 90
4
 70
1
 10
0.0
 20
3827.0
 10
208.5
 20
3827.0
 10
208.5
 20
3909.0
 10
0.0
 20
3909.0
  0
LWPOLYLINE
  5
374
330
17
100
AcDbEntity
  8
TUTORIAL_TILES
100
AcDbPolyline
 90
4
 70
1
 10
5710.0
 20
3916.0
 10
6000.0
 20
3916.0
 10
6000.0
 20
3998.0
 10
5710.0
 20
3998.0
  0
LWPOLYLINE
  5
375
330
17
100
AcDbEntity
  8
TUTORIAL_TILES
100
AcDbPolyline
 90
4
 70
1
 10
5413.0
 20
3916.0
 10
5703.0
 20
3916.0
 10
5703.0
 20
3998.0
 10
5413.0
 20
3998.0
  0
LWPOLYLINE
  5
376
330
17
100
AcDbEntity
  8
TUTORIAL_TILES
100
AcDbPolyline
 90
4
 70
1
 10
5116.0
 20
3916.0
 10
5406.0
 20
3916.0
 10
5406.0
 20
3998.0
 10
5116.0
 20
3998.0
  0
LWPOLYLINE
  5
377
330
17
100
AcDbEntity
  8
TUTORIAL_TILES
100
AcDbPolyline
 90
4
 70
1
 10
4819.0
 20
3916.0
 10
5109.0
 20
3916.0
 10
5109.0
 20
3998.0
 10
4819.0
 20
3998.0
  0
LWPOLYLINE
  5
378
330
17
100
AcDbEntity
  8
TUTORIAL_TILES
100
AcDbPolyline
 90
4
 70
1
 10
4522.0
 20
3916.0
 10
4812.0
 20
3916.0
 10
4812.0
 20
3998.0
 10
4522.0
 20
3998.0
  0
LWPOLYLINE
  5
379
330
17
100
AcDbEntity
  8
TUTORIAL_TILES
100
AcDbPolyline
 90
4
 70
1
 10
4225.0
 20
3916.0
 10
4515.0
 20
3916.0
 10
4515.0
 20
3998.0
 10
4225.0
 20
3998.0
  0
LWPOLYLINE
  5
37A
330
17
100
AcDbEntity
  8
TUTORIAL_TILES
100
AcDbPolyline
 90
4
 70
1
 10
3928.0
 20
3916.0
 10
4218.0
 20
3916.0
 10
4218.0
 20
3998.0
 10
3928.0
 20
3998.0
  0
LWPOLYLINE
  5
37B
330
17
100
AcDbEntity
  8
TUTORIAL_TILES
100
AcDbPolyline
 90
4
 70
1
 10
3631.0
 20
3916.0
 10
3921.0
 20
3916.0
 10
3921.0
 20
3998.0
 10
3631.0
 20
3998.0
  0
LWPOLYLINE
  5
37C
330
17
100
AcDbEntity
  8
TUTORIAL_TILES
100
AcDbPolyline
 90
4
 70
1
 10
3334.0
 20
3916.0
 10
3624.0
 20
3916.0
 10
3624.0
 20
3998.0
 10
3334.0
 20
3998.0
  0
LWPOLYLINE
  5
37D
330
17
100
AcDbEntity
  8
TUTORIAL_TILES
100
AcDbPolyline
 90
4
 70
1
 10
3037.0
 20
3916.0
 10
3327.0
 20
3916.0
 10
3327.0
 20
3998.0
 10
3037.0
 20
3998.0
  0
LWPOLYLINE
  5
37E
330
17
100
AcDbEntity
  8
TUTORIAL_TILES
100
AcDbPolyline
 90
4
 70
1
 10
2740.0
 20
3916.0
 10
3030.0
 20
3916.0
 10
3030.0
 20
3998.0
 10
2740.0
 20
3998.0
  0
LWPOLYLINE
  5
37F
330
17
100
AcDbEntity
  8
TUTORIAL_TILES
100
AcDbPolyline
 90
4
 70
1
 10
2443.0
 20
3916.0
 10
2733.0
 20
3916.0
 10
2733.0
 20
3998.0
 10
2443.0
 20
3998.0
  0
LWPOLYLINE
  5
380
330
17
100
AcDbEntity
  8
TUTORIAL_TILES
100
AcDbPolyline
 90
4
 70
1
 10
2146.0
 20
3916.0
 10
2436.0
 20
3916.0
 10
2436.0
 20
3998.0
 10
2146.0
 20
3998.0
  0
LWPOLYLINE
  5
381
330
17
100
AcDbEntity
  8
TUTORIAL_TILES
100
AcDbPolyline
 90
4
 70
1
 10
1849.0
 20
3916.0
 10
2139.0
 20
3916.0
 10
2139.0
 20
3998.0
 10
1849.0
 20
3998.0
  0
LWPOLYLINE
  5
382
330
17
100
AcDbEntity
  8
TUTORIAL_TILES
100
AcDbPolyline
 90
4
 70
1
 10
1552.0
 20
3916.0
 10
1842.0
 20
3916.0
 10
1842.0
 20
3998.0
 10
1552.0
 20
3998.0
  0
LWPOLYLINE
  5
383
330
17
100
AcDbEntity
  8
TUTORIAL_TILES
100
AcDbPolyline
 90
4
 70
1
 10
1255.0
 20
3916.0
 10
1545.0
 20
3916.0
 10
1545.0
 20
3998.0
 10
1255.0
 20
3998.0
  0
LWPOLYLINE
  5
384
330
17
100
AcDbEntity
  8
TUTORIAL_TILES
100
AcDbPolyline
 90
4
 70
1
 10
958.0
 20
3916.0
 10
1248.0
 20
3916.0
 10
1248.0
 20
3998.0
 10
958.0
 20
3998.0
  0
LWPOLYLINE
  5
385
330
17
100
AcDbEntity
  8
TUTORIAL_TILES
100
AcDbPolyline
 90
4
 70
1
 10
661.0
 20
3916.0
 10
951.0
 20
3916.0
 10
951.0
 20
3998.0
 10
661.0
 20
3998.0
  0
LWPOLYLINE
  5
386
330
17
100
AcDbEntity
  8
TUTORIAL_TILES
100
AcDbPolyline
 90
4
 70
1
 10
364.0
 20
3916.0
 10
654.0
 20
3916.0
 10
654.0
 20
3998.0
 10
364.0
 20
3998.0
  0
LWPOLYLINE
  5
387
330
17
100
AcDbEntity
  8
TUTORIAL_TILES
100
AcDbPolyline
 90
4
 70
1
 10
67.0
 20
3916.0
 10
357.0
 20
3916.0
 10
357.0
 20
3998.0
 10
67.0
 20
3998.0
  0
LWPOLYLINE
  5
388
330
17
100
AcDbEntity
  8
TUTORIAL_CUT
100
AcDbPolyline
 90
4
 70
1
 10
0.0
 20
3916.0
 10
60.0
 20
3916.0
 10
60.0
 20
3998.0
 10
0.0
 20
3998.0
  0
LWPOLYLINE
  5
389
330
17
100
AcDbEntity
  8
TUTORIAL_CUT
100
AcDbPolyline
 90
4
 70
1
 10
5858.5
 20
4005.0
 10
6000.0
 20
4005.0
 10
6000.0
 20
4087.0
 10
5858.5
 20
4087.0
  0
LWPOLYLINE
  5
38A
330
17
100
AcDbEntity
  8
TUTORIAL_TILES
100
AcDbPolyline
 90
4
 70
1
 10
5561.5
 20
4005.0
 10
5851.5
 20
4005.0
 10
5851.5
 20
4087.0
 10
5561.5
 20
4087.0
  0
LWPOLYLINE
  5
38B
330
17
100
AcDbEntity
  8
TUTORIAL_TILES
100
AcDbPolyline
 90
4
 70
1
 10
5264.5
 20
4005.0
 10
5554.5
 20
4005.0
 10
5554.5
 20
4087.0
 10
5264.5
 20
4087.0
  0
LWPOLYLINE
  5
38C
330
17
100
AcDbEntity
  8
TUTORIAL_TILES
100
AcDbPolyline
 90
4
 70
1
 10
4967.5
 20
4005.0
 10
5257.5
 20
4005.0
 10
5257.5
 20
4087.0
 10
4967.5
 20
4087.0
  0
LWPOLYLINE
  5
38D
330
17
100
AcDbEntity
  8
TUTORIAL_TILES
100
AcDbPolyline
 90
4
 70
1
 10
4670.5
 20
4005.0
 10
4960.5
 20
4005.0
 10
4960.5
 20
4087.0
 10
4670.5
 20
4087.0
  0
LWPOLYLINE
  5
38E
330
17
100
AcDbEntity
  8
TUTORIAL_TILES
100
AcDbPolyline
 90
4
 70
1
 10
4373.5
 20
4005.0
 10
4663.5
 20
4005.0
 10
4663.5
 20
4087.0
 10
4373.5
 20
4087.0
  0
LWPOLYLINE
  5
38F
330
17
100
AcDbEntity
  8
TUTORIAL_TILES
100
AcDbPolyline
 90
4
 70
1
 10
4076.5
 20
4005.0
 10
4366.5
 20
4005.0
 10
4366.5
 20
4087.0
 10
4076.5
 20
4087.0
  0
LWPOLYLINE
  5
390
330
17
100
AcDbEntity
  8
TUTORIAL_TILES
100
AcDbPolyline
 90
4
 70
1
 10
3779.5
 20
4005.0
 10
4069.5
 20
4005.0
 10
4069.5
 20
4087.0
 10
3779.5
 20
4087.0
  0
LWPOLYLINE
  5
391
330
17
100
AcDbEntity
  8
TUTORIAL_TILES
100
AcDbPolyline
 90
4
 70
1
 10
3482.5
 20
4005.0
 10
3772.5
 20
4005.0
 10
3772.5
 20
4087.0
 10
3482.5
 20
4087.0
  0
LWPOLYLINE
  5
392
330
17
100
AcDbEntity
  8
TUTORIAL_TILES
100
AcDbPolyline
 90
4
 70
1
 10
3185.5
 20
4005.0
 10
3475.5
 20
4005.0
 10
3475.5
 20
4087.0
 10
3185.5
 20
4087.0
  0
LWPOLYLINE
  5
393
330
17
100
AcDbEntity
  8
TUTORIAL_TILES
100
AcDbPolyline
 90
4
 70
1
 10
2888.5
 20
4005.0
 10
3178.5
 20
4005.0
 10
3178.5
 20
4087.0
 10
2888.5
 20
4087.0
  0
LWPOLYLINE
  5
394
330
17
100
AcDbEntity
  8
TUTORIAL_TILES
100
AcDbPolyline
 90
4
 70
1
 10
2591.5
 20
4005.0
 10
2881.5
 20
4005.0
 10
2881.5
 20
4087.0
 10
2591.5
 20
4087.0
  0
LWPOLYLINE
  5
395
330
17
100
AcDbEntity
  8
TUTORIAL_TILES
100
AcDbPolyline
 90
4
 70
1
 10
2294.5
 20
4005.0
 10
2584.5
 20
4005.0
 10
2584.5
 20
4087.0
 10
2294.5
 20
4087.0
  0
LWPOLYLINE
  5
396
330
17
100
AcDbEntity
  8
TUTORIAL_TILES
100
AcDbPolyline
 90
4
 70
1
 10
1997.5
 20
4005.0
 10
2287.5
 20
4005.0
 10
2287.5
 20
4087.0
 10
1997.5
 20
4087.0
  0
LWPOLYLINE
  5
397
330
17
100
AcDbEntity
  8
TUTORIAL_TILES
100
AcDbPolyline
 90
4
 70
1
 10
1700.5
 20
4005.0
 10
1990.5
 20
4005.0
 10
1990.5
 20
4087.0
 10
1700.5
 20
4087.0
  0
LWPOLYLINE
  5
398
330
17
100
AcDbEntity
  8
TUTORIAL_TILES
100
AcDbPolyline
 90
4
 70
1
 10
1403.5
 20
4005.0
 10
1693.5
 20
4005.0
 10
1693.5
 20
4087.0
 10
1403.5
 20
4087.0
  0
LWPOLYLINE
  5
399
330
17
100
AcDbEntity
  8
TUTORIAL_TILES
100
AcDbPolyline
 90
4
 70
1
 10
1106.5
 20
4005.0
 10
1396.5
 20
4005.0
 10
1396.5
 20
4087.0
 10
1106.5
 20
4087.0
  0
LWPOLYLINE
  5
39A
330
17
100
AcDbEntity
  8
TUTORIAL_TILES
100
AcDbPolyline
 90
4
 70
1
 10
809.5
 20
4005.0
 10
1099.5
 20
4005.0
 10
1099.5
 20
4087.0
 10
809.5
 20
4087.0
  0
LWPOLYLINE
  5
39B
330
17
100
AcDbEntity
  8
TUTORIAL_TILES
100
AcDbPolyline
 90
4
 70
1
 10
512.5
 20
4005.0
 10
802.5
 20
4005.0
 10
802.5
 20
4087.0
 10
512.5
 20
4087.0
  0
LWPOLYLINE
  5
39C
330
17
100
AcDbEntity
  8
TUTORIAL_TILES
100
AcDbPolyline
 90
4
 70
1
 10
215.5
 20
4005.0
 10
505.5
 20
4005.0
 10
505.5
 20
4087.0
 10
215.5
 20
4087.0
  0
LWPOLYLINE
  5
39D
330
17
100
AcDbEntity
  8
TUTORIAL_CUT
100
AcDbPolyline
 90
4
 70
1
 10
0.0
 20
4005.0
 10
208.5
 20
4005.0
 10
208.5
 20
4087.0
 10
0.0
 20
4087.0
  0
LWPOLYLINE
  5
39E
330
17
100
AcDbEntity
  8
TUTORIAL_TILES
100
AcDbPolyline
 90
4
 70
1
 10
5710.0
 20
4094.0
 10
6000.0
 20
4094.0
 10
6000.0
 20
4176.0
 10
5710.0
 20
4176.0
  0
LWPOLYLINE
  5
39F
330
17
100
AcDbEntity
  8
TUTORIAL_TILES
100
AcDbPolyline
 90
4
 70
1
 10
5413.0
 20
4094.0
 10
5703.0
 20
4094.0
 10
5703.0
 20
4176.0
 10
5413.0
 20
4176.0
  0
LWPOLYLINE
  5
3A0
330
17
100
AcDbEntity
  8
TUTORIAL_TILES
100
AcDbPolyline
 90
4
 70
1
 10
5116.0
 20
4094.0
 10
5406.0
 20
4094.0
 10
5406.0
 20
4176.0
 10
5116.0
 20
4176.0
  0
LWPOLYLINE
  5
3A1
330
17
100
AcDbEntity
  8
TUTORIAL_TILES
100
AcDbPolyline
 90
4
 70
1
 10
4819.0
 20
4094.0
 10
5109.0
 20
4094.0
 10
5109.0
 20
4176.0
 10
4819.0
 20
4176.0
  0
LWPOLYLINE
  5
3A2
330
17
100
AcDbEntity
  8
TUTORIAL_TILES
100
AcDbPolyline
 90
4
 70
1
 10
4522.0
 20
4094.0
 10
4812.0
 20
4094.0
 10
4812.0
 20
4176.0
 10
4522.0
 20
4176.0
  0
LWPOLYLINE
  5
3A3
330
17
100
AcDbEntity
  8
TUTORIAL_TILES
100
AcDbPolyline
 90
4
 70
1
 10
4225.0
 20
4094.0
 10
4515.0
 20
4094.0
 10
4515.0
 20
4176.0
 10
4225.0
 20
4176.0
  0
LWPOLYLINE
  5
3A4
330
17
100
AcDbEntity
  8
TUTORIAL_TILES
100
AcDbPolyline
 90
4
 70
1
 10
3928.0
 20
4094.0
 10
4218.0
 20
4094.0
 10
4218.0
 20
4176.0
 10
3928.0
 20
4176.0
  0
LWPOLYLINE
  5
3A5
330
17
100
AcDbEntity
  8
TUTORIAL_TILES
100
AcDbPolyline
 90
4
 70
1
 10
3631.0
 20
4094.0
 10
3921.0
 20
4094.0
 10
3921.0
 20
4176.0
 10
3631.0
 20
4176.0
  0
LWPOLYLINE
  5
3A6
330
17
100
AcDbEntity
  8
TUTORIAL_TILES
100
AcDbPolyline
 90
4
 70
1
 10
3334.0
 20
4094.0
 10
3624.0
 20
4094.0
 10
3624.0
 20
4176.0
 10
3334.0
 20
4176.0
  0
LWPOLYLINE
  5
3A7
330
17
100
AcDbEntity
  8
TUTORIAL_TILES
100
AcDbPolyline
 90
4
 70
1
 10
3037.0
 20
4094.0
 10
3327.0
 20
4094.0
 10
3327.0
 20
4176.0
 10
3037.0
 20
4176.0
  0
LWPOLYLINE
  5
3A8
330
17
100
AcDbEntity
  8
TUTORIAL_TILES
100
AcDbPolyline
 90
4
 70
1
 10
2740.0
 20
4094.0
 10
3030.0
 20
4094.0
 10
3030.0
 20
4176.0
 10
2740.0
 20
4176.0
  0
LWPOLYLINE
  5
3A9
330
17
100
AcDbEntity
  8
TUTORIAL_TILES
100
AcDbPolyline
 90
4
 70
1
 10
2443.0
 20
4094.0
 10
2733.0
 20
4094.0
 10
2733.0
 20
4176.0
 10
2443.0
 20
4176.0
  0
LWPOLYLINE
  5
3AA
330
17
100
AcDbEntity
  8
TUTORIAL_TILES
100
AcDbPolyline
 90
4
 70
1
 10
2146.0
 20
4094.0
 10
2436.0
 20
4094.0
 10
2436.0
 20
4176.0
 10
2146.0
 20
4176.0
  0
LWPOLYLINE
  5
3AB
330
17
100
AcDbEntity
  8
TUTORIAL_TILES
100
AcDbPolyline
 90
4
 70
1
 10
1849.0
 20
4094.0
 10
2139.0
 20
4094.0
 10
2139.0
 20
4176.0
 10
1849.0
 20
4176.0
  0
LWPOLYLINE
  5
3AC
330
17
100
AcDbEntity
  8
TUTORIAL_TILES
100
AcDbPolyline
 90
4
 70
1
 10
1552.0
 20
4094.0
 10
1842.0
 20
4094.0
 10
1842.0
 20
4176.0
 10
1552.0
 20
4176.0
  0
LWPOLYLINE
  5
3AD
330
17
100
AcDbEntity
  8
TUTORIAL_TILES
100
AcDbPolyline
 90
4
 70
1
 10
1255.0
 20
4094.0
 10
1545.0
 20
4094.0
 10
1545.0
 20
4176.0
 10
1255.0
 20
4176.0
  0
LWPOLYLINE
  5
3AE
330
17
100
AcDbEntity
  8
TUTORIAL_TILES
100
AcDbPolyline
 90
4
 70
1
 10
958.0
 20
4094.0
 10
1248.0
 20
4094.0
 10
1248.0
 20
4176.0
 10
958.0
 20
4176.0
  0
LWPOLYLINE
  5
3AF
330
17
100
AcDbEntity
  8
TUTORIAL_TILES
100
AcDbPolyline
 90
4
 70
1
 10
661.0
 20
4094.0
 10
951.0
 20
4094.0
 10
951.0
 20
4176.0
 10
661.0
 20
4176.0
  0
LWPOLYLINE
  5
3B0
330
17
100
AcDbEntity
  8
TUTORIAL_TILES
100
AcDbPolyline
 90
4
 70
1
 10
364.0
 20
4094.0
 10
654.0
 20
4094.0
 10
654.0
 20
4176.0
 10
364.0
 20
4176.0
  0
LWPOLYLINE
  5
3B1
330
17
100
AcDbEntity
  8
TUTORIAL_TILES
100
AcDbPolyline
 90
4
 70
1
 10
67.0
 20
4094.0
 10
357.0
 20
4094.0
 10
357.0
 20
4176.0
 10
67.0
 20
4176.0
  0
LWPOLYLINE
  5
3B2
330
17
100
AcDbEntity
  8
TUTORIAL_CUT
100
AcDbPolyline
 90
4
 70
1
 10
0.0
 20
4094.0
 10
60.0
 20
4094.0
 10
60.0
 20
4176.0
 10
0.0
 20
4176.0
  0
LWPOLYLINE
  5
3B3
330
17
100
AcDbEntity
  8
TUTORIAL_CUT
100
AcDbPolyline
 90
4
 70
1
 10
5858.5
 20
4183.0
 10
6000.0
 20
4183.0
 10
6000.0
 20
4265.0
 10
5858.5
 20
4265.0
  0
LWPOLYLINE
  5
3B4
330
17
100
AcDbEntity
  8
TUTORIAL_TILES
100
AcDbPolyline
 90
4
 70
1
 10
5561.5
 20
4183.0
 10
5851.5
 20
4183.0
 10
5851.5
 20
4265.0
 10
5561.5
 20
4265.0
  0
LWPOLYLINE
  5
3B5
330
17
100
AcDbEntity
  8
TUTORIAL_TILES
100
AcDbPolyline
 90
4
 70
1
 10
5264.5
 20
4183.0
 10
5554.5
 20
4183.0
 10
5554.5
 20
4265.0
 10
5264.5
 20
4265.0
  0
LWPOLYLINE
  5
3B6
330
17
100
AcDbEntity
  8
TUTORIAL_TILES
100
AcDbPolyline
 90
4
 70
1
 10
4967.5
 20
4183.0
 10
5257.5
 20
4183.0
 10
5257.5
 20
4265.0
 10
4967.5
 20
4265.0
  0
LWPOLYLINE
  5
3B7
330
17
100
AcDbEntity
  8
TUTORIAL_TILES
100
AcDbPolyline
 90
4
 70
1
 10
4670.5
 20
4183.0
 10
4960.5
 20
4183.0
 10
4960.5
 20
4265.0
 10
4670.5
 20
4265.0
  0
LWPOLYLINE
  5
3B8
330
17
100
AcDbEntity
  8
TUTORIAL_TILES
100
AcDbPolyline
 90
4
 70
1
 10
4373.5
 20
4183.0
 10
4663.5
 20
4183.0
 10
4663.5
 20
4265.0
 10
4373.5
 20
4265.0
  0
LWPOLYLINE
  5
3B9
330
17
100
AcDbEntity
  8
TUTORIAL_TILES
100
AcDbPolyline
 90
4
 70
1
 10
4076.5
 20
4183.0
 10
4366.5
 20
4183.0
 10
4366.5
 20
4265.0
 10
4076.5
 20
4265.0
  0
LWPOLYLINE
  5
3BA
330
17
100
AcDbEntity
  8
TUTORIAL_TILES
100
AcDbPolyline
 90
4
 70
1
 10
3779.5
 20
4183.0
 10
4069.5
 20
4183.0
 10
4069.5
 20
4265.0
 10
3779.5
 20
4265.0
  0
LWPOLYLINE
  5
3BB
330
17
100
AcDbEntity
  8
TUTORIAL_TILES
100
AcDbPolyline
 90
4
 70
1
 10
3482.5
 20
4183.0
 10
3772.5
 20
4183.0
 10
3772.5
 20
4265.0
 10
3482.5
 20
4265.0
  0
LWPOLYLINE
  5
3BC
330
17
100
AcDbEntity
  8
TUTORIAL_TILES
100
AcDbPolyline
 90
4
 70
1
 10
3185.5
 20
4183.0
 10
3475.5
 20
4183.0
 10
3475.5
 20
4265.0
 10
3185.5
 20
4265.0
  0
LWPOLYLINE
  5
3BD
330
17
100
AcDbEntity
  8
TUTORIAL_TILES
100
AcDbPolyline
 90
4
 70
1
 10
2888.5
 20
4183.0
 10
3178.5
 20
4183.0
 10
3178.5
 20
4265.0
 10
2888.5
 20
4265.0
  0
LWPOLYLINE
  5
3BE
330
17
100
AcDbEntity
  8
TUTORIAL_TILES
100
AcDbPolyline
 90
4
 70
1
 10
2591.5
 20
4183.0
 10
2881.5
 20
4183.0
 10
2881.5
 20
4265.0
 10
2591.5
 20
4265.0
  0
LWPOLYLINE
  5
3BF
330
17
100
AcDbEntity
  8
TUTORIAL_TILES
100
AcDbPolyline
 90
4
 70
1
 10
2294.5
 20
4183.0
 10
2584.5
 20
4183.0
 10
2584.5
 20
4265.0
 10
2294.5
 20
4265.0
  0
LWPOLYLINE
  5
3C0
330
17
100
AcDbEntity
  8
TUTORIAL_TILES
100
AcDbPolyline
 90
4
 70
1
 10
1997.5
 20
4183.0
 10
2287.5
 20
4183.0
 10
2287.5
 20
4265.0
 10
1997.5
 20
4265.0
  0
LWPOLYLINE
  5
3C1
330
17
100
AcDbEntity
  8
TUTORIAL_TILES
100
AcDbPolyline
 90
4
 70
1
 10
1700.5
 20
4183.0
 10
1990.5
 20
4183.0
 10
1990.5
 20
4265.0
 10
1700.5
 20
4265.0
  0
LWPOLYLINE
  5
3C2
330
17
100
AcDbEntity
  8
TUTORIAL_TILES
100
AcDbPolyline
 90
4
 70
1
 10
1403.5
 20
4183.0
 10
1693.5
 20
4183.0
 10
1693.5
 20
4265.0
 10
1403.5
 20
4265.0
  0
LWPOLYLINE
  5
3C3
330
17
100
AcDbEntity
  8
TUTORIAL_TILES
100
AcDbPolyline
 90
4
 70
1
 10
1106.5
 20
4183.0
 10
1396.5
 20
4183.0
 10
1396.5
 20
4265.0
 10
1106.5
 20
4265.0
  0
LWPOLYLINE
  5
3C4
330
17
100
AcDbEntity
  8
TUTORIAL_TILES
100
AcDbPolyline
 90
4
 70
1
 10
809.5
 20
4183.0
 10
1099.5
 20
4183.0
 10
1099.5
 20
4265.0
 10
809.5
 20
4265.0
  0
LWPOLYLINE
  5
3C5
330
17
100
AcDbEntity
  8
TUTORIAL_TILES
100
AcDbPolyline
 90
4
 70
1
 10
512.5
 20
4183.0
 10
802.5
 20
4183.0
 10
802.5
 20
4265.0
 10
512.5
 20
4265.0
  0
LWPOLYLINE
  5
3C6
330
17
100
AcDbEntity
  8
TUTORIAL_TILES
100
AcDbPolyline
 90
4
 70
1
 10
215.5
 20
4183.0
 10
505.5
 20
4183.0
 10
505.5
 20
4265.0
 10
215.5
 20
4265.0
  0
LWPOLYLINE
  5
3C7
330
17
100
AcDbEntity
  8
TUTORIAL_CUT
100
AcDbPolyline
 90
4
 70
1
 10
0.0
 20
4183.0
 10
208.5
 20
4183.0
 10
208.5
 20
4265.0
 10
0.0
 20
4265.0
  0
LWPOLYLINE
  5
3C8
330
17
100
AcDbEntity
  8
TUTORIAL_TILES
100
AcDbPolyline
 90
4
 70
1
 10
5710.0
 20
4272.0
 10
6000.0
 20
4272.0
 10
6000.0
 20
4354.0
 10
5710.0
 20
4354.0
  0
LWPOLYLINE
  5
3C9
330
17
100
AcDbEntity
  8
TUTORIAL_TILES
100
AcDbPolyline
 90
4
 70
1
 10
5413.0
 20
4272.0
 10
5703.0
 20
4272.0
 10
5703.0
 20
4354.0
 10
5413.0
 20
4354.0
  0
LWPOLYLINE
  5
3CA
330
17
100
AcDbEntity
  8
TUTORIAL_TILES
100
AcDbPolyline
 90
4
 70
1
 10
5116.0
 20
4272.0
 10
5406.0
 20
4272.0
 10
5406.0
 20
4354.0
 10
5116.0
 20
4354.0
  0
LWPOLYLINE
  5
3CB
330
17
100
AcDbEntity
  8
TUTORIAL_TILES
100
AcDbPolyline
 90
4
 70
1
 10
4819.0
 20
4272.0
 10
5109.0
 20
4272.0
 10
5109.0
 20
4354.0
 10
4819.0
 20
4354.0
  0
LWPOLYLINE
  5
3CC
330
17
100
AcDbEntity
  8
TUTORIAL_TILES
100
AcDbPolyline
 90
4
 70
1
 10
4522.0
 20
4272.0
 10
4812.0
 20
4272.0
 10
4812.0
 20
4354.0
 10
4522.0
 20
4354.0
  0
LWPOLYLINE
  5
3CD
330
17
100
AcDbEntity
  8
TUTORIAL_TILES
100
AcDbPolyline
 90
4
 70
1
 10
4225.0
 20
4272.0
 10
4515.0
 20
4272.0
 10
4515.0
 20
4354.0
 10
4225.0
 20
4354.0
  0
LWPOLYLINE
  5
3CE
330
17
100
AcDbEntity
  8
TUTORIAL_TILES
100
AcDbPolyline
 90
4
 70
1
 10
3928.0
 20
4272.0
 10
4218.0
 20
4272.0
 10
4218.0
 20
4354.0
 10
3928.0
 20
4354.0
  0
LWPOLYLINE
  5
3CF
330
17
100
AcDbEntity
  8
TUTORIAL_TILES
100
AcDbPolyline
 90
4
 70
1
 10
3631.0
 20
4272.0
 10
3921.0
 20
4272.0
 10
3921.0
 20
4354.0
 10
3631.0
 20
4354.0
  0
LWPOLYLINE
  5
3D0
330
17
100
AcDbEntity
  8
TUTORIAL_TILES
100
AcDbPolyline
 90
4
 70
1
 10
3334.0
 20
4272.0
 10
3624.0
 20
4272.0
 10
3624.0
 20
4354.0
 10
3334.0
 20
4354.0
  0
LWPOLYLINE
  5
3D1
330
17
100
AcDbEntity
  8
TUTORIAL_TILES
100
AcDbPolyline
 90
4
 70
1
 10
3037.0
 20
4272.0
 10
3327.0
 20
4272.0
 10
3327.0
 20
4354.0
 10
3037.0
 20
4354.0
  0
LWPOLYLINE
  5
3D2
330
17
100
AcDbEntity
  8
TUTORIAL_TILES
100
AcDbPolyline
 90
4
 70
1
 10
2740.0
 20
4272.0
 10
3030.0
 20
4272.0
 10
3030.0
 20
4354.0
 10
2740.0
 20
4354.0
  0
LWPOLYLINE
  5
3D3
330
17
100
AcDbEntity
  8
TUTORIAL_TILES
100
AcDbPolyline
 90
4
 70
1
 10
2443.0
 20
4272.0
 10
2733.0
 20
4272.0
 10
2733.0
 20
4354.0
 10
2443.0
 20
4354.0
  0
LWPOLYLINE
  5
3D4
330
17
100
AcDbEntity
  8
TUTORIAL_TILES
100
AcDbPolyline
 90
4
 70
1
 10
2146.0
 20
4272.0
 10
2436.0
 20
4272.0
 10
2436.0
 20
4354.0
 10
2146.0
 20
4354.0
  0
LWPOLYLINE
  5
3D5
330
17
100
AcDbEntity
  8
TUTORIAL_TILES
100
AcDbPolyline
 90
4
 70
1
 10
1849.0
 20
4272.0
 10
2139.0
 20
4272.0
 10
2139.0
 20
4354.0
 10
1849.0
 20
4354.0
  0
LWPOLYLINE
  5
3D6
330
17
100
AcDbEntity
  8
TUTORIAL_TILES
100
AcDbPolyline
 90
4
 70
1
 10
1552.0
 20
4272.0
 10
1842.0
 20
4272.0
 10
1842.0
 20
4354.0
 10
1552.0
 20
4354.0
  0
LWPOLYLINE
  5
3D7
330
17
100
AcDbEntity
  8
TUTORIAL_TILES
100
AcDbPolyline
 90
4
 70
1
 10
1255.0
 20
4272.0
 10
1545.0
 20
4272.0
 10
1545.0
 20
4354.0
 10
1255.0
 20
4354.0
  0
LWPOLYLINE
  5
3D8
330
17
100
AcDbEntity
  8
TUTORIAL_TILES
100
AcDbPolyline
 90
4
 70
1
 10
958.0
 20
4272.0
 10
1248.0
 20
4272.0
 10
1248.0
 20
4354.0
 10
958.0
 20
4354.0
  0
LWPOLYLINE
  5
3D9
330
17
100
AcDbEntity
  8
TUTORIAL_TILES
100
AcDbPolyline
 90
4
 70
1
 10
661.0
 20
4272.0
 10
951.0
 20
4272.0
 10
951.0
 20
4354.0
 10
661.0
 20
4354.0
  0
LWPOLYLINE
  5
3DA
330
17
100
AcDbEntity
  8
TUTORIAL_TILES
100
AcDbPolyline
 90
4
 70
1
 10
364.0
 20
4272.0
 10
654.0
 20
4272.0
 10
654.0
 20
4354.0
 10
364.0
 20
4354.0
  0
LWPOLYLINE
  5
3DB
330
17
100
AcDbEntity
  8
TUTORIAL_TILES
100
AcDbPolyline
 90
4
 70
1
 10
67.0
 20
4272.0
 10
357.0
 20
4272.0
 10
357.0
 20
4354.0
 10
67.0
 20
4354.0
  0
LWPOLYLINE
  5
3DC
330
17
100
AcDbEntity
  8
TUTORIAL_CUT
100
AcDbPolyline
 90
4
 70
1
 10
0.0
 20
4272.0
 10
60.0
 20
4272.0
 10
60.0
 20
4354.0
 10
0.0
 20
4354.0
  0
LWPOLYLINE
  5
3DD
330
17
100
AcDbEntity
  8
TUTORIAL_CUT
100
AcDbPolyline
 90
4
 70
1
 10
5858.5
 20
4361.0
 10
6000.0
 20
4361.0
 10
6000.0
 20
4443.0
 10
5858.5
 20
4443.0
  0
LWPOLYLINE
  5
3DE
330
17
100
AcDbEntity
  8
TUTORIAL_TILES
100
AcDbPolyline
 90
4
 70
1
 10
5561.5
 20
4361.0
 10
5851.5
 20
4361.0
 10
5851.5
 20
4443.0
 10
5561.5
 20
4443.0
  0
LWPOLYLINE
  5
3DF
330
17
100
AcDbEntity
  8
TUTORIAL_TILES
100
AcDbPolyline
 90
4
 70
1
 10
5264.5
 20
4361.0
 10
5554.5
 20
4361.0
 10
5554.5
 20
4443.0
 10
5264.5
 20
4443.0
  0
LWPOLYLINE
  5
3E0
330
17
100
AcDbEntity
  8
TUTORIAL_TILES
100
AcDbPolyline
 90
4
 70
1
 10
4967.5
 20
4361.0
 10
5257.5
 20
4361.0
 10
5257.5
 20
4443.0
 10
4967.5
 20
4443.0
  0
LWPOLYLINE
  5
3E1
330
17
100
AcDbEntity
  8
TUTORIAL_TILES
100
AcDbPolyline
 90
4
 70
1
 10
4670.5
 20
4361.0
 10
4960.5
 20
4361.0
 10
4960.5
 20
4443.0
 10
4670.5
 20
4443.0
  0
LWPOLYLINE
  5
3E2
330
17
100
AcDbEntity
  8
TUTORIAL_TILES
100
AcDbPolyline
 90
4
 70
1
 10
4373.5
 20
4361.0
 10
4663.5
 20
4361.0
 10
4663.5
 20
4443.0
 10
4373.5
 20
4443.0
  0
LWPOLYLINE
  5
3E3
330
17
100
AcDbEntity
  8
TUTORIAL_TILES
100
AcDbPolyline
 90
4
 70
1
 10
4076.5
 20
4361.0
 10
4366.5
 20
4361.0
 10
4366.5
 20
4443.0
 10
4076.5
 20
4443.0
  0
LWPOLYLINE
  5
3E4
330
17
100
AcDbEntity
  8
TUTORIAL_TILES
100
AcDbPolyline
 90
4
 70
1
 10
3779.5
 20
4361.0
 10
4069.5
 20
4361.0
 10
4069.5
 20
4443.0
 10
3779.5
 20
4443.0
  0
LWPOLYLINE
  5
3E5
330
17
100
AcDbEntity
  8
TUTORIAL_TILES
100
AcDbPolyline
 90
4
 70
1
 10
3482.5
 20
4361.0
 10
3772.5
 20
4361.0
 10
3772.5
 20
4443.0
 10
3482.5
 20
4443.0
  0
LWPOLYLINE
  5
3E6
330
17
100
AcDbEntity
  8
TUTORIAL_TILES
100
AcDbPolyline
 90
4
 70
1
 10
3185.5
 20
4361.0
 10
3475.5
 20
4361.0
 10
3475.5
 20
4443.0
 10
3185.5
 20
4443.0
  0
LWPOLYLINE
  5
3E7
330
17
100
AcDbEntity
  8
TUTORIAL_TILES
100
AcDbPolyline
 90
4
 70
1
 10
2888.5
 20
4361.0
 10
3178.5
 20
4361.0
 10
3178.5
 20
4443.0
 10
2888.5
 20
4443.0
  0
LWPOLYLINE
  5
3E8
330
17
100
AcDbEntity
  8
TUTORIAL_TILES
100
AcDbPolyline
 90
4
 70
1
 10
2591.5
 20
4361.0
 10
2881.5
 20
4361.0
 10
2881.5
 20
4443.0
 10
2591.5
 20
4443.0
  0
LWPOLYLINE
  5
3E9
330
17
100
AcDbEntity
  8
TUTORIAL_TILES
100
AcDbPolyline
 90
4
 70
1
 10
2294.5
 20
4361.0
 10
2584.5
 20
4361.0
 10
2584.5
 20
4443.0
 10
2294.5
 20
4443.0
  0
LWPOLYLINE
  5
3EA
330
17
100
AcDbEntity
  8
TUTORIAL_TILES
100
AcDbPolyline
 90
4
 70
1
 10
1997.5
 20
4361.0
 10
2287.5
 20
4361.0
 10
2287.5
 20
4443.0
 10
1997.5
 20
4443.0
  0
LWPOLYLINE
  5
3EB
330
17
100
AcDbEntity
  8
TUTORIAL_TILES
100
AcDbPolyline
 90
4
 70
1
 10
1700.5
 20
4361.0
 10
1990.5
 20
4361.0
 10
1990.5
 20
4443.0
 10
1700.5
 20
4443.0
  0
LWPOLYLINE
  5
3EC
330
17
100
AcDbEntity
  8
TUTORIAL_TILES
100
AcDbPolyline
 90
4
 70
1
 10
1403.5
 20
4361.0
 10
1693.5
 20
4361.0
 10
1693.5
 20
4443.0
 10
1403.5
 20
4443.0
  0
LWPOLYLINE
  5
3ED
330
17
100
AcDbEntity
  8
TUTORIAL_TILES
100
AcDbPolyline
 90
4
 70
1
 10
1106.5
 20
4361.0
 10
1396.5
 20
4361.0
 10
1396.5
 20
4443.0
 10
1106.5
 20
4443.0
  0
LWPOLYLINE
  5
3EE
330
17
100
AcDbEntity
  8
TUTORIAL_TILES
100
AcDbPolyline
 90
4
 70
1
 10
809.5
 20
4361.0
 10
1099.5
 20
4361.0
 10
1099.5
 20
4443.0
 10
809.5
 20
4443.0
  0
LWPOLYLINE
  5
3EF
330
17
100
AcDbEntity
  8
TUTORIAL_TILES
100
AcDbPolyline
 90
4
 70
1
 10
512.5
 20
4361.0
 10
802.5
 20
4361.0
 10
802.5
 20
4443.0
 10
512.5
 20
4443.0
  0
LWPOLYLINE
  5
3F0
330
17
100
AcDbEntity
  8
TUTORIAL_TILES
100
AcDbPolyline
 90
4
 70
1
 10
215.5
 20
4361.0
 10
505.5
 20
4361.0
 10
505.5
 20
4443.0
 10
215.5
 20
4443.0
  0
LWPOLYLINE
  5
3F1
330
17
100
AcDbEntity
  8
TUTORIAL_CUT
100
AcDbPolyline
 90
4
 70
1
 10
0.0
 20
4361.0
 10
208.5
 20
4361.0
 10
208.5
 20
4443.0
 10
0.0
 20
4443.0
  0
LWPOLYLINE
  5
3F2
330
17
100
AcDbEntity
  8
TUTORIAL_TILES
100
AcDbPolyline
 90
4
 70
1
 10
5710.0
 20
4450.0
 10
6000.0
 20
4450.0
 10
6000.0
 20
4532.0
 10
5710.0
 20
4532.0
  0
LWPOLYLINE
  5
3F3
330
17
100
AcDbEntity
  8
TUTORIAL_TILES
100
AcDbPolyline
 90
4
 70
1
 10
5413.0
 20
4450.0
 10
5703.0
 20
4450.0
 10
5703.0
 20
4532.0
 10
5413.0
 20
4532.0
  0
LWPOLYLINE
  5
3F4
330
17
100
AcDbEntity
  8
TUTORIAL_TILES
100
AcDbPolyline
 90
4
 70
1
 10
5116.0
 20
4450.0
 10
5406.0
 20
4450.0
 10
5406.0
 20
4532.0
 10
5116.0
 20
4532.0
  0
LWPOLYLINE
  5
3F5
330
17
100
AcDbEntity
  8
TUTORIAL_TILES
100
AcDbPolyline
 90
4
 70
1
 10
4819.0
 20
4450.0
 10
5109.0
 20
4450.0
 10
5109.0
 20
4532.0
 10
4819.0
 20
4532.0
  0
LWPOLYLINE
  5
3F6
330
17
100
AcDbEntity
  8
TUTORIAL_TILES
100
AcDbPolyline
 90
4
 70
1
 10
4522.0
 20
4450.0
 10
4812.0
 20
4450.0
 10
4812.0
 20
4532.0
 10
4522.0
 20
4532.0
  0
LWPOLYLINE
  5
3F7
330
17
100
AcDbEntity
  8
TUTORIAL_TILES
100
AcDbPolyline
 90
4
 70
1
 10
4225.0
 20
4450.0
 10
4515.0
 20
4450.0
 10
4515.0
 20
4532.0
 10
4225.0
 20
4532.0
  0
LWPOLYLINE
  5
3F8
330
17
100
AcDbEntity
  8
TUTORIAL_TILES
100
AcDbPolyline
 90
4
 70
1
 10
3928.0
 20
4450.0
 10
4218.0
 20
4450.0
 10
4218.0
 20
4532.0
 10
3928.0
 20
4532.0
  0
LWPOLYLINE
  5
3F9
330
17
100
AcDbEntity
  8
TUTORIAL_TILES
100
AcDbPolyline
 90
4
 70
1
 10
3631.0
 20
4450.0
 10
3921.0
 20
4450.0
 10
3921.0
 20
4532.0
 10
3631.0
 20
4532.0
  0
LWPOLYLINE
  5
3FA
330
17
100
AcDbEntity
  8
TUTORIAL_TILES
100
AcDbPolyline
 90
4
 70
1
 10
3334.0
 20
4450.0
 10
3624.0
 20
4450.0
 10
3624.0
 20
4532.0
 10
3334.0
 20
4532.0
  0
LWPOLYLINE
  5
3FB
330
17
100
AcDbEntity
  8
TUTORIAL_TILES
100
AcDbPolyline
 90
4
 70
1
 10
3037.0
 20
4450.0
 10
3327.0
 20
4450.0
 10
3327.0
 20
4532.0
 10
3037.0
 20
4532.0
  0
LWPOLYLINE
  5
3FC
330
17
100
AcDbEntity
  8
TUTORIAL_TILES
100
AcDbPolyline
 90
4
 70
1
 10
2740.0
 20
4450.0
 10
3030.0
 20
4450.0
 10
3030.0
 20
4532.0
 10
2740.0
 20
4532.0
  0
LWPOLYLINE
  5
3FD
330
17
100
AcDbEntity
  8
TUTORIAL_TILES
100
AcDbPolyline
 90
4
 70
1
 10
2443.0
 20
4450.0
 10
2733.0
 20
4450.0
 10
2733.0
 20
4532.0
 10
2443.0
 20
4532.0
  0
LWPOLYLINE
  5
3FE
330
17
100
AcDbEntity
  8
TUTORIAL_TILES
100
AcDbPolyline
 90
4
 70
1
 10
2146.0
 20
4450.0
 10
2436.0
 20
4450.0
 10
2436.0
 20
4532.0
 10
2146.0
 20
4532.0
  0
LWPOLYLINE
  5
3FF
330
17
100
AcDbEntity
  8
TUTORIAL_TILES
100
AcDbPolyline
 90
4
 70
1
 10
1849.0
 20
4450.0
 10
2139.0
 20
4450.0
 10
2139.0
 20
4532.0
 10
1849.0
 20
4532.0
  0
LWPOLYLINE
  5
400
330
17
100
AcDbEntity
  8
TUTORIAL_TILES
100
AcDbPolyline
 90
4
 70
1
 10
1552.0
 20
4450.0
 10
1842.0
 20
4450.0
 10
1842.0
 20
4532.0
 10
1552.0
 20
4532.0
  0
LWPOLYLINE
  5
401
330
17
100
AcDbEntity
  8
TUTORIAL_TILES
100
AcDbPolyline
 90
4
 70
1
 10
1255.0
 20
4450.0
 10
1545.0
 20
4450.0
 10
1545.0
 20
4532.0
 10
1255.0
 20
4532.0
  0
LWPOLYLINE
  5
402
330
17
100
AcDbEntity
  8
TUTORIAL_TILES
100
AcDbPolyline
 90
4
 70
1
 10
958.0
 20
4450.0
 10
1248.0
 20
4450.0
 10
1248.0
 20
4532.0
 10
958.0
 20
4532.0
  0
LWPOLYLINE
  5
403
330
17
100
AcDbEntity
  8
TUTORIAL_TILES
100
AcDbPolyline
 90
4
 70
1
 10
661.0
 20
4450.0
 10
951.0
 20
4450.0
 10
951.0
 20
4532.0
 10
661.0
 20
4532.0
  0
LWPOLYLINE
  5
404
330
17
100
AcDbEntity
  8
TUTORIAL_TILES
100
AcDbPolyline
 90
4
 70
1
 10
364.0
 20
4450.0
 10
654.0
 20
4450.0
 10
654.0
 20
4532.0
 10
364.0
 20
4532.0
  0
LWPOLYLINE
  5
405
330
17
100
AcDbEntity
  8
TUTORIAL_TILES
100
AcDbPolyline
 90
4
 70
1
 10
67.0
 20
4450.0
 10
357.0
 20
4450.0
 10
357.0
 20
4532.0
 10
67.0
 20
4532.0
  0
LWPOLYLINE
  5
406
330
17
100
AcDbEntity
  8
TUTORIAL_CUT
100
AcDbPolyline
 90
4
 70
1
 10
0.0
 20
4450.0
 10
60.0
 20
4450.0
 10
60.0
 20
4532.0
 10
0.0
 20
4532.0
  0
LWPOLYLINE
  5
407
330
17
100
AcDbEntity
  8
TUTORIAL_CUT
100
AcDbPolyline
 90
4
 70
1
 10
5858.5
 20
4539.0
 10
6000.0
 20
4539.0
 10
6000.0
 20
4621.0
 10
5858.5
 20
4621.0
  0
LWPOLYLINE
  5
408
330
17
100
AcDbEntity
  8
TUTORIAL_TILES
100
AcDbPolyline
 90
4
 70
1
 10
5561.5
 20
4539.0
 10
5851.5
 20
4539.0
 10
5851.5
 20
4621.0
 10
5561.5
 20
4621.0
  0
LWPOLYLINE
  5
409
330
17
100
AcDbEntity
  8
TUTORIAL_TILES
100
AcDbPolyline
 90
4
 70
1
 10
5264.5
 20
4539.0
 10
5554.5
 20
4539.0
 10
5554.5
 20
4621.0
 10
5264.5
 20
4621.0
  0
LWPOLYLINE
  5
40A
330
17
100
AcDbEntity
  8
TUTORIAL_TILES
100
AcDbPolyline
 90
4
 70
1
 10
4967.5
 20
4539.0
 10
5257.5
 20
4539.0
 10
5257.5
 20
4621.0
 10
4967.5
 20
4621.0
  0
LWPOLYLINE
  5
40B
330
17
100
AcDbEntity
  8
TUTORIAL_TILES
100
AcDbPolyline
 90
4
 70
1
 10
4670.5
 20
4539.0
 10
4960.5
 20
4539.0
 10
4960.5
 20
4621.0
 10
4670.5
 20
4621.0
  0
LWPOLYLINE
  5
40C
330
17
100
AcDbEntity
  8
TUTORIAL_TILES
100
AcDbPolyline
 90
4
 70
1
 10
4373.5
 20
4539.0
 10
4663.5
 20
4539.0
 10
4663.5
 20
4621.0
 10
4373.5
 20
4621.0
  0
LWPOLYLINE
  5
40D
330
17
100
AcDbEntity
  8
TUTORIAL_TILES
100
AcDbPolyline
 90
4
 70
1
 10
4076.5
 20
4539.0
 10
4366.5
 20
4539.0
 10
4366.5
 20
4621.0
 10
4076.5
 20
4621.0
  0
LWPOLYLINE
  5
40E
330
17
100
AcDbEntity
  8
TUTORIAL_TILES
100
AcDbPolyline
 90
4
 70
1
 10
3779.5
 20
4539.0
 10
4069.5
 20
4539.0
 10
4069.5
 20
4621.0
 10
3779.5
 20
4621.0
  0
LWPOLYLINE
  5
40F
330
17
100
AcDbEntity
  8
TUTORIAL_TILES
100
AcDbPolyline
 90
4
 70
1
 10
3482.5
 20
4539.0
 10
3772.5
 20
4539.0
 10
3772.5
 20
4621.0
 10
3482.5
 20
4621.0
  0
LWPOLYLINE
  5
410
330
17
100
AcDbEntity
  8
TUTORIAL_TILES
100
AcDbPolyline
 90
4
 70
1
 10
3185.5
 20
4539.0
 10
3475.5
 20
4539.0
 10
3475.5
 20
4621.0
 10
3185.5
 20
4621.0
  0
LWPOLYLINE
  5
411
330
17
100
AcDbEntity
  8
TUTORIAL_TILES
100
AcDbPolyline
 90
4
 70
1
 10
2888.5
 20
4539.0
 10
3178.5
 20
4539.0
 10
3178.5
 20
4621.0
 10
2888.5
 20
4621.0
  0
LWPOLYLINE
  5
412
330
17
100
AcDbEntity
  8
TUTORIAL_TILES
100
AcDbPolyline
 90
4
 70
1
 10
2591.5
 20
4539.0
 10
2881.5
 20
4539.0
 10
2881.5
 20
4621.0
 10
2591.5
 20
4621.0
  0
LWPOLYLINE
  5
413
330
17
100
AcDbEntity
  8
TUTORIAL_TILES
100
AcDbPolyline
 90
4
 70
1
 10
2294.5
 20
4539.0
 10
2584.5
 20
4539.0
 10
2584.5
 20
4621.0
 10
2294.5
 20
4621.0
  0
LWPOLYLINE
  5
414
330
17
100
AcDbEntity
  8
TUTORIAL_TILES
100
AcDbPolyline
 90
4
 70
1
 10
1997.5
 20
4539.0
 10
2287.5
 20
4539.0
 10
2287.5
 20
4621.0
 10
1997.5
 20
4621.0
  0
LWPOLYLINE
  5
415
330
17
100
AcDbEntity
  8
TUTORIAL_TILES
100
AcDbPolyline
 90
4
 70
1
 10
1700.5
 20
4539.0
 10
1990.5
 20
4539.0
 10
1990.5
 20
4621.0
 10
1700.5
 20
4621.0
  0
LWPOLYLINE
  5
416
330
17
100
AcDbEntity
  8
TUTORIAL_TILES
100
AcDbPolyline
 90
4
 70
1
 10
1403.5
 20
4539.0
 10
1693.5
 20
4539.0
 10
1693.5
 20
4621.0
 10
1403.5
 20
4621.0
  0
LWPOLYLINE
  5
417
330
17
100
AcDbEntity
  8
TUTORIAL_TILES
100
AcDbPolyline
 90
4
 70
1
 10
1106.5
 20
4539.0
 10
1396.5
 20
4539.0
 10
1396.5
 20
4621.0
 10
1106.5
 20
4621.0
  0
LWPOLYLINE
  5
418
330
17
100
AcDbEntity
  8
TUTORIAL_TILES
100
AcDbPolyline
 90
4
 70
1
 10
809.5
 20
4539.0
 10
1099.5
 20
4539.0
 10
1099.5
 20
4621.0
 10
809.5
 20
4621.0
  0
LWPOLYLINE
  5
419
330
17
100
AcDbEntity
  8
TUTORIAL_TILES
100
AcDbPolyline
 90
4
 70
1
 10
512.5
 20
4539.0
 10
802.5
 20
4539.0
 10
802.5
 20
4621.0
 10
512.5
 20
4621.0
  0
LWPOLYLINE
  5
41A
330
17
100
AcDbEntity
  8
TUTORIAL_TILES
100
AcDbPolyline
 90
4
 70
1
 10
215.5
 20
4539.0
 10
505.5
 20
4539.0
 10
505.5
 20
4621.0
 10
215.5
 20
4621.0
  0
LWPOLYLINE
  5
41B
330
17
100
AcDbEntity
  8
TUTORIAL_CUT
100
AcDbPolyline
 90
4
 70
1
 10
0.0
 20
4539.0
 10
208.5
 20
4539.0
 10
208.5
 20
4621.0
 10
0.0
 20
4621.0
  0
LWPOLYLINE
  5
41C
330
17
100
AcDbEntity
  8
TUTORIAL_TILES
100
AcDbPolyline
 90
4
 70
1
 10
5710.0
 20
4628.0
 10
6000.0
 20
4628.0
 10
6000.0
 20
4710.0
 10
5710.0
 20
4710.0
  0
LWPOLYLINE
  5
41D
330
17
100
AcDbEntity
  8
TUTORIAL_TILES
100
AcDbPolyline
 90
4
 70
1
 10
5413.0
 20
4628.0
 10
5703.0
 20
4628.0
 10
5703.0
 20
4710.0
 10
5413.0
 20
4710.0
  0
LWPOLYLINE
  5
41E
330
17
100
AcDbEntity
  8
TUTORIAL_TILES
100
AcDbPolyline
 90
4
 70
1
 10
5116.0
 20
4628.0
 10
5406.0
 20
4628.0
 10
5406.0
 20
4710.0
 10
5116.0
 20
4710.0
  0
LWPOLYLINE
  5
41F
330
17
100
AcDbEntity
  8
TUTORIAL_TILES
100
AcDbPolyline
 90
4
 70
1
 10
4819.0
 20
4628.0
 10
5109.0
 20
4628.0
 10
5109.0
 20
4710.0
 10
4819.0
 20
4710.0
  0
LWPOLYLINE
  5
420
330
17
100
AcDbEntity
  8
TUTORIAL_TILES
100
AcDbPolyline
 90
4
 70
1
 10
4522.0
 20
4628.0
 10
4812.0
 20
4628.0
 10
4812.0
 20
4710.0
 10
4522.0
 20
4710.0
  0
LWPOLYLINE
  5
421
330
17
100
AcDbEntity
  8
TUTORIAL_TILES
100
AcDbPolyline
 90
4
 70
1
 10
4225.0
 20
4628.0
 10
4515.0
 20
4628.0
 10
4515.0
 20
4710.0
 10
4225.0
 20
4710.0
  0
LWPOLYLINE
  5
422
330
17
100
AcDbEntity
  8
TUTORIAL_TILES
100
AcDbPolyline
 90
4
 70
1
 10
3928.0
 20
4628.0
 10
4218.0
 20
4628.0
 10
4218.0
 20
4710.0
 10
3928.0
 20
4710.0
  0
LWPOLYLINE
  5
423
330
17
100
AcDbEntity
  8
TUTORIAL_TILES
100
AcDbPolyline
 90
4
 70
1
 10
3631.0
 20
4628.0
 10
3921.0
 20
4628.0
 10
3921.0
 20
4710.0
 10
3631.0
 20
4710.0
  0
LWPOLYLINE
  5
424
330
17
100
AcDbEntity
  8
TUTORIAL_TILES
100
AcDbPolyline
 90
4
 70
1
 10
3334.0
 20
4628.0
 10
3624.0
 20
4628.0
 10
3624.0
 20
4710.0
 10
3334.0
 20
4710.0
  0
LWPOLYLINE
  5
425
330
17
100
AcDbEntity
  8
TUTORIAL_TILES
100
AcDbPolyline
 90
4
 70
1
 10
3037.0
 20
4628.0
 10
3327.0
 20
4628.0
 10
3327.0
 20
4710.0
 10
3037.0
 20
4710.0
  0
LWPOLYLINE
  5
426
330
17
100
AcDbEntity
  8
TUTORIAL_TILES
100
AcDbPolyline
 90
4
 70
1
 10
2740.0
 20
4628.0
 10
3030.0
 20
4628.0
 10
3030.0
 20
4710.0
 10
2740.0
 20
4710.0
  0
LWPOLYLINE
  5
427
330
17
100
AcDbEntity
  8
TUTORIAL_TILES
100
AcDbPolyline
 90
4
 70
1
 10
2443.0
 20
4628.0
 10
2733.0
 20
4628.0
 10
2733.0
 20
4710.0
 10
2443.0
 20
4710.0
  0
LWPOLYLINE
  5
428
330
17
100
AcDbEntity
  8
TUTORIAL_TILES
100
AcDbPolyline
 90
4
 70
1
 10
2146.0
 20
4628.0
 10
2436.0
 20
4628.0
 10
2436.0
 20
4710.0
 10
2146.0
 20
4710.0
  0
LWPOLYLINE
  5
429
330
17
100
AcDbEntity
  8
TUTORIAL_TILES
100
AcDbPolyline
 90
4
 70
1
 10
1849.0
 20
4628.0
 10
2139.0
 20
4628.0
 10
2139.0
 20
4710.0
 10
1849.0
 20
4710.0
  0
LWPOLYLINE
  5
42A
330
17
100
AcDbEntity
  8
TUTORIAL_TILES
100
AcDbPolyline
 90
4
 70
1
 10
1552.0
 20
4628.0
 10
1842.0
 20
4628.0
 10
1842.0
 20
4710.0
 10
1552.0
 20
4710.0
  0
LWPOLYLINE
  5
42B
330
17
100
AcDbEntity
  8
TUTORIAL_TILES
100
AcDbPolyline
 90
4
 70
1
 10
1255.0
 20
4628.0
 10
1545.0
 20
4628.0
 10
1545.0
 20
4710.0
 10
1255.0
 20
4710.0
  0
LWPOLYLINE
  5
42C
330
17
100
AcDbEntity
  8
TUTORIAL_TILES
100
AcDbPolyline
 90
4
 70
1
 10
958.0
 20
4628.0
 10
1248.0
 20
4628.0
 10
1248.0
 20
4710.0
 10
958.0
 20
4710.0
  0
LWPOLYLINE
  5
42D
330
17
100
AcDbEntity
  8
TUTORIAL_TILES
100
AcDbPolyline
 90
4
 70
1
 10
661.0
 20
4628.0
 10
951.0
 20
4628.0
 10
951.0
 20
4710.0
 10
661.0
 20
4710.0
  0
LWPOLYLINE
  5
42E
330
17
100
AcDbEntity
  8
TUTORIAL_TILES
100
AcDbPolyline
 90
4
 70
1
 10
364.0
 20
4628.0
 10
654.0
 20
4628.0
 10
654.0
 20
4710.0
 10
364.0
 20
4710.0
  0
LWPOLYLINE
  5
42F
330
17
100
AcDbEntity
  8
TUTORIAL_TILES
100
AcDbPolyline
 90
4
 70
1
 10
67.0
 20
4628.0
 10
357.0
 20
4628.0
 10
357.0
 20
4710.0
 10
67.0
 20
4710.0
  0
LWPOLYLINE
  5
430
330
17
100
AcDbEntity
  8
TUTORIAL_CUT
100
AcDbPolyline
 90
4
 70
1
 10
0.0
 20
4628.0
 10
60.0
 20
4628.0
 10
60.0
 20
4710.0
 10
0.0
 20
4710.0
  0
LWPOLYLINE
  5
431
330
17
100
AcDbEntity
  8
TUTORIAL_CUT
100
AcDbPolyline
 90
4
 70
1
 10
5858.5
 20
4717.0
 10
6000.0
 20
4717.0
 10
6000.0
 20
4799.0
 10
5858.5
 20
4799.0
  0
LWPOLYLINE
  5
432
330
17
100
AcDbEntity
  8
TUTORIAL_TILES
100
AcDbPolyline
 90
4
 70
1
 10
5561.5
 20
4717.0
 10
5851.5
 20
4717.0
 10
5851.5
 20
4799.0
 10
5561.5
 20
4799.0
  0
LWPOLYLINE
  5
433
330
17
100
AcDbEntity
  8
TUTORIAL_TILES
100
AcDbPolyline
 90
4
 70
1
 10
5264.5
 20
4717.0
 10
5554.5
 20
4717.0
 10
5554.5
 20
4799.0
 10
5264.5
 20
4799.0
  0
LWPOLYLINE
  5
434
330
17
100
AcDbEntity
  8
TUTORIAL_TILES
100
AcDbPolyline
 90
4
 70
1
 10
4967.5
 20
4717.0
 10
5257.5
 20
4717.0
 10
5257.5
 20
4799.0
 10
4967.5
 20
4799.0
  0
LWPOLYLINE
  5
435
330
17
100
AcDbEntity
  8
TUTORIAL_TILES
100
AcDbPolyline
 90
4
 70
1
 10
4670.5
 20
4717.0
 10
4960.5
 20
4717.0
 10
4960.5
 20
4799.0
 10
4670.5
 20
4799.0
  0
LWPOLYLINE
  5
436
330
17
100
AcDbEntity
  8
TUTORIAL_TILES
100
AcDbPolyline
 90
4
 70
1
 10
4373.5
 20
4717.0
 10
4663.5
 20
4717.0
 10
4663.5
 20
4799.0
 10
4373.5
 20
4799.0
  0
LWPOLYLINE
  5
437
330
17
100
AcDbEntity
  8
TUTORIAL_TILES
100
AcDbPolyline
 90
4
 70
1
 10
4076.5
 20
4717.0
 10
4366.5
 20
4717.0
 10
4366.5
 20
4799.0
 10
4076.5
 20
4799.0
  0
LWPOLYLINE
  5
438
330
17
100
AcDbEntity
  8
TUTORIAL_TILES
100
AcDbPolyline
 90
4
 70
1
 10
3779.5
 20
4717.0
 10
4069.5
 20
4717.0
 10
4069.5
 20
4799.0
 10
3779.5
 20
4799.0
  0
LWPOLYLINE
  5
439
330
17
100
AcDbEntity
  8
TUTORIAL_TILES
100
AcDbPolyline
 90
4
 70
1
 10
3482.5
 20
4717.0
 10
3772.5
 20
4717.0
 10
3772.5
 20
4799.0
 10
3482.5
 20
4799.0
  0
LWPOLYLINE
  5
43A
330
17
100
AcDbEntity
  8
TUTORIAL_TILES
100
AcDbPolyline
 90
4
 70
1
 10
3185.5
 20
4717.0
 10
3475.5
 20
4717.0
 10
3475.5
 20
4799.0
 10
3185.5
 20
4799.0
  0
LWPOLYLINE
  5
43B
330
17
100
AcDbEntity
  8
TUTORIAL_TILES
100
AcDbPolyline
 90
4
 70
1
 10
2888.5
 20
4717.0
 10
3178.5
 20
4717.0
 10
3178.5
 20
4799.0
 10
2888.5
 20
4799.0
  0
LWPOLYLINE
  5
43C
330
17
100
AcDbEntity
  8
TUTORIAL_TILES
100
AcDbPolyline
 90
4
 70
1
 10
2591.5
 20
4717.0
 10
2881.5
 20
4717.0
 10
2881.5
 20
4799.0
 10
2591.5
 20
4799.0
  0
LWPOLYLINE
  5
43D
330
17
100
AcDbEntity
  8
TUTORIAL_TILES
100
AcDbPolyline
 90
4
 70
1
 10
2294.5
 20
4717.0
 10
2584.5
 20
4717.0
 10
2584.5
 20
4799.0
 10
2294.5
 20
4799.0
  0
LWPOLYLINE
  5
43E
330
17
100
AcDbEntity
  8
TUTORIAL_TILES
100
AcDbPolyline
 90
4
 70
1
 10
1997.5
 20
4717.0
 10
2287.5
 20
4717.0
 10
2287.5
 20
4799.0
 10
1997.5
 20
4799.0
  0
LWPOLYLINE
  5
43F
330
17
100
AcDbEntity
  8
TUTORIAL_TILES
100
AcDbPolyline
 90
4
 70
1
 10
1700.5
 20
4717.0
 10
1990.5
 20
4717.0
 10
1990.5
 20
4799.0
 10
1700.5
 20
4799.0
  0
LWPOLYLINE
  5
440
330
17
100
AcDbEntity
  8
TUTORIAL_TILES
100
AcDbPolyline
 90
4
 70
1
 10
1403.5
 20
4717.0
 10
1693.5
 20
4717.0
 10
1693.5
 20
4799.0
 10
1403.5
 20
4799.0
  0
LWPOLYLINE
  5
441
330
17
100
AcDbEntity
  8
TUTORIAL_TILES
100
AcDbPolyline
 90
4
 70
1
 10
1106.5
 20
4717.0
 10
1396.5
 20
4717.0
 10
1396.5
 20
4799.0
 10
1106.5
 20
4799.0
  0
LWPOLYLINE
  5
442
330
17
100
AcDbEntity
  8
TUTORIAL_TILES
100
AcDbPolyline
 90
4
 70
1
 10
809.5
 20
4717.0
 10
1099.5
 20
4717.0
 10
1099.5
 20
4799.0
 10
809.5
 20
4799.0
  0
LWPOLYLINE
  5
443
330
17
100
AcDbEntity
  8
TUTORIAL_TILES
100
AcDbPolyline
 90
4
 70
1
 10
512.5
 20
4717.0
 10
802.5
 20
4717.0
 10
802.5
 20
4799.0
 10
512.5
 20
4799.0
  0
LWPOLYLINE
  5
444
330
17
100
AcDbEntity
  8
TUTORIAL_TILES
100
AcDbPolyline
 90
4
 70
1
 10
215.5
 20
4717.0
 10
505.5
 20
4717.0
 10
505.5
 20
4799.0
 10
215.5
 20
4799.0
  0
LWPOLYLINE
  5
445
330
17
100
AcDbEntity
  8
TUTORIAL_CUT
100
AcDbPolyline
 90
4
 70
1
 10
0.0
 20
4717.0
 10
208.5
 20
4717.0
 10
208.5
 20
4799.0
 10
0.0
 20
4799.0
  0
LWPOLYLINE
  5
446
330
17
100
AcDbEntity
  8
TUTORIAL_TILES
100
AcDbPolyline
 90
4
 70
1
 10
5710.0
 20
4806.0
 10
6000.0
 20
4806.0
 10
6000.0
 20
4888.0
 10
5710.0
 20
4888.0
  0
LWPOLYLINE
  5
447
330
17
100
AcDbEntity
  8
TUTORIAL_TILES
100
AcDbPolyline
 90
4
 70
1
 10
5413.0
 20
4806.0
 10
5703.0
 20
4806.0
 10
5703.0
 20
4888.0
 10
5413.0
 20
4888.0
  0
LWPOLYLINE
  5
448
330
17
100
AcDbEntity
  8
TUTORIAL_TILES
100
AcDbPolyline
 90
4
 70
1
 10
5116.0
 20
4806.0
 10
5406.0
 20
4806.0
 10
5406.0
 20
4888.0
 10
5116.0
 20
4888.0
  0
LWPOLYLINE
  5
449
330
17
100
AcDbEntity
  8
TUTORIAL_TILES
100
AcDbPolyline
 90
4
 70
1
 10
4819.0
 20
4806.0
 10
5109.0
 20
4806.0
 10
5109.0
 20
4888.0
 10
4819.0
 20
4888.0
  0
LWPOLYLINE
  5
44A
330
17
100
AcDbEntity
  8
TUTORIAL_TILES
100
AcDbPolyline
 90
4
 70
1
 10
4522.0
 20
4806.0
 10
4812.0
 20
4806.0
 10
4812.0
 20
4888.0
 10
4522.0
 20
4888.0
  0
LWPOLYLINE
  5
44B
330
17
100
AcDbEntity
  8
TUTORIAL_TILES
100
AcDbPolyline
 90
4
 70
1
 10
4225.0
 20
4806.0
 10
4515.0
 20
4806.0
 10
4515.0
 20
4888.0
 10
4225.0
 20
4888.0
  0
LWPOLYLINE
  5
44C
330
17
100
AcDbEntity
  8
TUTORIAL_TILES
100
AcDbPolyline
 90
4
 70
1
 10
3928.0
 20
4806.0
 10
4218.0
 20
4806.0
 10
4218.0
 20
4888.0
 10
3928.0
 20
4888.0
  0
LWPOLYLINE
  5
44D
330
17
100
AcDbEntity
  8
TUTORIAL_TILES
100
AcDbPolyline
 90
4
 70
1
 10
3631.0
 20
4806.0
 10
3921.0
 20
4806.0
 10
3921.0
 20
4888.0
 10
3631.0
 20
4888.0
  0
LWPOLYLINE
  5
44E
330
17
100
AcDbEntity
  8
TUTORIAL_TILES
100
AcDbPolyline
 90
4
 70
1
 10
3334.0
 20
4806.0
 10
3624.0
 20
4806.0
 10
3624.0
 20
4888.0
 10
3334.0
 20
4888.0
  0
LWPOLYLINE
  5
44F
330
17
100
AcDbEntity
  8
TUTORIAL_TILES
100
AcDbPolyline
 90
4
 70
1
 10
3037.0
 20
4806.0
 10
3327.0
 20
4806.0
 10
3327.0
 20
4888.0
 10
3037.0
 20
4888.0
  0
LWPOLYLINE
  5
450
330
17
100
AcDbEntity
  8
TUTORIAL_TILES
100
AcDbPolyline
 90
4
 70
1
 10
2740.0
 20
4806.0
 10
3030.0
 20
4806.0
 10
3030.0
 20
4888.0
 10
2740.0
 20
4888.0
  0
LWPOLYLINE
  5
451
330
17
100
AcDbEntity
  8
TUTORIAL_TILES
100
AcDbPolyline
 90
4
 70
1
 10
2443.0
 20
4806.0
 10
2733.0
 20
4806.0
 10
2733.0
 20
4888.0
 10
2443.0
 20
4888.0
  0
LWPOLYLINE
  5
452
330
17
100
AcDbEntity
  8
TUTORIAL_TILES
100
AcDbPolyline
 90
4
 70
1
 10
2146.0
 20
4806.0
 10
2436.0
 20
4806.0
 10
2436.0
 20
4888.0
 10
2146.0
 20
4888.0
  0
LWPOLYLINE
  5
453
330
17
100
AcDbEntity
  8
TUTORIAL_TILES
100
AcDbPolyline
 90
4
 70
1
 10
1849.0
 20
4806.0
 10
2139.0
 20
4806.0
 10
2139.0
 20
4888.0
 10
1849.0
 20
4888.0
  0
LWPOLYLINE
  5
454
330
17
100
AcDbEntity
  8
TUTORIAL_TILES
100
AcDbPolyline
 90
4
 70
1
 10
1552.0
 20
4806.0
 10
1842.0
 20
4806.0
 10
1842.0
 20
4888.0
 10
1552.0
 20
4888.0
  0
LWPOLYLINE
  5
455
330
17
100
AcDbEntity
  8
TUTORIAL_TILES
100
AcDbPolyline
 90
4
 70
1
 10
1255.0
 20
4806.0
 10
1545.0
 20
4806.0
 10
1545.0
 20
4888.0
 10
1255.0
 20
4888.0
  0
LWPOLYLINE
  5
456
330
17
100
AcDbEntity
  8
TUTORIAL_TILES
100
AcDbPolyline
 90
4
 70
1
 10
958.0
 20
4806.0
 10
1248.0
 20
4806.0
 10
1248.0
 20
4888.0
 10
958.0
 20
4888.0
  0
LWPOLYLINE
  5
457
330
17
100
AcDbEntity
  8
TUTORIAL_TILES
100
AcDbPolyline
 90
4
 70
1
 10
661.0
 20
4806.0
 10
951.0
 20
4806.0
 10
951.0
 20
4888.0
 10
661.0
 20
4888.0
  0
LWPOLYLINE
  5
458
330
17
100
AcDbEntity
  8
TUTORIAL_TILES
100
AcDbPolyline
 90
4
 70
1
 10
364.0
 20
4806.0
 10
654.0
 20
4806.0
 10
654.0
 20
4888.0
 10
364.0
 20
4888.0
  0
LWPOLYLINE
  5
459
330
17
100
AcDbEntity
  8
TUTORIAL_TILES
100
AcDbPolyline
 90
4
 70
1
 10
67.0
 20
4806.0
 10
357.0
 20
4806.0
 10
357.0
 20
4888.0
 10
67.0
 20
4888.0
  0
LWPOLYLINE
  5
45A
330
17
100
AcDbEntity
  8
TUTORIAL_CUT
100
AcDbPolyline
 90
4
 70
1
 10
0.0
 20
4806.0
 10
60.0
 20
4806.0
 10
60.0
 20
4888.0
 10
0.0
 20
4888.0
  0
LWPOLYLINE
  5
45B
330
17
100
AcDbEntity
  8
TUTORIAL_CUT
100
AcDbPolyline
 90
4
 70
1
 10
5858.5
 20
4895.0
 10
6000.0
 20
4895.0
 10
6000.0
 20
4977.0
 10
5858.5
 20
4977.0
  0
LWPOLYLINE
  5
45C
330
17
100
AcDbEntity
  8
TUTORIAL_TILES
100
AcDbPolyline
 90
4
 70
1
 10
5561.5
 20
4895.0
 10
5851.5
 20
4895.0
 10
5851.5
 20
4977.0
 10
5561.5
 20
4977.0
  0
LWPOLYLINE
  5
45D
330
17
100
AcDbEntity
  8
TUTORIAL_TILES
100
AcDbPolyline
 90
4
 70
1
 10
5264.5
 20
4895.0
 10
5554.5
 20
4895.0
 10
5554.5
 20
4977.0
 10
5264.5
 20
4977.0
  0
LWPOLYLINE
  5
45E
330
17
100
AcDbEntity
  8
TUTORIAL_TILES
100
AcDbPolyline
 90
4
 70
1
 10
4967.5
 20
4895.0
 10
5257.5
 20
4895.0
 10
5257.5
 20
4977.0
 10
4967.5
 20
4977.0
  0
LWPOLYLINE
  5
45F
330
17
100
AcDbEntity
  8
TUTORIAL_TILES
100
AcDbPolyline
 90
4
 70
1
 10
4670.5
 20
4895.0
 10
4960.5
 20
4895.0
 10
4960.5
 20
4977.0
 10
4670.5
 20
4977.0
  0
LWPOLYLINE
  5
460
330
17
100
AcDbEntity
  8
TUTORIAL_TILES
100
AcDbPolyline
 90
4
 70
1
 10
4373.5
 20
4895.0
 10
4663.5
 20
4895.0
 10
4663.5
 20
4977.0
 10
4373.5
 20
4977.0
  0
LWPOLYLINE
  5
461
330
17
100
AcDbEntity
  8
TUTORIAL_TILES
100
AcDbPolyline
 90
4
 70
1
 10
4076.5
 20
4895.0
 10
4366.5
 20
4895.0
 10
4366.5
 20
4977.0
 10
4076.5
 20
4977.0
  0
LWPOLYLINE
  5
462
330
17
100
AcDbEntity
  8
TUTORIAL_TILES
100
AcDbPolyline
 90
4
 70
1
 10
3779.5
 20
4895.0
 10
4069.5
 20
4895.0
 10
4069.5
 20
4977.0
 10
3779.5
 20
4977.0
  0
LWPOLYLINE
  5
463
330
17
100
AcDbEntity
  8
TUTORIAL_TILES
100
AcDbPolyline
 90
4
 70
1
 10
3482.5
 20
4895.0
 10
3772.5
 20
4895.0
 10
3772.5
 20
4977.0
 10
3482.5
 20
4977.0
  0
LWPOLYLINE
  5
464
330
17
100
AcDbEntity
  8
TUTORIAL_TILES
100
AcDbPolyline
 90
4
 70
1
 10
3185.5
 20
4895.0
 10
3475.5
 20
4895.0
 10
3475.5
 20
4977.0
 10
3185.5
 20
4977.0
  0
LWPOLYLINE
  5
465
330
17
100
AcDbEntity
  8
TUTORIAL_TILES
100
AcDbPolyline
 90
4
 70
1
 10
2888.5
 20
4895.0
 10
3178.5
 20
4895.0
 10
3178.5
 20
4977.0
 10
2888.5
 20
4977.0
  0
LWPOLYLINE
  5
466
330
17
100
AcDbEntity
  8
TUTORIAL_TILES
100
AcDbPolyline
 90
4
 70
1
 10
2591.5
 20
4895.0
 10
2881.5
 20
4895.0
 10
2881.5
 20
4977.0
 10
2591.5
 20
4977.0
  0
LWPOLYLINE
  5
467
330
17
100
AcDbEntity
  8
TUTORIAL_TILES
100
AcDbPolyline
 90
4
 70
1
 10
2294.5
 20
4895.0
 10
2584.5
 20
4895.0
 10
2584.5
 20
4977.0
 10
2294.5
 20
4977.0
  0
LWPOLYLINE
  5
468
330
17
100
AcDbEntity
  8
TUTORIAL_TILES
100
AcDbPolyline
 90
4
 70
1
 10
1997.5
 20
4895.0
 10
2287.5
 20
4895.0
 10
2287.5
 20
4977.0
 10
1997.5
 20
4977.0
  0
LWPOLYLINE
  5
469
330
17
100
AcDbEntity
  8
TUTORIAL_TILES
100
AcDbPolyline
 90
4
 70
1
 10
1700.5
 20
4895.0
 10
1990.5
 20
4895.0
 10
1990.5
 20
4977.0
 10
1700.5
 20
4977.0
  0
LWPOLYLINE
  5
46A
330
17
100
AcDbEntity
  8
TUTORIAL_TILES
100
AcDbPolyline
 90
4
 70
1
 10
1403.5
 20
4895.0
 10
1693.5
 20
4895.0
 10
1693.5
 20
4977.0
 10
1403.5
 20
4977.0
  0
LWPOLYLINE
  5
46B
330
17
100
AcDbEntity
  8
TUTORIAL_TILES
100
AcDbPolyline
 90
4
 70
1
 10
1106.5
 20
4895.0
 10
1396.5
 20
4895.0
 10
1396.5
 20
4977.0
 10
1106.5
 20
4977.0
  0
LWPOLYLINE
  5
46C
330
17
100
AcDbEntity
  8
TUTORIAL_TILES
100
AcDbPolyline
 90
4
 70
1
 10
809.5
 20
4895.0
 10
1099.5
 20
4895.0
 10
1099.5
 20
4977.0
 10
809.5
 20
4977.0
  0
LWPOLYLINE
  5
46D
330
17
100
AcDbEntity
  8
TUTORIAL_TILES
100
AcDbPolyline
 90
4
 70
1
 10
512.5
 20
4895.0
 10
802.5
 20
4895.0
 10
802.5
 20
4977.0
 10
512.5
 20
4977.0
  0
LWPOLYLINE
  5
46E
330
17
100
AcDbEntity
  8
TUTORIAL_TILES
100
AcDbPolyline
 90
4
 70
1
 10
215.5
 20
4895.0
 10
505.5
 20
4895.0
 10
505.5
 20
4977.0
 10
215.5
 20
4977.0
  0
LWPOLYLINE
  5
46F
330
17
100
AcDbEntity
  8
TUTORIAL_CUT
100
AcDbPolyline
 90
4
 70
1
 10
0.0
 20
4895.0
 10
208.5
 20
4895.0
 10
208.5
 20
4977.0
 10
0.0
 20
4977.0
  0
LWPOLYLINE
  5
470
330
17
100
AcDbEntity
  8
TUTORIAL_TILES
100
AcDbPolyline
 90
4
 70
1
 10
5710.0
 20
4984.0
 10
6000.0
 20
4984.0
 10
6000.0
 20
5066.0
 10
5710.0
 20
5066.0
  0
LWPOLYLINE
  5
471
330
17
100
AcDbEntity
  8
TUTORIAL_TILES
100
AcDbPolyline
 90
4
 70
1
 10
5413.0
 20
4984.0
 10
5703.0
 20
4984.0
 10
5703.0
 20
5066.0
 10
5413.0
 20
5066.0
  0
LWPOLYLINE
  5
472
330
17
100
AcDbEntity
  8
TUTORIAL_TILES
100
AcDbPolyline
 90
4
 70
1
 10
5116.0
 20
4984.0
 10
5406.0
 20
4984.0
 10
5406.0
 20
5066.0
 10
5116.0
 20
5066.0
  0
LWPOLYLINE
  5
473
330
17
100
AcDbEntity
  8
TUTORIAL_TILES
100
AcDbPolyline
 90
4
 70
1
 10
4819.0
 20
4984.0
 10
5109.0
 20
4984.0
 10
5109.0
 20
5066.0
 10
4819.0
 20
5066.0
  0
LWPOLYLINE
  5
474
330
17
100
AcDbEntity
  8
TUTORIAL_TILES
100
AcDbPolyline
 90
4
 70
1
 10
4522.0
 20
4984.0
 10
4812.0
 20
4984.0
 10
4812.0
 20
5066.0
 10
4522.0
 20
5066.0
  0
LWPOLYLINE
  5
475
330
17
100
AcDbEntity
  8
TUTORIAL_TILES
100
AcDbPolyline
 90
4
 70
1
 10
4225.0
 20
4984.0
 10
4515.0
 20
4984.0
 10
4515.0
 20
5066.0
 10
4225.0
 20
5066.0
  0
LWPOLYLINE
  5
476
330
17
100
AcDbEntity
  8
TUTORIAL_TILES
100
AcDbPolyline
 90
4
 70
1
 10
3928.0
 20
4984.0
 10
4218.0
 20
4984.0
 10
4218.0
 20
5066.0
 10
3928.0
 20
5066.0
  0
LWPOLYLINE
  5
477
330
17
100
AcDbEntity
  8
TUTORIAL_TILES
100
AcDbPolyline
 90
4
 70
1
 10
3631.0
 20
4984.0
 10
3921.0
 20
4984.0
 10
3921.0
 20
5066.0
 10
3631.0
 20
5066.0
  0
LWPOLYLINE
  5
478
330
17
100
AcDbEntity
  8
TUTORIAL_TILES
100
AcDbPolyline
 90
4
 70
1
 10
3334.0
 20
4984.0
 10
3624.0
 20
4984.0
 10
3624.0
 20
5066.0
 10
3334.0
 20
5066.0
  0
LWPOLYLINE
  5
479
330
17
100
AcDbEntity
  8
TUTORIAL_TILES
100
AcDbPolyline
 90
4
 70
1
 10
3037.0
 20
4984.0
 10
3327.0
 20
4984.0
 10
3327.0
 20
5066.0
 10
3037.0
 20
5066.0
  0
LWPOLYLINE
  5
47A
330
17
100
AcDbEntity
  8
TUTORIAL_TILES
100
AcDbPolyline
 90
4
 70
1
 10
2740.0
 20
4984.0
 10
3030.0
 20
4984.0
 10
3030.0
 20
5066.0
 10
2740.0
 20
5066.0
  0
LWPOLYLINE
  5
47B
330
17
100
AcDbEntity
  8
TUTORIAL_TILES
100
AcDbPolyline
 90
4
 70
1
 10
2443.0
 20
4984.0
 10
2733.0
 20
4984.0
 10
2733.0
 20
5066.0
 10
2443.0
 20
5066.0
  0
LWPOLYLINE
  5
47C
330
17
100
AcDbEntity
  8
TUTORIAL_TILES
100
AcDbPolyline
 90
4
 70
1
 10
2146.0
 20
4984.0
 10
2436.0
 20
4984.0
 10
2436.0
 20
5066.0
 10
2146.0
 20
5066.0
  0
LWPOLYLINE
  5
47D
330
17
100
AcDbEntity
  8
TUTORIAL_TILES
100
AcDbPolyline
 90
4
 70
1
 10
1849.0
 20
4984.0
 10
2139.0
 20
4984.0
 10
2139.0
 20
5066.0
 10
1849.0
 20
5066.0
  0
LWPOLYLINE
  5
47E
330
17
100
AcDbEntity
  8
TUTORIAL_TILES
100
AcDbPolyline
 90
4
 70
1
 10
1552.0
 20
4984.0
 10
1842.0
 20
4984.0
 10
1842.0
 20
5066.0
 10
1552.0
 20
5066.0
  0
LWPOLYLINE
  5
47F
330
17
100
AcDbEntity
  8
TUTORIAL_TILES
100
AcDbPolyline
 90
4
 70
1
 10
1255.0
 20
4984.0
 10
1545.0
 20
4984.0
 10
1545.0
 20
5066.0
 10
1255.0
 20
5066.0
  0
LWPOLYLINE
  5
480
330
17
100
AcDbEntity
  8
TUTORIAL_TILES
100
AcDbPolyline
 90
4
 70
1
 10
958.0
 20
4984.0
 10
1248.0
 20
4984.0
 10
1248.0
 20
5066.0
 10
958.0
 20
5066.0
  0
LWPOLYLINE
  5
481
330
17
100
AcDbEntity
  8
TUTORIAL_TILES
100
AcDbPolyline
 90
4
 70
1
 10
661.0
 20
4984.0
 10
951.0
 20
4984.0
 10
951.0
 20
5066.0
 10
661.0
 20
5066.0
  0
LWPOLYLINE
  5
482
330
17
100
AcDbEntity
  8
TUTORIAL_TILES
100
AcDbPolyline
 90
4
 70
1
 10
364.0
 20
4984.0
 10
654.0
 20
4984.0
 10
654.0
 20
5066.0
 10
364.0
 20
5066.0
  0
LWPOLYLINE
  5
483
330
17
100
AcDbEntity
  8
TUTORIAL_TILES
100
AcDbPolyline
 90
4
 70
1
 10
67.0
 20
4984.0
 10
357.0
 20
4984.0
 10
357.0
 20
5066.0
 10
67.0
 20
5066.0
  0
LWPOLYLINE
  5
484
330
17
100
AcDbEntity
  8
TUTORIAL_CUT
100
AcDbPolyline
 90
4
 70
1
 10
0.0
 20
4984.0
 10
60.0
 20
4984.0
 10
60.0
 20
5066.0
 10
0.0
 20
5066.0
  0
LWPOLYLINE
  5
485
330
17
100
AcDbEntity
  8
TUTORIAL_CUT
100
AcDbPolyline
 90
4
 70
1
 10
5858.5
 20
5073.0
 10
6000.0
 20
5073.0
 10
6000.0
 20
5155.0
 10
5858.5
 20
5155.0
  0
LWPOLYLINE
  5
486
330
17
100
AcDbEntity
  8
TUTORIAL_TILES
100
AcDbPolyline
 90
4
 70
1
 10
5561.5
 20
5073.0
 10
5851.5
 20
5073.0
 10
5851.5
 20
5155.0
 10
5561.5
 20
5155.0
  0
LWPOLYLINE
  5
487
330
17
100
AcDbEntity
  8
TUTORIAL_TILES
100
AcDbPolyline
 90
4
 70
1
 10
5264.5
 20
5073.0
 10
5554.5
 20
5073.0
 10
5554.5
 20
5155.0
 10
5264.5
 20
5155.0
  0
LWPOLYLINE
  5
488
330
17
100
AcDbEntity
  8
TUTORIAL_TILES
100
AcDbPolyline
 90
4
 70
1
 10
4967.5
 20
5073.0
 10
5257.5
 20
5073.0
 10
5257.5
 20
5155.0
 10
4967.5
 20
5155.0
  0
LWPOLYLINE
  5
489
330
17
100
AcDbEntity
  8
TUTORIAL_TILES
100
AcDbPolyline
 90
4
 70
1
 10
4670.5
 20
5073.0
 10
4960.5
 20
5073.0
 10
4960.5
 20
5155.0
 10
4670.5
 20
5155.0
  0
LWPOLYLINE
  5
48A
330
17
100
AcDbEntity
  8
TUTORIAL_TILES
100
AcDbPolyline
 90
4
 70
1
 10
4373.5
 20
5073.0
 10
4663.5
 20
5073.0
 10
4663.5
 20
5155.0
 10
4373.5
 20
5155.0
  0
LWPOLYLINE
  5
48B
330
17
100
AcDbEntity
  8
TUTORIAL_TILES
100
AcDbPolyline
 90
4
 70
1
 10
4076.5
 20
5073.0
 10
4366.5
 20
5073.0
 10
4366.5
 20
5155.0
 10
4076.5
 20
5155.0
  0
LWPOLYLINE
  5
48C
330
17
100
AcDbEntity
  8
TUTORIAL_TILES
100
AcDbPolyline
 90
4
 70
1
 10
3779.5
 20
5073.0
 10
4069.5
 20
5073.0
 10
4069.5
 20
5155.0
 10
3779.5
 20
5155.0
  0
LWPOLYLINE
  5
48D
330
17
100
AcDbEntity
  8
TUTORIAL_TILES
100
AcDbPolyline
 90
4
 70
1
 10
3482.5
 20
5073.0
 10
3772.5
 20
5073.0
 10
3772.5
 20
5155.0
 10
3482.5
 20
5155.0
  0
LWPOLYLINE
  5
48E
330
17
100
AcDbEntity
  8
TUTORIAL_TILES
100
AcDbPolyline
 90
4
 70
1
 10
3185.5
 20
5073.0
 10
3475.5
 20
5073.0
 10
3475.5
 20
5155.0
 10
3185.5
 20
5155.0
  0
LWPOLYLINE
  5
48F
330
17
100
AcDbEntity
  8
TUTORIAL_TILES
100
AcDbPolyline
 90
4
 70
1
 10
2888.5
 20
5073.0
 10
3178.5
 20
5073.0
 10
3178.5
 20
5155.0
 10
2888.5
 20
5155.0
  0
LWPOLYLINE
  5
490
330
17
100
AcDbEntity
  8
TUTORIAL_TILES
100
AcDbPolyline
 90
4
 70
1
 10
2591.5
 20
5073.0
 10
2881.5
 20
5073.0
 10
2881.5
 20
5155.0
 10
2591.5
 20
5155.0
  0
LWPOLYLINE
  5
491
330
17
100
AcDbEntity
  8
TUTORIAL_TILES
100
AcDbPolyline
 90
4
 70
1
 10
2294.5
 20
5073.0
 10
2584.5
 20
5073.0
 10
2584.5
 20
5155.0
 10
2294.5
 20
5155.0
  0
LWPOLYLINE
  5
492
330
17
100
AcDbEntity
  8
TUTORIAL_TILES
100
AcDbPolyline
 90
4
 70
1
 10
1997.5
 20
5073.0
 10
2287.5
 20
5073.0
 10
2287.5
 20
5155.0
 10
1997.5
 20
5155.0
  0
LWPOLYLINE
  5
493
330
17
100
AcDbEntity
  8
TUTORIAL_TILES
100
AcDbPolyline
 90
4
 70
1
 10
1700.5
 20
5073.0
 10
1990.5
 20
5073.0
 10
1990.5
 20
5155.0
 10
1700.5
 20
5155.0
  0
LWPOLYLINE
  5
494
330
17
100
AcDbEntity
  8
TUTORIAL_TILES
100
AcDbPolyline
 90
4
 70
1
 10
1403.5
 20
5073.0
 10
1693.5
 20
5073.0
 10
1693.5
 20
5155.0
 10
1403.5
 20
5155.0
  0
LWPOLYLINE
  5
495
330
17
100
AcDbEntity
  8
TUTORIAL_TILES
100
AcDbPolyline
 90
4
 70
1
 10
1106.5
 20
5073.0
 10
1396.5
 20
5073.0
 10
1396.5
 20
5155.0
 10
1106.5
 20
5155.0
  0
LWPOLYLINE
  5
496
330
17
100
AcDbEntity
  8
TUTORIAL_TILES
100
AcDbPolyline
 90
4
 70
1
 10
809.5
 20
5073.0
 10
1099.5
 20
5073.0
 10
1099.5
 20
5155.0
 10
809.5
 20
5155.0
  0
LWPOLYLINE
  5
497
330
17
100
AcDbEntity
  8
TUTORIAL_TILES
100
AcDbPolyline
 90
4
 70
1
 10
512.5
 20
5073.0
 10
802.5
 20
5073.0
 10
802.5
 20
5155.0
 10
512.5
 20
5155.0
  0
LWPOLYLINE
  5
498
330
17
100
AcDbEntity
  8
TUTORIAL_TILES
100
AcDbPolyline
 90
4
 70
1
 10
215.5
 20
5073.0
 10
505.5
 20
5073.0
 10
505.5
 20
5155.0
 10
215.5
 20
5155.0
  0
LWPOLYLINE
  5
499
330
17
100
AcDbEntity
  8
TUTORIAL_CUT
100
AcDbPolyline
 90
4
 70
1
 10
0.0
 20
5073.0
 10
208.5
 20
5073.0
 10
208.5
 20
5155.0
 10
0.0
 20
5155.0
  0
LWPOLYLINE
  5
49A
330
17
100
AcDbEntity
  8
TUTORIAL_TILES
100
AcDbPolyline
 90
4
 70
1
 10
5710.0
 20
5162.0
 10
6000.0
 20
5162.0
 10
6000.0
 20
5244.0
 10
5710.0
 20
5244.0
  0
LWPOLYLINE
  5
49B
330
17
100
AcDbEntity
  8
TUTORIAL_TILES
100
AcDbPolyline
 90
4
 70
1
 10
5413.0
 20
5162.0
 10
5703.0
 20
5162.0
 10
5703.0
 20
5244.0
 10
5413.0
 20
5244.0
  0
LWPOLYLINE
  5
49C
330
17
100
AcDbEntity
  8
TUTORIAL_TILES
100
AcDbPolyline
 90
4
 70
1
 10
5116.0
 20
5162.0
 10
5406.0
 20
5162.0
 10
5406.0
 20
5244.0
 10
5116.0
 20
5244.0
  0
LWPOLYLINE
  5
49D
330
17
100
AcDbEntity
  8
TUTORIAL_TILES
100
AcDbPolyline
 90
4
 70
1
 10
4819.0
 20
5162.0
 10
5109.0
 20
5162.0
 10
5109.0
 20
5244.0
 10
4819.0
 20
5244.0
  0
LWPOLYLINE
  5
49E
330
17
100
AcDbEntity
  8
TUTORIAL_TILES
100
AcDbPolyline
 90
4
 70
1
 10
4522.0
 20
5162.0
 10
4812.0
 20
5162.0
 10
4812.0
 20
5244.0
 10
4522.0
 20
5244.0
  0
LWPOLYLINE
  5
49F
330
17
100
AcDbEntity
  8
TUTORIAL_TILES
100
AcDbPolyline
 90
4
 70
1
 10
4225.0
 20
5162.0
 10
4515.0
 20
5162.0
 10
4515.0
 20
5244.0
 10
4225.0
 20
5244.0
  0
LWPOLYLINE
  5
4A0
330
17
100
AcDbEntity
  8
TUTORIAL_TILES
100
AcDbPolyline
 90
4
 70
1
 10
3928.0
 20
5162.0
 10
4218.0
 20
5162.0
 10
4218.0
 20
5244.0
 10
3928.0
 20
5244.0
  0
LWPOLYLINE
  5
4A1
330
17
100
AcDbEntity
  8
TUTORIAL_TILES
100
AcDbPolyline
 90
4
 70
1
 10
3631.0
 20
5162.0
 10
3921.0
 20
5162.0
 10
3921.0
 20
5244.0
 10
3631.0
 20
5244.0
  0
LWPOLYLINE
  5
4A2
330
17
100
AcDbEntity
  8
TUTORIAL_TILES
100
AcDbPolyline
 90
4
 70
1
 10
3334.0
 20
5162.0
 10
3624.0
 20
5162.0
 10
3624.0
 20
5244.0
 10
3334.0
 20
5244.0
  0
LWPOLYLINE
  5
4A3
330
17
100
AcDbEntity
  8
TUTORIAL_TILES
100
AcDbPolyline
 90
4
 70
1
 10
3037.0
 20
5162.0
 10
3327.0
 20
5162.0
 10
3327.0
 20
5244.0
 10
3037.0
 20
5244.0
  0
LWPOLYLINE
  5
4A4
330
17
100
AcDbEntity
  8
TUTORIAL_TILES
100
AcDbPolyline
 90
4
 70
1
 10
2740.0
 20
5162.0
 10
3030.0
 20
5162.0
 10
3030.0
 20
5244.0
 10
2740.0
 20
5244.0
  0
LWPOLYLINE
  5
4A5
330
17
100
AcDbEntity
  8
TUTORIAL_TILES
100
AcDbPolyline
 90
4
 70
1
 10
2443.0
 20
5162.0
 10
2733.0
 20
5162.0
 10
2733.0
 20
5244.0
 10
2443.0
 20
5244.0
  0
LWPOLYLINE
  5
4A6
330
17
100
AcDbEntity
  8
TUTORIAL_TILES
100
AcDbPolyline
 90
4
 70
1
 10
2146.0
 20
5162.0
 10
2436.0
 20
5162.0
 10
2436.0
 20
5244.0
 10
2146.0
 20
5244.0
  0
LWPOLYLINE
  5
4A7
330
17
100
AcDbEntity
  8
TUTORIAL_TILES
100
AcDbPolyline
 90
4
 70
1
 10
1849.0
 20
5162.0
 10
2139.0
 20
5162.0
 10
2139.0
 20
5244.0
 10
1849.0
 20
5244.0
  0
LWPOLYLINE
  5
4A8
330
17
100
AcDbEntity
  8
TUTORIAL_TILES
100
AcDbPolyline
 90
4
 70
1
 10
1552.0
 20
5162.0
 10
1842.0
 20
5162.0
 10
1842.0
 20
5244.0
 10
1552.0
 20
5244.0
  0
LWPOLYLINE
  5
4A9
330
17
100
AcDbEntity
  8
TUTORIAL_TILES
100
AcDbPolyline
 90
4
 70
1
 10
1255.0
 20
5162.0
 10
1545.0
 20
5162.0
 10
1545.0
 20
5244.0
 10
1255.0
 20
5244.0
  0
LWPOLYLINE
  5
4AA
330
17
100
AcDbEntity
  8
TUTORIAL_TILES
100
AcDbPolyline
 90
4
 70
1
 10
958.0
 20
5162.0
 10
1248.0
 20
5162.0
 10
1248.0
 20
5244.0
 10
958.0
 20
5244.0
  0
LWPOLYLINE
  5
4AB
330
17
100
AcDbEntity
  8
TUTORIAL_TILES
100
AcDbPolyline
 90
4
 70
1
 10
661.0
 20
5162.0
 10
951.0
 20
5162.0
 10
951.0
 20
5244.0
 10
661.0
 20
5244.0
  0
LWPOLYLINE
  5
4AC
330
17
100
AcDbEntity
  8
TUTORIAL_TILES
100
AcDbPolyline
 90
4
 70
1
 10
364.0
 20
5162.0
 10
654.0
 20
5162.0
 10
654.0
 20
5244.0
 10
364.0
 20
5244.0
  0
LWPOLYLINE
  5
4AD
330
17
100
AcDbEntity
  8
TUTORIAL_TILES
100
AcDbPolyline
 90
4
 70
1
 10
67.0
 20
5162.0
 10
357.0
 20
5162.0
 10
357.0
 20
5244.0
 10
67.0
 20
5244.0
  0
LWPOLYLINE
  5
4AE
330
17
100
AcDbEntity
  8
TUTORIAL_CUT
100
AcDbPolyline
 90
4
 70
1
 10
0.0
 20
5162.0
 10
60.0
 20
5162.0
 10
60.0
 20
5244.0
 10
0.0
 20
5244.0
  0
LWPOLYLINE
  5
4AF
330
17
100
AcDbEntity
  8
TUTORIAL_CUT
100
AcDbPolyline
 90
4
 70
1
 10
5858.5
 20
5251.0
 10
6000.0
 20
5251.0
 10
6000.0
 20
5333.0
 10
5858.5
 20
5333.0
  0
LWPOLYLINE
  5
4B0
330
17
100
AcDbEntity
  8
TUTORIAL_TILES
100
AcDbPolyline
 90
4
 70
1
 10
5561.5
 20
5251.0
 10
5851.5
 20
5251.0
 10
5851.5
 20
5333.0
 10
5561.5
 20
5333.0
  0
LWPOLYLINE
  5
4B1
330
17
100
AcDbEntity
  8
TUTORIAL_TILES
100
AcDbPolyline
 90
4
 70
1
 10
5264.5
 20
5251.0
 10
5554.5
 20
5251.0
 10
5554.5
 20
5333.0
 10
5264.5
 20
5333.0
  0
LWPOLYLINE
  5
4B2
330
17
100
AcDbEntity
  8
TUTORIAL_TILES
100
AcDbPolyline
 90
4
 70
1
 10
4967.5
 20
5251.0
 10
5257.5
 20
5251.0
 10
5257.5
 20
5333.0
 10
4967.5
 20
5333.0
  0
LWPOLYLINE
  5
4B3
330
17
100
AcDbEntity
  8
TUTORIAL_TILES
100
AcDbPolyline
 90
4
 70
1
 10
4670.5
 20
5251.0
 10
4960.5
 20
5251.0
 10
4960.5
 20
5333.0
 10
4670.5
 20
5333.0
  0
LWPOLYLINE
  5
4B4
330
17
100
AcDbEntity
  8
TUTORIAL_TILES
100
AcDbPolyline
 90
4
 70
1
 10
4373.5
 20
5251.0
 10
4663.5
 20
5251.0
 10
4663.5
 20
5333.0
 10
4373.5
 20
5333.0
  0
LWPOLYLINE
  5
4B5
330
17
100
AcDbEntity
  8
TUTORIAL_TILES
100
AcDbPolyline
 90
4
 70
1
 10
4076.5
 20
5251.0
 10
4366.5
 20
5251.0
 10
4366.5
 20
5333.0
 10
4076.5
 20
5333.0
  0
LWPOLYLINE
  5
4B6
330
17
100
AcDbEntity
  8
TUTORIAL_TILES
100
AcDbPolyline
 90
4
 70
1
 10
3779.5
 20
5251.0
 10
4069.5
 20
5251.0
 10
4069.5
 20
5333.0
 10
3779.5
 20
5333.0
  0
LWPOLYLINE
  5
4B7
330
17
100
AcDbEntity
  8
TUTORIAL_TILES
100
AcDbPolyline
 90
4
 70
1
 10
3482.5
 20
5251.0
 10
3772.5
 20
5251.0
 10
3772.5
 20
5333.0
 10
3482.5
 20
5333.0
  0
LWPOLYLINE
  5
4B8
330
17
100
AcDbEntity
  8
TUTORIAL_TILES
100
AcDbPolyline
 90
4
 70
1
 10
3185.5
 20
5251.0
 10
3475.5
 20
5251.0
 10
3475.5
 20
5333.0
 10
3185.5
 20
5333.0
  0
LWPOLYLINE
  5
4B9
330
17
100
AcDbEntity
  8
TUTORIAL_TILES
100
AcDbPolyline
 90
4
 70
1
 10
2888.5
 20
5251.0
 10
3178.5
 20
5251.0
 10
3178.5
 20
5333.0
 10
2888.5
 20
5333.0
  0
LWPOLYLINE
  5
4BA
330
17
100
AcDbEntity
  8
TUTORIAL_TILES
100
AcDbPolyline
 90
4
 70
1
 10
2591.5
 20
5251.0
 10
2881.5
 20
5251.0
 10
2881.5
 20
5333.0
 10
2591.5
 20
5333.0
  0
LWPOLYLINE
  5
4BB
330
17
100
AcDbEntity
  8
TUTORIAL_TILES
100
AcDbPolyline
 90
4
 70
1
 10
2294.5
 20
5251.0
 10
2584.5
 20
5251.0
 10
2584.5
 20
5333.0
 10
2294.5
 20
5333.0
  0
LWPOLYLINE
  5
4BC
330
17
100
AcDbEntity
  8
TUTORIAL_TILES
100
AcDbPolyline
 90
4
 70
1
 10
1997.5
 20
5251.0
 10
2287.5
 20
5251.0
 10
2287.5
 20
5333.0
 10
1997.5
 20
5333.0
  0
LWPOLYLINE
  5
4BD
330
17
100
AcDbEntity
  8
TUTORIAL_TILES
100
AcDbPolyline
 90
4
 70
1
 10
1700.5
 20
5251.0
 10
1990.5
 20
5251.0
 10
1990.5
 20
5333.0
 10
1700.5
 20
5333.0
  0
LWPOLYLINE
  5
4BE
330
17
100
AcDbEntity
  8
TUTORIAL_TILES
100
AcDbPolyline
 90
4
 70
1
 10
1403.5
 20
5251.0
 10
1693.5
 20
5251.0
 10
1693.5
 20
5333.0
 10
1403.5
 20
5333.0
  0
LWPOLYLINE
  5
4BF
330
17
100
AcDbEntity
  8
TUTORIAL_TILES
100
AcDbPolyline
 90
4
 70
1
 10
1106.5
 20
5251.0
 10
1396.5
 20
5251.0
 10
1396.5
 20
5333.0
 10
1106.5
 20
5333.0
  0
LWPOLYLINE
  5
4C0
330
17
100
AcDbEntity
  8
TUTORIAL_TILES
100
AcDbPolyline
 90
4
 70
1
 10
809.5
 20
5251.0
 10
1099.5
 20
5251.0
 10
1099.5
 20
5333.0
 10
809.5
 20
5333.0
  0
LWPOLYLINE
  5
4C1
330
17
100
AcDbEntity
  8
TUTORIAL_TILES
100
AcDbPolyline
 90
4
 70
1
 10
512.5
 20
5251.0
 10
802.5
 20
5251.0
 10
802.5
 20
5333.0
 10
512.5
 20
5333.0
  0
LWPOLYLINE
  5
4C2
330
17
100
AcDbEntity
  8
TUTORIAL_TILES
100
AcDbPolyline
 90
4
 70
1
 10
215.5
 20
5251.0
 10
505.5
 20
5251.0
 10
505.5
 20
5333.0
 10
215.5
 20
5333.0
  0
LWPOLYLINE
  5
4C3
330
17
100
AcDbEntity
  8
TUTORIAL_CUT
100
AcDbPolyline
 90
4
 70
1
 10
0.0
 20
5251.0
 10
208.5
 20
5251.0
 10
208.5
 20
5333.0
 10
0.0
 20
5333.0
  0
LWPOLYLINE
  5
4C4
330
17
100
AcDbEntity
  8
TUTORIAL_TILES
100
AcDbPolyline
 90
4
 70
1
 10
5710.0
 20
5340.0
 10
6000.0
 20
5340.0
 10
6000.0
 20
5422.0
 10
5710.0
 20
5422.0
  0
LWPOLYLINE
  5
4C5
330
17
100
AcDbEntity
  8
TUTORIAL_TILES
100
AcDbPolyline
 90
4
 70
1
 10
5413.0
 20
5340.0
 10
5703.0
 20
5340.0
 10
5703.0
 20
5422.0
 10
5413.0
 20
5422.0
  0
LWPOLYLINE
  5
4C6
330
17
100
AcDbEntity
  8
TUTORIAL_TILES
100
AcDbPolyline
 90
4
 70
1
 10
5116.0
 20
5340.0
 10
5406.0
 20
5340.0
 10
5406.0
 20
5422.0
 10
5116.0
 20
5422.0
  0
LWPOLYLINE
  5
4C7
330
17
100
AcDbEntity
  8
TUTORIAL_TILES
100
AcDbPolyline
 90
4
 70
1
 10
4819.0
 20
5340.0
 10
5109.0
 20
5340.0
 10
5109.0
 20
5422.0
 10
4819.0
 20
5422.0
  0
LWPOLYLINE
  5
4C8
330
17
100
AcDbEntity
  8
TUTORIAL_TILES
100
AcDbPolyline
 90
4
 70
1
 10
4522.0
 20
5340.0
 10
4812.0
 20
5340.0
 10
4812.0
 20
5422.0
 10
4522.0
 20
5422.0
  0
LWPOLYLINE
  5
4C9
330
17
100
AcDbEntity
  8
TUTORIAL_TILES
100
AcDbPolyline
 90
4
 70
1
 10
4225.0
 20
5340.0
 10
4515.0
 20
5340.0
 10
4515.0
 20
5422.0
 10
4225.0
 20
5422.0
  0
LWPOLYLINE
  5
4CA
330
17
100
AcDbEntity
  8
TUTORIAL_TILES
100
AcDbPolyline
 90
4
 70
1
 10
3928.0
 20
5340.0
 10
4218.0
 20
5340.0
 10
4218.0
 20
5422.0
 10
3928.0
 20
5422.0
  0
LWPOLYLINE
  5
4CB
330
17
100
AcDbEntity
  8
TUTORIAL_TILES
100
AcDbPolyline
 90
4
 70
1
 10
3631.0
 20
5340.0
 10
3921.0
 20
5340.0
 10
3921.0
 20
5422.0
 10
3631.0
 20
5422.0
  0
LWPOLYLINE
  5
4CC
330
17
100
AcDbEntity
  8
TUTORIAL_TILES
100
AcDbPolyline
 90
4
 70
1
 10
3334.0
 20
5340.0
 10
3624.0
 20
5340.0
 10
3624.0
 20
5422.0
 10
3334.0
 20
5422.0
  0
LWPOLYLINE
  5
4CD
330
17
100
AcDbEntity
  8
TUTORIAL_TILES
100
AcDbPolyline
 90
4
 70
1
 10
3037.0
 20
5340.0
 10
3327.0
 20
5340.0
 10
3327.0
 20
5422.0
 10
3037.0
 20
5422.0
  0
LWPOLYLINE
  5
4CE
330
17
100
AcDbEntity
  8
TUTORIAL_TILES
100
AcDbPolyline
 90
4
 70
1
 10
2740.0
 20
5340.0
 10
3030.0
 20
5340.0
 10
3030.0
 20
5422.0
 10
2740.0
 20
5422.0
  0
LWPOLYLINE
  5
4CF
330
17
100
AcDbEntity
  8
TUTORIAL_TILES
100
AcDbPolyline
 90
4
 70
1
 10
2443.0
 20
5340.0
 10
2733.0
 20
5340.0
 10
2733.0
 20
5422.0
 10
2443.0
 20
5422.0
  0
LWPOLYLINE
  5
4D0
330
17
100
AcDbEntity
  8
TUTORIAL_TILES
100
AcDbPolyline
 90
4
 70
1
 10
2146.0
 20
5340.0
 10
2436.0
 20
5340.0
 10
2436.0
 20
5422.0
 10
2146.0
 20
5422.0
  0
LWPOLYLINE
  5
4D1
330
17
100
AcDbEntity
  8
TUTORIAL_TILES
100
AcDbPolyline
 90
4
 70
1
 10
1849.0
 20
5340.0
 10
2139.0
 20
5340.0
 10
2139.0
 20
5422.0
 10
1849.0
 20
5422.0
  0
LWPOLYLINE
  5
4D2
330
17
100
AcDbEntity
  8
TUTORIAL_TILES
100
AcDbPolyline
 90
4
 70
1
 10
1552.0
 20
5340.0
 10
1842.0
 20
5340.0
 10
1842.0
 20
5422.0
 10
1552.0
 20
5422.0
  0
LWPOLYLINE
  5
4D3
330
17
100
AcDbEntity
  8
TUTORIAL_TILES
100
AcDbPolyline
 90
4
 70
1
 10
1255.0
 20
5340.0
 10
1545.0
 20
5340.0
 10
1545.0
 20
5422.0
 10
1255.0
 20
5422.0
  0
LWPOLYLINE
  5
4D4
330
17
100
AcDbEntity
  8
TUTORIAL_TILES
100
AcDbPolyline
 90
4
 70
1
 10
958.0
 20
5340.0
 10
1248.0
 20
5340.0
 10
1248.0
 20
5422.0
 10
958.0
 20
5422.0
  0
LWPOLYLINE
  5
4D5
330
17
100
AcDbEntity
  8
TUTORIAL_TILES
100
AcDbPolyline
 90
4
 70
1
 10
661.0
 20
5340.0
 10
951.0
 20
5340.0
 10
951.0
 20
5422.0
 10
661.0
 20
5422.0
  0
LWPOLYLINE
  5
4D6
330
17
100
AcDbEntity
  8
TUTORIAL_TILES
100
AcDbPolyline
 90
4
 70
1
 10
364.0
 20
5340.0
 10
654.0
 20
5340.0
 10
654.0
 20
5422.0
 10
364.0
 20
5422.0
  0
LWPOLYLINE
  5
4D7
330
17
100
AcDbEntity
  8
TUTORIAL_TILES
100
AcDbPolyline
 90
4
 70
1
 10
67.0
 20
5340.0
 10
357.0
 20
5340.0
 10
357.0
 20
5422.0
 10
67.0
 20
5422.0
  0
LWPOLYLINE
  5
4D8
330
17
100
AcDbEntity
  8
TUTORIAL_CUT
100
AcDbPolyline
 90
4
 70
1
 10
0.0
 20
5340.0
 10
60.0
 20
5340.0
 10
60.0
 20
5422.0
 10
0.0
 20
5422.0
  0
LWPOLYLINE
  5
4D9
330
17
100
AcDbEntity
  8
TUTORIAL_CUT
100
AcDbPolyline
 90
4
 70
1
 10
5858.5
 20
5429.0
 10
6000.0
 20
5429.0
 10
6000.0
 20
5511.0
 10
5858.5
 20
5511.0
  0
LWPOLYLINE
  5
4DA
330
17
100
AcDbEntity
  8
TUTORIAL_TILES
100
AcDbPolyline
 90
4
 70
1
 10
5561.5
 20
5429.0
 10
5851.5
 20
5429.0
 10
5851.5
 20
5511.0
 10
5561.5
 20
5511.0
  0
LWPOLYLINE
  5
4DB
330
17
100
AcDbEntity
  8
TUTORIAL_TILES
100
AcDbPolyline
 90
4
 70
1
 10
5264.5
 20
5429.0
 10
5554.5
 20
5429.0
 10
5554.5
 20
5511.0
 10
5264.5
 20
5511.0
  0
LWPOLYLINE
  5
4DC
330
17
100
AcDbEntity
  8
TUTORIAL_TILES
100
AcDbPolyline
 90
4
 70
1
 10
4967.5
 20
5429.0
 10
5257.5
 20
5429.0
 10
5257.5
 20
5511.0
 10
4967.5
 20
5511.0
  0
LWPOLYLINE
  5
4DD
330
17
100
AcDbEntity
  8
TUTORIAL_TILES
100
AcDbPolyline
 90
4
 70
1
 10
4670.5
 20
5429.0
 10
4960.5
 20
5429.0
 10
4960.5
 20
5511.0
 10
4670.5
 20
5511.0
  0
LWPOLYLINE
  5
4DE
330
17
100
AcDbEntity
  8
TUTORIAL_TILES
100
AcDbPolyline
 90
4
 70
1
 10
4373.5
 20
5429.0
 10
4663.5
 20
5429.0
 10
4663.5
 20
5511.0
 10
4373.5
 20
5511.0
  0
LWPOLYLINE
  5
4DF
330
17
100
AcDbEntity
  8
TUTORIAL_TILES
100
AcDbPolyline
 90
4
 70
1
 10
4076.5
 20
5429.0
 10
4366.5
 20
5429.0
 10
4366.5
 20
5511.0
 10
4076.5
 20
5511.0
  0
LWPOLYLINE
  5
4E0
330
17
100
AcDbEntity
  8
TUTORIAL_TILES
100
AcDbPolyline
 90
4
 70
1
 10
3779.5
 20
5429.0
 10
4069.5
 20
5429.0
 10
4069.5
 20
5511.0
 10
3779.5
 20
5511.0
  0
LWPOLYLINE
  5
4E1
330
17
100
AcDbEntity
  8
TUTORIAL_TILES
100
AcDbPolyline
 90
4
 70
1
 10
3482.5
 20
5429.0
 10
3772.5
 20
5429.0
 10
3772.5
 20
5511.0
 10
3482.5
 20
5511.0
  0
LWPOLYLINE
  5
4E2
330
17
100
AcDbEntity
  8
TUTORIAL_TILES
100
AcDbPolyline
 90
4
 70
1
 10
3185.5
 20
5429.0
 10
3475.5
 20
5429.0
 10
3475.5
 20
5511.0
 10
3185.5
 20
5511.0
  0
LWPOLYLINE
  5
4E3
330
17
100
AcDbEntity
  8
TUTORIAL_TILES
100
AcDbPolyline
 90
4
 70
1
 10
2888.5
 20
5429.0
 10
3178.5
 20
5429.0
 10
3178.5
 20
5511.0
 10
2888.5
 20
5511.0
  0
LWPOLYLINE
  5
4E4
330
17
100
AcDbEntity
  8
TUTORIAL_TILES
100
AcDbPolyline
 90
4
 70
1
 10
2591.5
 20
5429.0
 10
2881.5
 20
5429.0
 10
2881.5
 20
5511.0
 10
2591.5
 20
5511.0
  0
LWPOLYLINE
  5
4E5
330
17
100
AcDbEntity
  8
TUTORIAL_TILES
100
AcDbPolyline
 90
4
 70
1
 10
2294.5
 20
5429.0
 10
2584.5
 20
5429.0
 10
2584.5
 20
5511.0
 10
2294.5
 20
5511.0
  0
LWPOLYLINE
  5
4E6
330
17
100
AcDbEntity
  8
TUTORIAL_TILES
100
AcDbPolyline
 90
4
 70
1
 10
1997.5
 20
5429.0
 10
2287.5
 20
5429.0
 10
2287.5
 20
5511.0
 10
1997.5
 20
5511.0
  0
LWPOLYLINE
  5
4E7
330
17
100
AcDbEntity
  8
TUTORIAL_TILES
100
AcDbPolyline
 90
4
 70
1
 10
1700.5
 20
5429.0
 10
1990.5
 20
5429.0
 10
1990.5
 20
5511.0
 10
1700.5
 20
5511.0
  0
LWPOLYLINE
  5
4E8
330
17
100
AcDbEntity
  8
TUTORIAL_TILES
100
AcDbPolyline
 90
4
 70
1
 10
1403.5
 20
5429.0
 10
1693.5
 20
5429.0
 10
1693.5
 20
5511.0
 10
1403.5
 20
5511.0
  0
LWPOLYLINE
  5
4E9
330
17
100
AcDbEntity
  8
TUTORIAL_TILES
100
AcDbPolyline
 90
4
 70
1
 10
1106.5
 20
5429.0
 10
1396.5
 20
5429.0
 10
1396.5
 20
5511.0
 10
1106.5
 20
5511.0
  0
LWPOLYLINE
  5
4EA
330
17
100
AcDbEntity
  8
TUTORIAL_TILES
100
AcDbPolyline
 90
4
 70
1
 10
809.5
 20
5429.0
 10
1099.5
 20
5429.0
 10
1099.5
 20
5511.0
 10
809.5
 20
5511.0
  0
LWPOLYLINE
  5
4EB
330
17
100
AcDbEntity
  8
TUTORIAL_TILES
100
AcDbPolyline
 90
4
 70
1
 10
512.5
 20
5429.0
 10
802.5
 20
5429.0
 10
802.5
 20
5511.0
 10
512.5
 20
5511.0
  0
LWPOLYLINE
  5
4EC
330
17
100
AcDbEntity
  8
TUTORIAL_TILES
100
AcDbPolyline
 90
4
 70
1
 10
215.5
 20
5429.0
 10
505.5
 20
5429.0
 10
505.5
 20
5511.0
 10
215.5
 20
5511.0
  0
LWPOLYLINE
  5
4ED
330
17
100
AcDbEntity
  8
TUTORIAL_CUT
100
AcDbPolyline
 90
4
 70
1
 10
0.0
 20
5429.0
 10
208.5
 20
5429.0
 10
208.5
 20
5511.0
 10
0.0
 20
5511.0
  0
LWPOLYLINE
  5
4EE
330
17
100
AcDbEntity
  8
TUTORIAL_TILES
100
AcDbPolyline
 90
4
 70
1
 10
5710.0
 20
5518.0
 10
6000.0
 20
5518.0
 10
6000.0
 20
5600.0
 10
5710.0
 20
5600.0
  0
LWPOLYLINE
  5
4EF
330
17
100
AcDbEntity
  8
TUTORIAL_TILES
100
AcDbPolyline
 90
4
 70
1
 10
5413.0
 20
5518.0
 10
5703.0
 20
5518.0
 10
5703.0
 20
5600.0
 10
5413.0
 20
5600.0
  0
LWPOLYLINE
  5
4F0
330
17
100
AcDbEntity
  8
TUTORIAL_TILES
100
AcDbPolyline
 90
4
 70
1
 10
5116.0
 20
5518.0
 10
5406.0
 20
5518.0
 10
5406.0
 20
5600.0
 10
5116.0
 20
5600.0
  0
LWPOLYLINE
  5
4F1
330
17
100
AcDbEntity
  8
TUTORIAL_TILES
100
AcDbPolyline
 90
4
 70
1
 10
4819.0
 20
5518.0
 10
5109.0
 20
5518.0
 10
5109.0
 20
5600.0
 10
4819.0
 20
5600.0
  0
LWPOLYLINE
  5
4F2
330
17
100
AcDbEntity
  8
TUTORIAL_TILES
100
AcDbPolyline
 90
4
 70
1
 10
4522.0
 20
5518.0
 10
4812.0
 20
5518.0
 10
4812.0
 20
5600.0
 10
4522.0
 20
5600.0
  0
LWPOLYLINE
  5
4F3
330
17
100
AcDbEntity
  8
TUTORIAL_TILES
100
AcDbPolyline
 90
4
 70
1
 10
4225.0
 20
5518.0
 10
4515.0
 20
5518.0
 10
4515.0
 20
5600.0
 10
4225.0
 20
5600.0
  0
LWPOLYLINE
  5
4F4
330
17
100
AcDbEntity
  8
TUTORIAL_TILES
100
AcDbPolyline
 90
4
 70
1
 10
3928.0
 20
5518.0
 10
4218.0
 20
5518.0
 10
4218.0
 20
5600.0
 10
3928.0
 20
5600.0
  0
LWPOLYLINE
  5
4F5
330
17
100
AcDbEntity
  8
TUTORIAL_TILES
100
AcDbPolyline
 90
4
 70
1
 10
3631.0
 20
5518.0
 10
3921.0
 20
5518.0
 10
3921.0
 20
5600.0
 10
3631.0
 20
5600.0
  0
LWPOLYLINE
  5
4F6
330
17
100
AcDbEntity
  8
TUTORIAL_TILES
100
AcDbPolyline
 90
4
 70
1
 10
3334.0
 20
5518.0
 10
3624.0
 20
5518.0
 10
3624.0
 20
5600.0
 10
3334.0
 20
5600.0
  0
LWPOLYLINE
  5
4F7
330
17
100
AcDbEntity
  8
TUTORIAL_TILES
100
AcDbPolyline
 90
4
 70
1
 10
3037.0
 20
5518.0
 10
3327.0
 20
5518.0
 10
3327.0
 20
5600.0
 10
3037.0
 20
5600.0
  0
LWPOLYLINE
  5
4F8
330
17
100
AcDbEntity
  8
TUTORIAL_TILES
100
AcDbPolyline
 90
4
 70
1
 10
2740.0
 20
5518.0
 10
3030.0
 20
5518.0
 10
3030.0
 20
5600.0
 10
2740.0
 20
5600.0
  0
LWPOLYLINE
  5
4F9
330
17
100
AcDbEntity
  8
TUTORIAL_TILES
100
AcDbPolyline
 90
4
 70
1
 10
2443.0
 20
5518.0
 10
2733.0
 20
5518.0
 10
2733.0
 20
5600.0
 10
2443.0
 20
5600.0
  0
LWPOLYLINE
  5
4FA
330
17
100
AcDbEntity
  8
TUTORIAL_TILES
100
AcDbPolyline
 90
4
 70
1
 10
2146.0
 20
5518.0
 10
2436.0
 20
5518.0
 10
2436.0
 20
5600.0
 10
2146.0
 20
5600.0
  0
LWPOLYLINE
  5
4FB
330
17
100
AcDbEntity
  8
TUTORIAL_TILES
100
AcDbPolyline
 90
4
 70
1
 10
1849.0
 20
5518.0
 10
2139.0
 20
5518.0
 10
2139.0
 20
5600.0
 10
1849.0
 20
5600.0
  0
LWPOLYLINE
  5
4FC
330
17
100
AcDbEntity
  8
TUTORIAL_TILES
100
AcDbPolyline
 90
4
 70
1
 10
1552.0
 20
5518.0
 10
1842.0
 20
5518.0
 10
1842.0
 20
5600.0
 10
1552.0
 20
5600.0
  0
LWPOLYLINE
  5
4FD
330
17
100
AcDbEntity
  8
TUTORIAL_TILES
100
AcDbPolyline
 90
4
 70
1
 10
1255.0
 20
5518.0
 10
1545.0
 20
5518.0
 10
1545.0
 20
5600.0
 10
1255.0
 20
5600.0
  0
LWPOLYLINE
  5
4FE
330
17
100
AcDbEntity
  8
TUTORIAL_TILES
100
AcDbPolyline
 90
4
 70
1
 10
958.0
 20
5518.0
 10
1248.0
 20
5518.0
 10
1248.0
 20
5600.0
 10
958.0
 20
5600.0
  0
LWPOLYLINE
  5
4FF
330
17
100
AcDbEntity
  8
TUTORIAL_TILES
100
AcDbPolyline
 90
4
 70
1
 10
661.0
 20
5518.0
 10
951.0
 20
5518.0
 10
951.0
 20
5600.0
 10
661.0
 20
5600.0
  0
LWPOLYLINE
  5
500
330
17
100
AcDbEntity
  8
TUTORIAL_TILES
100
AcDbPolyline
 90
4
 70
1
 10
364.0
 20
5518.0
 10
654.0
 20
5518.0
 10
654.0
 20
5600.0
 10
364.0
 20
5600.0
  0
LWPOLYLINE
  5
501
330
17
100
AcDbEntity
  8
TUTORIAL_TILES
100
AcDbPolyline
 90
4
 70
1
 10
67.0
 20
5518.0
 10
357.0
 20
5518.0
 10
357.0
 20
5600.0
 10
67.0
 20
5600.0
  0
LWPOLYLINE
  5
502
330
17
100
AcDbEntity
  8
TUTORIAL_CUT
100
AcDbPolyline
 90
4
 70
1
 10
0.0
 20
5518.0
 10
60.0
 20
5518.0
 10
60.0
 20
5600.0
 10
0.0
 20
5600.0
  0
LWPOLYLINE
  5
503
330
17
100
AcDbEntity
  8
TUTORIAL_CUT
100
AcDbPolyline
 90
4
 70
1
 10
5858.5
 20
5607.0
 10
6000.0
 20
5607.0
 10
6000.0
 20
5689.0
 10
5858.5
 20
5689.0
  0
LWPOLYLINE
  5
504
330
17
100
AcDbEntity
  8
TUTORIAL_TILES
100
AcDbPolyline
 90
4
 70
1
 10
5561.5
 20
5607.0
 10
5851.5
 20
5607.0
 10
5851.5
 20
5689.0
 10
5561.5
 20
5689.0
  0
LWPOLYLINE
  5
505
330
17
100
AcDbEntity
  8
TUTORIAL_TILES
100
AcDbPolyline
 90
4
 70
1
 10
5264.5
 20
5607.0
 10
5554.5
 20
5607.0
 10
5554.5
 20
5689.0
 10
5264.5
 20
5689.0
  0
LWPOLYLINE
  5
506
330
17
100
AcDbEntity
  8
TUTORIAL_TILES
100
AcDbPolyline
 90
4
 70
1
 10
4967.5
 20
5607.0
 10
5257.5
 20
5607.0
 10
5257.5
 20
5689.0
 10
4967.5
 20
5689.0
  0
LWPOLYLINE
  5
507
330
17
100
AcDbEntity
  8
TUTORIAL_TILES
100
AcDbPolyline
 90
4
 70
1
 10
4670.5
 20
5607.0
 10
4960.5
 20
5607.0
 10
4960.5
 20
5689.0
 10
4670.5
 20
5689.0
  0
LWPOLYLINE
  5
508
330
17
100
AcDbEntity
  8
TUTORIAL_TILES
100
AcDbPolyline
 90
4
 70
1
 10
4373.5
 20
5607.0
 10
4663.5
 20
5607.0
 10
4663.5
 20
5689.0
 10
4373.5
 20
5689.0
  0
LWPOLYLINE
  5
509
330
17
100
AcDbEntity
  8
TUTORIAL_TILES
100
AcDbPolyline
 90
4
 70
1
 10
4076.5
 20
5607.0
 10
4366.5
 20
5607.0
 10
4366.5
 20
5689.0
 10
4076.5
 20
5689.0
  0
LWPOLYLINE
  5
50A
330
17
100
AcDbEntity
  8
TUTORIAL_TILES
100
AcDbPolyline
 90
4
 70
1
 10
3779.5
 20
5607.0
 10
4069.5
 20
5607.0
 10
4069.5
 20
5689.0
 10
3779.5
 20
5689.0
  0
LWPOLYLINE
  5
50B
330
17
100
AcDbEntity
  8
TUTORIAL_TILES
100
AcDbPolyline
 90
4
 70
1
 10
3482.5
 20
5607.0
 10
3772.5
 20
5607.0
 10
3772.5
 20
5689.0
 10
3482.5
 20
5689.0
  0
LWPOLYLINE
  5
50C
330
17
100
AcDbEntity
  8
TUTORIAL_TILES
100
AcDbPolyline
 90
4
 70
1
 10
3185.5
 20
5607.0
 10
3475.5
 20
5607.0
 10
3475.5
 20
5689.0
 10
3185.5
 20
5689.0
  0
LWPOLYLINE
  5
50D
330
17
100
AcDbEntity
  8
TUTORIAL_TILES
100
AcDbPolyline
 90
4
 70
1
 10
2888.5
 20
5607.0
 10
3178.5
 20
5607.0
 10
3178.5
 20
5689.0
 10
2888.5
 20
5689.0
  0
LWPOLYLINE
  5
50E
330
17
100
AcDbEntity
  8
TUTORIAL_TILES
100
AcDbPolyline
 90
4
 70
1
 10
2591.5
 20
5607.0
 10
2881.5
 20
5607.0
 10
2881.5
 20
5689.0
 10
2591.5
 20
5689.0
  0
LWPOLYLINE
  5
50F
330
17
100
AcDbEntity
  8
TUTORIAL_TILES
100
AcDbPolyline
 90
4
 70
1
 10
2294.5
 20
5607.0
 10
2584.5
 20
5607.0
 10
2584.5
 20
5689.0
 10
2294.5
 20
5689.0
  0
LWPOLYLINE
  5
510
330
17
100
AcDbEntity
  8
TUTORIAL_TILES
100
AcDbPolyline
 90
4
 70
1
 10
1997.5
 20
5607.0
 10
2287.5
 20
5607.0
 10
2287.5
 20
5689.0
 10
1997.5
 20
5689.0
  0
LWPOLYLINE
  5
511
330
17
100
AcDbEntity
  8
TUTORIAL_TILES
100
AcDbPolyline
 90
4
 70
1
 10
1700.5
 20
5607.0
 10
1990.5
 20
5607.0
 10
1990.5
 20
5689.0
 10
1700.5
 20
5689.0
  0
LWPOLYLINE
  5
512
330
17
100
AcDbEntity
  8
TUTORIAL_TILES
100
AcDbPolyline
 90
4
 70
1
 10
1403.5
 20
5607.0
 10
1693.5
 20
5607.0
 10
1693.5
 20
5689.0
 10
1403.5
 20
5689.0
  0
LWPOLYLINE
  5
513
330
17
100
AcDbEntity
  8
TUTORIAL_TILES
100
AcDbPolyline
 90
4
 70
1
 10
1106.5
 20
5607.0
 10
1396.5
 20
5607.0
 10
1396.5
 20
5689.0
 10
1106.5
 20
5689.0
  0
LWPOLYLINE
  5
514
330
17
100
AcDbEntity
  8
TUTORIAL_TILES
100
AcDbPolyline
 90
4
 70
1
 10
809.5
 20
5607.0
 10
1099.5
 20
5607.0
 10
1099.5
 20
5689.0
 10
809.5
 20
5689.0
  0
LWPOLYLINE
  5
515
330
17
100
AcDbEntity
  8
TUTORIAL_TILES
100
AcDbPolyline
 90
4
 70
1
 10
512.5
 20
5607.0
 10
802.5
 20
5607.0
 10
802.5
 20
5689.0
 10
512.5
 20
5689.0
  0
LWPOLYLINE
  5
516
330
17
100
AcDbEntity
  8
TUTORIAL_TILES
100
AcDbPolyline
 90
4
 70
1
 10
215.5
 20
5607.0
 10
505.5
 20
5607.0
 10
505.5
 20
5689.0
 10
215.5
 20
5689.0
  0
LWPOLYLINE
  5
517
330
17
100
AcDbEntity
  8
TUTORIAL_CUT
100
AcDbPolyline
 90
4
 70
1
 10
0.0
 20
5607.0
 10
208.5
 20
5607.0
 10
208.5
 20
5689.0
 10
0.0
 20
5689.0
  0
LWPOLYLINE
  5
518
330
17
100
AcDbEntity
  8
TUTORIAL_TILES
100
AcDbPolyline
 90
4
 70
1
 10
5710.0
 20
5696.0
 10
6000.0
 20
5696.0
 10
6000.0
 20
5778.0
 10
5710.0
 20
5778.0
  0
LWPOLYLINE
  5
519
330
17
100
AcDbEntity
  8
TUTORIAL_TILES
100
AcDbPolyline
 90
4
 70
1
 10
5413.0
 20
5696.0
 10
5703.0
 20
5696.0
 10
5703.0
 20
5778.0
 10
5413.0
 20
5778.0
  0
LWPOLYLINE
  5
51A
330
17
100
AcDbEntity
  8
TUTORIAL_TILES
100
AcDbPolyline
 90
4
 70
1
 10
5116.0
 20
5696.0
 10
5406.0
 20
5696.0
 10
5406.0
 20
5778.0
 10
5116.0
 20
5778.0
  0
LWPOLYLINE
  5
51B
330
17
100
AcDbEntity
  8
TUTORIAL_TILES
100
AcDbPolyline
 90
4
 70
1
 10
4819.0
 20
5696.0
 10
5109.0
 20
5696.0
 10
5109.0
 20
5778.0
 10
4819.0
 20
5778.0
  0
LWPOLYLINE
  5
51C
330
17
100
AcDbEntity
  8
TUTORIAL_TILES
100
AcDbPolyline
 90
4
 70
1
 10
4522.0
 20
5696.0
 10
4812.0
 20
5696.0
 10
4812.0
 20
5778.0
 10
4522.0
 20
5778.0
  0
LWPOLYLINE
  5
51D
330
17
100
AcDbEntity
  8
TUTORIAL_TILES
100
AcDbPolyline
 90
4
 70
1
 10
4225.0
 20
5696.0
 10
4515.0
 20
5696.0
 10
4515.0
 20
5778.0
 10
4225.0
 20
5778.0
  0
LWPOLYLINE
  5
51E
330
17
100
AcDbEntity
  8
TUTORIAL_TILES
100
AcDbPolyline
 90
4
 70
1
 10
3928.0
 20
5696.0
 10
4218.0
 20
5696.0
 10
4218.0
 20
5778.0
 10
3928.0
 20
5778.0
  0
LWPOLYLINE
  5
51F
330
17
100
AcDbEntity
  8
TUTORIAL_TILES
100
AcDbPolyline
 90
4
 70
1
 10
3631.0
 20
5696.0
 10
3921.0
 20
5696.0
 10
3921.0
 20
5778.0
 10
3631.0
 20
5778.0
  0
LWPOLYLINE
  5
520
330
17
100
AcDbEntity
  8
TUTORIAL_TILES
100
AcDbPolyline
 90
4
 70
1
 10
3334.0
 20
5696.0
 10
3624.0
 20
5696.0
 10
3624.0
 20
5778.0
 10
3334.0
 20
5778.0
  0
LWPOLYLINE
  5
521
330
17
100
AcDbEntity
  8
TUTORIAL_TILES
100
AcDbPolyline
 90
4
 70
1
 10
3037.0
 20
5696.0
 10
3327.0
 20
5696.0
 10
3327.0
 20
5778.0
 10
3037.0
 20
5778.0
  0
LWPOLYLINE
  5
522
330
17
100
AcDbEntity
  8
TUTORIAL_TILES
100
AcDbPolyline
 90
4
 70
1
 10
2740.0
 20
5696.0
 10
3030.0
 20
5696.0
 10
3030.0
 20
5778.0
 10
2740.0
 20
5778.0
  0
LWPOLYLINE
  5
523
330
17
100
AcDbEntity
  8
TUTORIAL_TILES
100
AcDbPolyline
 90
4
 70
1
 10
2443.0
 20
5696.0
 10
2733.0
 20
5696.0
 10
2733.0
 20
5778.0
 10
2443.0
 20
5778.0
  0
LWPOLYLINE
  5
524
330
17
100
AcDbEntity
  8
TUTORIAL_TILES
100
AcDbPolyline
 90
4
 70
1
 10
2146.0
 20
5696.0
 10
2436.0
 20
5696.0
 10
2436.0
 20
5778.0
 10
2146.0
 20
5778.0
  0
LWPOLYLINE
  5
525
330
17
100
AcDbEntity
  8
TUTORIAL_TILES
100
AcDbPolyline
 90
4
 70
1
 10
1849.0
 20
5696.0
 10
2139.0
 20
5696.0
 10
2139.0
 20
5778.0
 10
1849.0
 20
5778.0
  0
LWPOLYLINE
  5
526
330
17
100
AcDbEntity
  8
TUTORIAL_TILES
100
AcDbPolyline
 90
4
 70
1
 10
1552.0
 20
5696.0
 10
1842.0
 20
5696.0
 10
1842.0
 20
5778.0
 10
1552.0
 20
5778.0
  0
LWPOLYLINE
  5
527
330
17
100
AcDbEntity
  8
TUTORIAL_TILES
100
AcDbPolyline
 90
4
 70
1
 10
1255.0
 20
5696.0
 10
1545.0
 20
5696.0
 10
1545.0
 20
5778.0
 10
1255.0
 20
5778.0
  0
LWPOLYLINE
  5
528
330
17
100
AcDbEntity
  8
TUTORIAL_TILES
100
AcDbPolyline
 90
4
 70
1
 10
958.0
 20
5696.0
 10
1248.0
 20
5696.0
 10
1248.0
 20
5778.0
 10
958.0
 20
5778.0
  0
LWPOLYLINE
  5
529
330
17
100
AcDbEntity
  8
TUTORIAL_TILES
100
AcDbPolyline
 90
4
 70
1
 10
661.0
 20
5696.0
 10
951.0
 20
5696.0
 10
951.0
 20
5778.0
 10
661.0
 20
5778.0
  0
LWPOLYLINE
  5
52A
330
17
100
AcDbEntity
  8
TUTORIAL_TILES
100
AcDbPolyline
 90
4
 70
1
 10
364.0
 20
5696.0
 10
654.0
 20
5696.0
 10
654.0
 20
5778.0
 10
364.0
 20
5778.0
  0
LWPOLYLINE
  5
52B
330
17
100
AcDbEntity
  8
TUTORIAL_TILES
100
AcDbPolyline
 90
4
 70
1
 10
67.0
 20
5696.0
 10
357.0
 20
5696.0
 10
357.0
 20
5778.0
 10
67.0
 20
5778.0
  0
LWPOLYLINE
  5
52C
330
17
100
AcDbEntity
  8
TUTORIAL_CUT
100
AcDbPolyline
 90
4
 70
1
 10
0.0
 20
5696.0
 10
60.0
 20
5696.0
 10
60.0
 20
5778.0
 10
0.0
 20
5778.0
  0
LWPOLYLINE
  5
52D
330
17
100
AcDbEntity
  8
TUTORIAL_CUT
100
AcDbPolyline
 90
4
 70
1
 10
5858.5
 20
5785.0
 10
6000.0
 20
5785.0
 10
6000.0
 20
5867.0
 10
5858.5
 20
5867.0
  0
LWPOLYLINE
  5
52E
330
17
100
AcDbEntity
  8
TUTORIAL_TILES
100
AcDbPolyline
 90
4
 70
1
 10
5561.5
 20
5785.0
 10
5851.5
 20
5785.0
 10
5851.5
 20
5867.0
 10
5561.5
 20
5867.0
  0
LWPOLYLINE
  5
52F
330
17
100
AcDbEntity
  8
TUTORIAL_TILES
100
AcDbPolyline
 90
4
 70
1
 10
5264.5
 20
5785.0
 10
5554.5
 20
5785.0
 10
5554.5
 20
5867.0
 10
5264.5
 20
5867.0
  0
LWPOLYLINE
  5
530
330
17
100
AcDbEntity
  8
TUTORIAL_TILES
100
AcDbPolyline
 90
4
 70
1
 10
4967.5
 20
5785.0
 10
5257.5
 20
5785.0
 10
5257.5
 20
5867.0
 10
4967.5
 20
5867.0
  0
LWPOLYLINE
  5
531
330
17
100
AcDbEntity
  8
TUTORIAL_TILES
100
AcDbPolyline
 90
4
 70
1
 10
4670.5
 20
5785.0
 10
4960.5
 20
5785.0
 10
4960.5
 20
5867.0
 10
4670.5
 20
5867.0
  0
LWPOLYLINE
  5
532
330
17
100
AcDbEntity
  8
TUTORIAL_TILES
100
AcDbPolyline
 90
4
 70
1
 10
4373.5
 20
5785.0
 10
4663.5
 20
5785.0
 10
4663.5
 20
5867.0
 10
4373.5
 20
5867.0
  0
LWPOLYLINE
  5
533
330
17
100
AcDbEntity
  8
TUTORIAL_TILES
100
AcDbPolyline
 90
4
 70
1
 10
4076.5
 20
5785.0
 10
4366.5
 20
5785.0
 10
4366.5
 20
5867.0
 10
4076.5
 20
5867.0
  0
LWPOLYLINE
  5
534
330
17
100
AcDbEntity
  8
TUTORIAL_TILES
100
AcDbPolyline
 90
4
 70
1
 10
3779.5
 20
5785.0
 10
4069.5
 20
5785.0
 10
4069.5
 20
5867.0
 10
3779.5
 20
5867.0
  0
LWPOLYLINE
  5
535
330
17
100
AcDbEntity
  8
TUTORIAL_TILES
100
AcDbPolyline
 90
4
 70
1
 10
3482.5
 20
5785.0
 10
3772.5
 20
5785.0
 10
3772.5
 20
5867.0
 10
3482.5
 20
5867.0
  0
LWPOLYLINE
  5
536
330
17
100
AcDbEntity
  8
TUTORIAL_TILES
100
AcDbPolyline
 90
4
 70
1
 10
3185.5
 20
5785.0
 10
3475.5
 20
5785.0
 10
3475.5
 20
5867.0
 10
3185.5
 20
5867.0
  0
LWPOLYLINE
  5
537
330
17
100
AcDbEntity
  8
TUTORIAL_TILES
100
AcDbPolyline
 90
4
 70
1
 10
2888.5
 20
5785.0
 10
3178.5
 20
5785.0
 10
3178.5
 20
5867.0
 10
2888.5
 20
5867.0
  0
LWPOLYLINE
  5
538
330
17
100
AcDbEntity
  8
TUTORIAL_TILES
100
AcDbPolyline
 90
4
 70
1
 10
2591.5
 20
5785.0
 10
2881.5
 20
5785.0
 10
2881.5
 20
5867.0
 10
2591.5
 20
5867.0
  0
LWPOLYLINE
  5
539
330
17
100
AcDbEntity
  8
TUTORIAL_TILES
100
AcDbPolyline
 90
4
 70
1
 10
2294.5
 20
5785.0
 10
2584.5
 20
5785.0
 10
2584.5
 20
5867.0
 10
2294.5
 20
5867.0
  0
LWPOLYLINE
  5
53A
330
17
100
AcDbEntity
  8
TUTORIAL_TILES
100
AcDbPolyline
 90
4
 70
1
 10
1997.5
 20
5785.0
 10
2287.5
 20
5785.0
 10
2287.5
 20
5867.0
 10
1997.5
 20
5867.0
  0
LWPOLYLINE
  5
53B
330
17
100
AcDbEntity
  8
TUTORIAL_TILES
100
AcDbPolyline
 90
4
 70
1
 10
1700.5
 20
5785.0
 10
1990.5
 20
5785.0
 10
1990.5
 20
5867.0
 10
1700.5
 20
5867.0
  0
LWPOLYLINE
  5
53C
330
17
100
AcDbEntity
  8
TUTORIAL_TILES
100
AcDbPolyline
 90
4
 70
1
 10
1403.5
 20
5785.0
 10
1693.5
 20
5785.0
 10
1693.5
 20
5867.0
 10
1403.5
 20
5867.0
  0
LWPOLYLINE
  5
53D
330
17
100
AcDbEntity
  8
TUTORIAL_TILES
100
AcDbPolyline
 90
4
 70
1
 10
1106.5
 20
5785.0
 10
1396.5
 20
5785.0
 10
1396.5
 20
5867.0
 10
1106.5
 20
5867.0
  0
LWPOLYLINE
  5
53E
330
17
100
AcDbEntity
  8
TUTORIAL_TILES
100
AcDbPolyline
 90
4
 70
1
 10
809.5
 20
5785.0
 10
1099.5
 20
5785.0
 10
1099.5
 20
5867.0
 10
809.5
 20
5867.0
  0
LWPOLYLINE
  5
53F
330
17
100
AcDbEntity
  8
TUTORIAL_TILES
100
AcDbPolyline
 90
4
 70
1
 10
512.5
 20
5785.0
 10
802.5
 20
5785.0
 10
802.5
 20
5867.0
 10
512.5
 20
5867.0
  0
LWPOLYLINE
  5
540
330
17
100
AcDbEntity
  8
TUTORIAL_TILES
100
AcDbPolyline
 90
4
 70
1
 10
215.5
 20
5785.0
 10
505.5
 20
5785.0
 10
505.5
 20
5867.0
 10
215.5
 20
5867.0
  0
LWPOLYLINE
  5
541
330
17
100
AcDbEntity
  8
TUTORIAL_CUT
100
AcDbPolyline
 90
4
 70
1
 10
0.0
 20
5785.0
 10
208.5
 20
5785.0
 10
208.5
 20
5867.0
 10
0.0
 20
5867.0
  0
LWPOLYLINE
  5
542
330
17
100
AcDbEntity
  8
TUTORIAL_TILES
100
AcDbPolyline
 90
4
 70
1
 10
5710.0
 20
5874.0
 10
6000.0
 20
5874.0
 10
6000.0
 20
5956.0
 10
5710.0
 20
5956.0
  0
LWPOLYLINE
  5
543
330
17
100
AcDbEntity
  8
TUTORIAL_TILES
100
AcDbPolyline
 90
4
 70
1
 10
5413.0
 20
5874.0
 10
5703.0
 20
5874.0
 10
5703.0
 20
5956.0
 10
5413.0
 20
5956.0
  0
LWPOLYLINE
  5
544
330
17
100
AcDbEntity
  8
TUTORIAL_TILES
100
AcDbPolyline
 90
4
 70
1
 10
5116.0
 20
5874.0
 10
5406.0
 20
5874.0
 10
5406.0
 20
5956.0
 10
5116.0
 20
5956.0
  0
LWPOLYLINE
  5
545
330
17
100
AcDbEntity
  8
TUTORIAL_TILES
100
AcDbPolyline
 90
4
 70
1
 10
4819.0
 20
5874.0
 10
5109.0
 20
5874.0
 10
5109.0
 20
5956.0
 10
4819.0
 20
5956.0
  0
LWPOLYLINE
  5
546
330
17
100
AcDbEntity
  8
TUTORIAL_TILES
100
AcDbPolyline
 90
4
 70
1
 10
4522.0
 20
5874.0
 10
4812.0
 20
5874.0
 10
4812.0
 20
5956.0
 10
4522.0
 20
5956.0
  0
LWPOLYLINE
  5
547
330
17
100
AcDbEntity
  8
TUTORIAL_TILES
100
AcDbPolyline
 90
4
 70
1
 10
4225.0
 20
5874.0
 10
4515.0
 20
5874.0
 10
4515.0
 20
5956.0
 10
4225.0
 20
5956.0
  0
LWPOLYLINE
  5
548
330
17
100
AcDbEntity
  8
TUTORIAL_TILES
100
AcDbPolyline
 90
4
 70
1
 10
3928.0
 20
5874.0
 10
4218.0
 20
5874.0
 10
4218.0
 20
5956.0
 10
3928.0
 20
5956.0
  0
LWPOLYLINE
  5
549
330
17
100
AcDbEntity
  8
TUTORIAL_TILES
100
AcDbPolyline
 90
4
 70
1
 10
3631.0
 20
5874.0
 10
3921.0
 20
5874.0
 10
3921.0
 20
5956.0
 10
3631.0
 20
5956.0
  0
LWPOLYLINE
  5
54A
330
17
100
AcDbEntity
  8
TUTORIAL_TILES
100
AcDbPolyline
 90
4
 70
1
 10
3334.0
 20
5874.0
 10
3624.0
 20
5874.0
 10
3624.0
 20
5956.0
 10
3334.0
 20
5956.0
  0
LWPOLYLINE
  5
54B
330
17
100
AcDbEntity
  8
TUTORIAL_TILES
100
AcDbPolyline
 90
4
 70
1
 10
3037.0
 20
5874.0
 10
3327.0
 20
5874.0
 10
3327.0
 20
5956.0
 10
3037.0
 20
5956.0
  0
LWPOLYLINE
  5
54C
330
17
100
AcDbEntity
  8
TUTORIAL_TILES
100
AcDbPolyline
 90
4
 70
1
 10
2740.0
 20
5874.0
 10
3030.0
 20
5874.0
 10
3030.0
 20
5956.0
 10
2740.0
 20
5956.0
  0
LWPOLYLINE
  5
54D
330
17
100
AcDbEntity
  8
TUTORIAL_TILES
100
AcDbPolyline
 90
4
 70
1
 10
2443.0
 20
5874.0
 10
2733.0
 20
5874.0
 10
2733.0
 20
5956.0
 10
2443.0
 20
5956.0
  0
LWPOLYLINE
  5
54E
330
17
100
AcDbEntity
  8
TUTORIAL_TILES
100
AcDbPolyline
 90
4
 70
1
 10
2146.0
 20
5874.0
 10
2436.0
 20
5874.0
 10
2436.0
 20
5956.0
 10
2146.0
 20
5956.0
  0
LWPOLYLINE
  5
54F
330
17
100
AcDbEntity
  8
TUTORIAL_TILES
100
AcDbPolyline
 90
4
 70
1
 10
1849.0
 20
5874.0
 10
2139.0
 20
5874.0
 10
2139.0
 20
5956.0
 10
1849.0
 20
5956.0
  0
LWPOLYLINE
  5
550
330
17
100
AcDbEntity
  8
TUTORIAL_TILES
100
AcDbPolyline
 90
4
 70
1
 10
1552.0
 20
5874.0
 10
1842.0
 20
5874.0
 10
1842.0
 20
5956.0
 10
1552.0
 20
5956.0
  0
LWPOLYLINE
  5
551
330
17
100
AcDbEntity
  8
TUTORIAL_TILES
100
AcDbPolyline
 90
4
 70
1
 10
1255.0
 20
5874.0
 10
1545.0
 20
5874.0
 10
1545.0
 20
5956.0
 10
1255.0
 20
5956.0
  0
LWPOLYLINE
  5
552
330
17
100
AcDbEntity
  8
TUTORIAL_TILES
100
AcDbPolyline
 90
4
 70
1
 10
958.0
 20
5874.0
 10
1248.0
 20
5874.0
 10
1248.0
 20
5956.0
 10
958.0
 20
5956.0
  0
LWPOLYLINE
  5
553
330
17
100
AcDbEntity
  8
TUTORIAL_TILES
100
AcDbPolyline
 90
4
 70
1
 10
661.0
 20
5874.0
 10
951.0
 20
5874.0
 10
951.0
 20
5956.0
 10
661.0
 20
5956.0
  0
LWPOLYLINE
  5
554
330
17
100
AcDbEntity
  8
TUTORIAL_TILES
100
AcDbPolyline
 90
4
 70
1
 10
364.0
 20
5874.0
 10
654.0
 20
5874.0
 10
654.0
 20
5956.0
 10
364.0
 20
5956.0
  0
LWPOLYLINE
  5
555
330
17
100
AcDbEntity
  8
TUTORIAL_TILES
100
AcDbPolyline
 90
4
 70
1
 10
67.0
 20
5874.0
 10
357.0
 20
5874.0
 10
357.0
 20
5956.0
 10
67.0
 20
5956.0
  0
LWPOLYLINE
  5
556
330
17
100
AcDbEntity
  8
TUTORIAL_CUT
100
AcDbPolyline
 90
4
 70
1
 10
0.0
 20
5874.0
 10
60.0
 20
5874.0
 10
60.0
 20
5956.0
 10
0.0
 20
5956.0
  0
LWPOLYLINE
  5
557
330
17
100
AcDbEntity
  8
TUTORIAL_CUT
100
AcDbPolyline
 90
4
 70
1
 10
5858.5
 20
5963.0
 10
6000.0
 20
5963.0
 10
6000.0
 20
6000.0
 10
5858.5
 20
6000.0
  0
LWPOLYLINE
  5
558
330
17
100
AcDbEntity
  8
TUTORIAL_CUT
100
AcDbPolyline
 90
4
 70
1
 10
5561.5
 20
5963.0
 10
5851.5
 20
5963.0
 10
5851.5
 20
6000.0
 10
5561.5
 20
6000.0
  0
LWPOLYLINE
  5
559
330
17
100
AcDbEntity
  8
TUTORIAL_CUT
100
AcDbPolyline
 90
4
 70
1
 10
5264.5
 20
5963.0
 10
5554.5
 20
5963.0
 10
5554.5
 20
6000.0
 10
5264.5
 20
6000.0
  0
LWPOLYLINE
  5
55A
330
17
100
AcDbEntity
  8
TUTORIAL_CUT
100
AcDbPolyline
 90
4
 70
1
 10
4967.5
 20
5963.0
 10
5257.5
 20
5963.0
 10
5257.5
 20
6000.0
 10
4967.5
 20
6000.0
  0
LWPOLYLINE
  5
55B
330
17
100
AcDbEntity
  8
TUTORIAL_CUT
100
AcDbPolyline
 90
4
 70
1
 10
4670.5
 20
5963.0
 10
4960.5
 20
5963.0
 10
4960.5
 20
6000.0
 10
4670.5
 20
6000.0
  0
LWPOLYLINE
  5
55C
330
17
100
AcDbEntity
  8
TUTORIAL_CUT
100
AcDbPolyline
 90
4
 70
1
 10
4373.5
 20
5963.0
 10
4663.5
 20
5963.0
 10
4663.5
 20
6000.0
 10
4373.5
 20
6000.0
  0
LWPOLYLINE
  5
55D
330
17
100
AcDbEntity
  8
TUTORIAL_CUT
100
AcDbPolyline
 90
4
 70
1
 10
4076.5
 20
5963.0
 10
4366.5
 20
5963.0
 10
4366.5
 20
6000.0
 10
4076.5
 20
6000.0
  0
LWPOLYLINE
  5
55E
330
17
100
AcDbEntity
  8
TUTORIAL_CUT
100
AcDbPolyline
 90
4
 70
1
 10
3779.5
 20
5963.0
 10
4069.5
 20
5963.0
 10
4069.5
 20
6000.0
 10
3779.5
 20
6000.0
  0
LWPOLYLINE
  5
55F
330
17
100
AcDbEntity
  8
TUTORIAL_CUT
100
AcDbPolyline
 90
4
 70
1
 10
3482.5
 20
5963.0
 10
3772.5
 20
5963.0
 10
3772.5
 20
6000.0
 10
3482.5
 20
6000.0
  0
LWPOLYLINE
  5
560
330
17
100
AcDbEntity
  8
TUTORIAL_CUT
100
AcDbPolyline
 90
4
 70
1
 10
3185.5
 20
5963.0
 10
3475.5
 20
5963.0
 10
3475.5
 20
6000.0
 10
3185.5
 20
6000.0
  0
LWPOLYLINE
  5
561
330
17
100
AcDbEntity
  8
TUTORIAL_CUT
100
AcDbPolyline
 90
4
 70
1
 10
2888.5
 20
5963.0
 10
3178.5
 20
5963.0
 10
3178.5
 20
6000.0
 10
2888.5
 20
6000.0
  0
LWPOLYLINE
  5
562
330
17
100
AcDbEntity
  8
TUTORIAL_CUT
100
AcDbPolyline
 90
4
 70
1
 10
2591.5
 20
5963.0
 10
2881.5
 20
5963.0
 10
2881.5
 20
6000.0
 10
2591.5
 20
6000.0
  0
LWPOLYLINE
  5
563
330
17
100
AcDbEntity
  8
TUTORIAL_CUT
100
AcDbPolyline
 90
4
 70
1
 10
2294.5
 20
5963.0
 10
2584.5
 20
5963.0
 10
2584.5
 20
6000.0
 10
2294.5
 20
6000.0
  0
LWPOLYLINE
  5
564
330
17
100
AcDbEntity
  8
TUTORIAL_CUT
100
AcDbPolyline
 90
4
 70
1
 10
1997.5
 20
5963.0
 10
2287.5
 20
5963.0
 10
2287.5
 20
6000.0
 10
1997.5
 20
6000.0
  0
LWPOLYLINE
  5
565
330
17
100
AcDbEntity
  8
TUTORIAL_CUT
100
AcDbPolyline
 90
4
 70
1
 10
1700.5
 20
5963.0
 10
1990.5
 20
5963.0
 10
1990.5
 20
6000.0
 10
1700.5
 20
6000.0
  0
LWPOLYLINE
  5
566
330
17
100
AcDbEntity
  8
TUTORIAL_CUT
100
AcDbPolyline
 90
4
 70
1
 10
1403.5
 20
5963.0
 10
1693.5
 20
5963.0
 10
1693.5
 20
6000.0
 10
1403.5
 20
6000.0
  0
LWPOLYLINE
  5
567
330
17
100
AcDbEntity
  8
TUTORIAL_CUT
100
AcDbPolyline
 90
4
 70
1
 10
1106.5
 20
5963.0
 10
1396.5
 20
5963.0
 10
1396.5
 20
6000.0
 10
1106.5
 20
6000.0
  0
LWPOLYLINE
  5
568
330
17
100
AcDbEntity
  8
TUTORIAL_CUT
100
AcDbPolyline
 90
4
 70
1
 10
809.5
 20
5963.0
 10
1099.5
 20
5963.0
 10
1099.5
 20
6000.0
 10
809.5
 20
6000.0
  0
LWPOLYLINE
  5
569
330
17
100
AcDbEntity
  8
TUTORIAL_CUT
100
AcDbPolyline
 90
4
 70
1
 10
512.5
 20
5963.0
 10
802.5
 20
5963.0
 10
802.5
 20
6000.0
 10
512.5
 20
6000.0
  0
LWPOLYLINE
  5
56A
330
17
100
AcDbEntity
  8
TUTORIAL_CUT
100
AcDbPolyline
 90
4
 70
1
 10
215.5
 20
5963.0
 10
505.5
 20
5963.0
 10
505.5
 20
6000.0
 10
215.5
 20
6000.0
  0
LWPOLYLINE
  5
56B
330
17
100
AcDbEntity
  8
TUTORIAL_CUT
100
AcDbPolyline
 90
4
 70
1
 10
0.0
 20
5963.0
 10
208.5
 20
5963.0
 10
208.5
 20
6000.0
 10
0.0
 20
6000.0
  0
LINE
  5
56C
330
17
100
AcDbEntity
  8
TUTORIAL_RAILS
100
AcDbLine
 10
100.0
 20
0.0
 30
0.0
 11
100.0
 21
3000.0
 31
0.0
  0
LINE
  5
56D
330
17
100
AcDbEntity
  8
TUTORIAL_RAILS
100
AcDbLine
 10
100.0
 20
3010.0
 30
0.0
 11
100.0
 21
6000.0
 31
0.0
  0
LINE
  5
56E
330
17
100
AcDbEntity
  8
TUTORIAL_RAILS
100
AcDbLine
 10
700.0
 20
0.0
 30
0.0
 11
700.0
 21
3000.0
 31
0.0
  0
LINE
  5
56F
330
17
100
AcDbEntity
  8
TUTORIAL_RAILS
100
AcDbLine
 10
700.0
 20
3010.0
 30
0.0
 11
700.0
 21
6000.0
 31
0.0
  0
LINE
  5
570
330
17
100
AcDbEntity
  8
TUTORIAL_RAILS
100
AcDbLine
 10
1300.0
 20
0.0
 30
0.0
 11
1300.0
 21
1500.0
 31
0.0
  0
LINE
  5
571
330
17
100
AcDbEntity
  8
TUTORIAL_RAILS
100
AcDbLine
 10
1300.0
 20
3000.0
 30
0.0
 11
1300.0
 21
6000.0
 31
0.0
  0
LINE
  5
572
330
17
100
AcDbEntity
  8
TUTORIAL_RAILS
100
AcDbLine
 10
1900.0
 20
0.0
 30
0.0
 11
1900.0
 21
1500.0
 31
0.0
  0
LINE
  5
573
330
17
100
AcDbEntity
  8
TUTORIAL_RAILS
100
AcDbLine
 10
1900.0
 20
3000.0
 30
0.0
 11
1900.0
 21
6000.0
 31
0.0
  0
LINE
  5
574
330
17
100
AcDbEntity
  8
TUTORIAL_RAILS
100
AcDbLine
 10
2500.0
 20
0.0
 30
0.0
 11
2500.0
 21
3000.0
 31
0.0
  0
LINE
  5
575
330
17
100
AcDbEntity
  8
TUTORIAL_RAILS
100
AcDbLine
 10
2500.0
 20
3010.0
 30
0.0
 11
2500.0
 21
6000.0
 31
0.0
  0
LINE
  5
576
330
17
100
AcDbEntity
  8
TUTORIAL_RAILS
100
AcDbLine
 10
3100.0
 20
0.0
 30
0.0
 11
3100.0
 21
3000.0
 31
0.0
  0
LINE
  5
577
330
17
100
AcDbEntity
  8
TUTORIAL_RAILS
100
AcDbLine
 10
3100.0
 20
3010.0
 30
0.0
 11
3100.0
 21
6000.0
 31
0.0
  0
LINE
  5
578
330
17
100
AcDbEntity
  8
TUTORIAL_RAILS
100
AcDbLine
 10
3700.0
 20
0.0
 30
0.0
 11
3700.0
 21
1500.0
 31
0.0
  0
LINE
  5
579
330
17
100
AcDbEntity
  8
TUTORIAL_RAILS
100
AcDbLine
 10
3700.0
 20
3000.0
 30
0.0
 11
3700.0
 21
6000.0
 31
0.0
  0
LINE
  5
57A
330
17
100
AcDbEntity
  8
TUTORIAL_RAILS
100
AcDbLine
 10
4300.0
 20
0.0
 30
0.0
 11
4300.0
 21
1500.0
 31
0.0
  0
LINE
  5
57B
330
17
100
AcDbEntity
  8
TUTORIAL_RAILS
100
AcDbLine
 10
4300.0
 20
3000.0
 30
0.0
 11
4300.0
 21
6000.0
 31
0.0
  0
LINE
  5
57C
330
17
100
AcDbEntity
  8
TUTORIAL_RAILS
100
AcDbLine
 10
4900.0
 20
0.0
 30
0.0
 11
4900.0
 21
3000.0
 31
0.0
  0
LINE
  5
57D
330
17
100
AcDbEntity
  8
TUTORIAL_RAILS
100
AcDbLine
 10
4900.0
 20
3010.0
 30
0.0
 11
4900.0
 21
6000.0
 31
0.0
  0
LINE
  5
57E
330
17
100
AcDbEntity
  8
TUTORIAL_RAILS
100
AcDbLine
 10
5500.0
 20
0.0
 30
0.0
 11
5500.0
 21
3000.0
 31
0.0
  0
LINE
  5
57F
330
17
100
AcDbEntity
  8
TUTORIAL_RAILS
100
AcDbLine
 10
5500.0
 20
3010.0
 30
0.0
 11
5500.0
 21
6000.0
 31
0.0
  0
LINE
  5
580
330
17
100
AcDbEntity
  8
TUTORIAL_RAILS
100
AcDbLine
 10
5900.0
 20
0.0
 30
0.0
 11
5900.0
 21
3000.0
 31
0.0
  0
LINE
  5
581
330
17
100
AcDbEntity
  8
TUTORIAL_RAILS
100
AcDbLine
 10
5900.0
 20
3010.0
 30
0.0
 11
5900.0
 21
6000.0
 31
0.0
  0
LINE
  5
582
330
17
100
AcDbEntity
  8
TUTORIAL_RAILS
100
AcDbLine
 10
900.0
 20
1450.0
 30
0.0
 11
900.0
 21
3050.0
 31
0.0
  0
LINE
  5
583
330
17
100
AcDbEntity
  8
TUTORIAL_RAILS
100
AcDbLine
 10
2300.0
 20
1450.0
 30
0.0
 11
2300.0
 21
3050.0
 31
0.0
  0
LINE
  5
584
330
17
100
AcDbEntity
  8
TUTORIAL_RAILS
100
AcDbLine
 10
3500.0
 20
1450.0
 30
0.0
 11
3500.0
 21
3050.0
 31
0.0
  0
LINE
  5
585
330
17
100
AcDbEntity
  8
TUTORIAL_SHINA
100
AcDbLine
 10
0.0
 20
0.0
 30
0.0
 11
2500.0
 21
0.0
 31
0.0
  0
LINE
  5
586
330
17
100
AcDbEntity
  8
TUTORIAL_SHINA
100
AcDbLine
 10
2500.0
 20
0.0
 30
0.0
 11
4900.0
 21
0.0
 31
0.0
  0
LINE
  5
587
330
17
100
AcDbEntity
  8
TUTORIAL_SHINA
100
AcDbLine
 10
4900.0
 20
0.0
 30
0.0
 11
6000.0
 21
0.0
 31
0.0
  0
LINE
  5
588
330
17
100
AcDbEntity
  8
TUTORIAL_SHINA
100
AcDbLine
 10
0.0
 20
6000.0
 30
0.0
 11
2500.0
 21
6000.0
 31
0.0
  0
LINE
  5
589
330
17
100
AcDbEntity
  8
TUTORIAL_SHINA
100
AcDbLine
 10
2500.0
 20
6000.0
 30
0.0
 11
4900.0
 21
6000.0
 31
0.0
  0
LINE
  5
58A
330
17
100
AcDbEntity
  8
TUTORIAL_SHINA
100
AcDbLine
 10
4900.0
 20
6000.0
 30
0.0
 11
6000.0
 21
6000.0
 31
0.0
  0
LINE
  5
58B
330
17
100
AcDbEntity
  8
TUTORIAL_SHINA
100
AcDbLine
 10
1000.0
 20
3000.0
 30
0.0
 11
2200.0
 21
3000.0
 31
0.0
  0
LINE
  5
58C
330
17
100
AcDbEntity
  8
TUTORIAL_SHINA
100
AcDbLine
 10
1000.0
 20
1500.0
 30
0.0
 11
2200.0
 21
1500.0
 31
0.0
  0
LINE
  5
58D
330
17
100
AcDbEntity
  8
TUTORIAL_SHINA
100
AcDbLine
 10
3600.0
 20
3000.0
 30
0.0
 11
4800.0
 21
3000.0
 31
0.0
  0
LINE
  5
58E
330
17
100
AcDbEntity
  8
TUTORIAL_SHINA
100
AcDbLine
 10
3600.0
 20
1500.0
 30
0.0
 11
4800.0
 21
1500.0
 31
0.0
  0
LINE
  5
58F
330
17
100
AcDbEntity
  8
TUTORIAL_SHINA
100
AcDbLine
 10
0.0
 20
85.5
 30
0.0
 11
2500.0
 21
85.5
 31
0.0
  0
LINE
  5
590
330
17
100
AcDbEntity
  8
TUTORIAL_SHINA
100
AcDbLine
 10
2500.0
 20
85.5
 30
0.0
 11
4900.0
 21
85.5
 31
0.0
  0
LINE
  5
591
330
17
100
AcDbEntity
  8
TUTORIAL_SHINA
100
AcDbLine
 10
4900.0
 20
85.5
 30
0.0
 11
6000.0
 21
85.5
 31
0.0
  0
LINE
  5
592
330
17
100
AcDbEntity
  8
TUTORIAL_SHINA
100
AcDbLine
 10
0.0
 20
174.5
 30
0.0
 11
2500.0
 21
174.5
 31
0.0
  0
LINE
  5
593
330
17
100
AcDbEntity
  8
TUTORIAL_SHINA
100
AcDbLine
 10
2500.0
 20
174.5
 30
0.0
 11
4900.0
 21
174.5
 31
0.0
  0
LINE
  5
594
330
17
100
AcDbEntity
  8
TUTORIAL_SHINA
100
AcDbLine
 10
4900.0
 20
174.5
 30
0.0
 11
6000.0
 21
174.5
 31
0.0
  0
LINE
  5
595
330
17
100
AcDbEntity
  8
TUTORIAL_SHINA
100
AcDbLine
 10
0.0
 20
263.5
 30
0.0
 11
2500.0
 21
263.5
 31
0.0
  0
LINE
  5
596
330
17
100
AcDbEntity
  8
TUTORIAL_SHINA
100
AcDbLine
 10
2500.0
 20
263.5
 30
0.0
 11
4900.0
 21
263.5
 31
0.0
  0
LINE
  5
597
330
17
100
AcDbEntity
  8
TUTORIAL_SHINA
100
AcDbLine
 10
4900.0
 20
263.5
 30
0.0
 11
6000.0
 21
263.5
 31
0.0
  0
LINE
  5
598
330
17
100
AcDbEntity
  8
TUTORIAL_SHINA
100
AcDbLine
 10
0.0
 20
352.5
 30
0.0
 11
2500.0
 21
352.5
 31
0.0
  0
LINE
  5
599
330
17
100
AcDbEntity
  8
TUTORIAL_SHINA
100
AcDbLine
 10
2500.0
 20
352.5
 30
0.0
 11
4900.0
 21
352.5
 31
0.0
  0
LINE
  5
59A
330
17
100
AcDbEntity
  8
TUTORIAL_SHINA
100
AcDbLine
 10
4900.0
 20
352.5
 30
0.0
 11
6000.0
 21
352.5
 31
0.0
  0
LINE
  5
59B
330
17
100
AcDbEntity
  8
TUTORIAL_SHINA
100
AcDbLine
 10
0.0
 20
441.5
 30
0.0
 11
2500.0
 21
441.5
 31
0.0
  0
LINE
  5
59C
330
17
100
AcDbEntity
  8
TUTORIAL_SHINA
100
AcDbLine
 10
2500.0
 20
441.5
 30
0.0
 11
4900.0
 21
441.5
 31
0.0
  0
LINE
  5
59D
330
17
100
AcDbEntity
  8
TUTORIAL_SHINA
100
AcDbLine
 10
4900.0
 20
441.5
 30
0.0
 11
6000.0
 21
441.5
 31
0.0
  0
LINE
  5
59E
330
17
100
AcDbEntity
  8
TUTORIAL_SHINA
100
AcDbLine
 10
0.0
 20
530.5
 30
0.0
 11
2500.0
 21
530.5
 31
0.0
  0
LINE
  5
59F
330
17
100
AcDbEntity
  8
TUTORIAL_SHINA
100
AcDbLine
 10
2500.0
 20
530.5
 30
0.0
 11
4900.0
 21
530.5
 31
0.0
  0
LINE
  5
5A0
330
17
100
AcDbEntity
  8
TUTORIAL_SHINA
100
AcDbLine
 10
4900.0
 20
530.5
 30
0.0
 11
6000.0
 21
530.5
 31
0.0
  0
LINE
  5
5A1
330
17
100
AcDbEntity
  8
TUTORIAL_SHINA
100
AcDbLine
 10
0.0
 20
619.5
 30
0.0
 11
2500.0
 21
619.5
 31
0.0
  0
LINE
  5
5A2
330
17
100
AcDbEntity
  8
TUTORIAL_SHINA
100
AcDbLine
 10
2500.0
 20
619.5
 30
0.0
 11
4900.0
 21
619.5
 31
0.0
  0
LINE
  5
5A3
330
17
100
AcDbEntity
  8
TUTORIAL_SHINA
100
AcDbLine
 10
4900.0
 20
619.5
 30
0.0
 11
6000.0
 21
619.5
 31
0.0
  0
LINE
  5
5A4
330
17
100
AcDbEntity
  8
TUTORIAL_SHINA
100
AcDbLine
 10
0.0
 20
708.5
 30
0.0
 11
2500.0
 21
708.5
 31
0.0
  0
LINE
  5
5A5
330
17
100
AcDbEntity
  8
TUTORIAL_SHINA
100
AcDbLine
 10
2500.0
 20
708.5
 30
0.0
 11
4900.0
 21
708.5
 31
0.0
  0
LINE
  5
5A6
330
17
100
AcDbEntity
  8
TUTORIAL_SHINA
100
AcDbLine
 10
4900.0
 20
708.5
 30
0.0
 11
6000.0
 21
708.5
 31
0.0
  0
LINE
  5
5A7
330
17
100
AcDbEntity
  8
TUTORIAL_SHINA
100
AcDbLine
 10
0.0
 20
797.5
 30
0.0
 11
2500.0
 21
797.5
 31
0.0
  0
LINE
  5
5A8
330
17
100
AcDbEntity
  8
TUTORIAL_SHINA
100
AcDbLine
 10
2500.0
 20
797.5
 30
0.0
 11
4900.0
 21
797.5
 31
0.0
  0
LINE
  5
5A9
330
17
100
AcDbEntity
  8
TUTORIAL_SHINA
100
AcDbLine
 10
4900.0
 20
797.5
 30
0.0
 11
6000.0
 21
797.5
 31
0.0
  0
LINE
  5
5AA
330
17
100
AcDbEntity
  8
TUTORIAL_SHINA
100
AcDbLine
 10
0.0
 20
886.5
 30
0.0
 11
2500.0
 21
886.5
 31
0.0
  0
LINE
  5
5AB
330
17
100
AcDbEntity
  8
TUTORIAL_SHINA
100
AcDbLine
 10
2500.0
 20
886.5
 30
0.0
 11
4900.0
 21
886.5
 31
0.0
  0
LINE
  5
5AC
330
17
100
AcDbEntity
  8
TUTORIAL_SHINA
100
AcDbLine
 10
4900.0
 20
886.5
 30
0.0
 11
6000.0
 21
886.5
 31
0.0
  0
LINE
  5
5AD
330
17
100
AcDbEntity
  8
TUTORIAL_SHINA
100
AcDbLine
 10
0.0
 20
975.5
 30
0.0
 11
2500.0
 21
975.5
 31
0.0
  0
LINE
  5
5AE
330
17
100
AcDbEntity
  8
TUTORIAL_SHINA
100
AcDbLine
 10
2500.0
 20
975.5
 30
0.0
 11
4900.0
 21
975.5
 31
0.0
  0
LINE
  5
5AF
330
17
100
AcDbEntity
  8
TUTORIAL_SHINA
100
AcDbLine
 10
4900.0
 20
975.5
 30
0.0
 11
6000.0
 21
975.5
 31
0.0
  0
LINE
  5
5B0
330
17
100
AcDbEntity
  8
TUTORIAL_SHINA
100
AcDbLine
 10
0.0
 20
1064.5
 30
0.0
 11
2500.0
 21
1064.5
 31
0.0
  0
LINE
  5
5B1
330
17
100
AcDbEntity
  8
TUTORIAL_SHINA
100
AcDbLine
 10
2500.0
 20
1064.5
 30
0.0
 11
4900.0
 21
1064.5
 31
0.0
  0
LINE
  5
5B2
330
17
100
AcDbEntity
  8
TUTORIAL_SHINA
100
AcDbLine
 10
4900.0
 20
1064.5
 30
0.0
 11
6000.0
 21
1064.5
 31
0.0
  0
LINE
  5
5B3
330
17
100
AcDbEntity
  8
TUTORIAL_SHINA
100
AcDbLine
 10
0.0
 20
1153.5
 30
0.0
 11
2500.0
 21
1153.5
 31
0.0
  0
LINE
  5
5B4
330
17
100
AcDbEntity
  8
TUTORIAL_SHINA
100
AcDbLine
 10
2500.0
 20
1153.5
 30
0.0
 11
4900.0
 21
1153.5
 31
0.0
  0
LINE
  5
5B5
330
17
100
AcDbEntity
  8
TUTORIAL_SHINA
100
AcDbLine
 10
4900.0
 20
1153.5
 30
0.0
 11
6000.0
 21
1153.5
 31
0.0
  0
LINE
  5
5B6
330
17
100
AcDbEntity
  8
TUTORIAL_SHINA
100
AcDbLine
 10
0.0
 20
1242.5
 30
0.0
 11
2500.0
 21
1242.5
 31
0.0
  0
LINE
  5
5B7
330
17
100
AcDbEntity
  8
TUTORIAL_SHINA
100
AcDbLine
 10
2500.0
 20
1242.5
 30
0.0
 11
4900.0
 21
1242.5
 31
0.0
  0
LINE
  5
5B8
330
17
100
AcDbEntity
  8
TUTORIAL_SHINA
100
AcDbLine
 10
4900.0
 20
1242.5
 30
0.0
 11
6000.0
 21
1242.5
 31
0.0
  0
LINE
  5
5B9
330
17
100
AcDbEntity
  8
TUTORIAL_SHINA
100
AcDbLine
 10
0.0
 20
1331.5
 30
0.0
 11
2500.0
 21
1331.5
 31
0.0
  0
LINE
  5
5BA
330
17
100
AcDbEntity
  8
TUTORIAL_SHINA
100
AcDbLine
 10
2500.0
 20
1331.5
 30
0.0
 11
4900.0
 21
1331.5
 31
0.0
  0
LINE
  5
5BB
330
17
100
AcDbEntity
  8
TUTORIAL_SHINA
100
AcDbLine
 10
4900.0
 20
1331.5
 30
0.0
 11
6000.0
 21
1331.5
 31
0.0
  0
LINE
  5
5BC
330
17
100
AcDbEntity
  8
TUTORIAL_SHINA
100
AcDbLine
 10
0.0
 20
1420.5
 30
0.0
 11
2500.0
 21
1420.5
 31
0.0
  0
LINE
  5
5BD
330
17
100
AcDbEntity
  8
TUTORIAL_SHINA
100
AcDbLine
 10
2500.0
 20
1420.5
 30
0.0
 11
4900.0
 21
1420.5
 31
0.0
  0
LINE
  5
5BE
330
17
100
AcDbEntity
  8
TUTORIAL_SHINA
100
AcDbLine
 10
4900.0
 20
1420.5
 30
0.0
 11
6000.0
 21
1420.5
 31
0.0
  0
LINE
  5
5BF
330
17
100
AcDbEntity
  8
TUTORIAL_SHINA
100
AcDbLine
 10
0.0
 20
1509.5
 30
0.0
 11
1000.0
 21
1509.5
 31
0.0
  0
LINE
  5
5C0
330
17
100
AcDbEntity
  8
TUTORIAL_SHINA
100
AcDbLine
 10
2200.0
 20
1509.5
 30
0.0
 11
3600.0
 21
1509.5
 31
0.0
  0
LINE
  5
5C1
330
17
100
AcDbEntity
  8
TUTORIAL_SHINA
100
AcDbLine
 10
4800.0
 20
1509.5
 30
0.0
 11
6000.0
 21
1509.5
 31
0.0
  0
LINE
  5
5C2
330
17
100
AcDbEntity
  8
TUTORIAL_SHINA
100
AcDbLine
 10
0.0
 20
1598.5
 30
0.0
 11
1000.0
 21
1598.5
 31
0.0
  0
LINE
  5
5C3
330
17
100
AcDbEntity
  8
TUTORIAL_SHINA
100
AcDbLine
 10
2200.0
 20
1598.5
 30
0.0
 11
3600.0
 21
1598.5
 31
0.0
  0
LINE
  5
5C4
330
17
100
AcDbEntity
  8
TUTORIAL_SHINA
100
AcDbLine
 10
4800.0
 20
1598.5
 30
0.0
 11
6000.0
 21
1598.5
 31
0.0
  0
LINE
  5
5C5
330
17
100
AcDbEntity
  8
TUTORIAL_SHINA
100
AcDbLine
 10
0.0
 20
1687.5
 30
0.0
 11
1000.0
 21
1687.5
 31
0.0
  0
LINE
  5
5C6
330
17
100
AcDbEntity
  8
TUTORIAL_SHINA
100
AcDbLine
 10
2200.0
 20
1687.5
 30
0.0
 11
3600.0
 21
1687.5
 31
0.0
  0
LINE
  5
5C7
330
17
100
AcDbEntity
  8
TUTORIAL_SHINA
100
AcDbLine
 10
4800.0
 20
1687.5
 30
0.0
 11
6000.0
 21
1687.5
 31
0.0
  0
LINE
  5
5C8
330
17
100
AcDbEntity
  8
TUTORIAL_SHINA
100
AcDbLine
 10
0.0
 20
1776.5
 30
0.0
 11
1000.0
 21
1776.5
 31
0.0
  0
LINE
  5
5C9
330
17
100
AcDbEntity
  8
TUTORIAL_SHINA
100
AcDbLine
 10
2200.0
 20
1776.5
 30
0.0
 11
3600.0
 21
1776.5
 31
0.0
  0
LINE
  5
5CA
330
17
100
AcDbEntity
  8
TUTORIAL_SHINA
100
AcDbLine
 10
4800.0
 20
1776.5
 30
0.0
 11
6000.0
 21
1776.5
 31
0.0
  0
LINE
  5
5CB
330
17
100
AcDbEntity
  8
TUTORIAL_SHINA
100
AcDbLine
 10
0.0
 20
1865.5
 30
0.0
 11
1000.0
 21
1865.5
 31
0.0
  0
LINE
  5
5CC
330
17
100
AcDbEntity
  8
TUTORIAL_SHINA
100
AcDbLine
 10
2200.0
 20
1865.5
 30
0.0
 11
3600.0
 21
1865.5
 31
0.0
  0
LINE
  5
5CD
330
17
100
AcDbEntity
  8
TUTORIAL_SHINA
100
AcDbLine
 10
4800.0
 20
1865.5
 30
0.0
 11
6000.0
 21
1865.5
 31
0.0
  0
LINE
  5
5CE
330
17
100
AcDbEntity
  8
TUTORIAL_SHINA
100
AcDbLine
 10
0.0
 20
1954.5
 30
0.0
 11
1000.0
 21
1954.5
 31
0.0
  0
LINE
  5
5CF
330
17
100
AcDbEntity
  8
TUTORIAL_SHINA
100
AcDbLine
 10
2200.0
 20
1954.5
 30
0.0
 11
3600.0
 21
1954.5
 31
0.0
  0
LINE
  5
5D0
330
17
100
AcDbEntity
  8
TUTORIAL_SHINA
100
AcDbLine
 10
4800.0
 20
1954.5
 30
0.0
 11
6000.0
 21
1954.5
 31
0.0
  0
LINE
  5
5D1
330
17
100
AcDbEntity
  8
TUTORIAL_SHINA
100
AcDbLine
 10
0.0
 20
2043.5
 30
0.0
 11
1000.0
 21
2043.5
 31
0.0
  0
LINE
  5
5D2
330
17
100
AcDbEntity
  8
TUTORIAL_SHINA
100
AcDbLine
 10
2200.0
 20
2043.5
 30
0.0
 11
3600.0
 21
2043.5
 31
0.0
  0
LINE
  5
5D3
330
17
100
AcDbEntity
  8
TUTORIAL_SHINA
100
AcDbLine
 10
4800.0
 20
2043.5
 30
0.0
 11
6000.0
 21
2043.5
 31
0.0
  0
LINE
  5
5D4
330
17
100
AcDbEntity
  8
TUTORIAL_SHINA
100
AcDbLine
 10
0.0
 20
2132.5
 30
0.0
 11
1000.0
 21
2132.5
 31
0.0
  0
LINE
  5
5D5
330
17
100
AcDbEntity
  8
TUTORIAL_SHINA
100
AcDbLine
 10
2200.0
 20
2132.5
 30
0.0
 11
3600.0
 21
2132.5
 31
0.0
  0
LINE
  5
5D6
330
17
100
AcDbEntity
  8
TUTORIAL_SHINA
100
AcDbLine
 10
4800.0
 20
2132.5
 30
0.0
 11
6000.0
 21
2132.5
 31
0.0
  0
LINE
  5
5D7
330
17
100
AcDbEntity
  8
TUTORIAL_SHINA
100
AcDbLine
 10
0.0
 20
2221.5
 30
0.0
 11
1000.0
 21
2221.5
 31
0.0
  0
LINE
  5
5D8
330
17
100
AcDbEntity
  8
TUTORIAL_SHINA
100
AcDbLine
 10
2200.0
 20
2221.5
 30
0.0
 11
3600.0
 21
2221.5
 31
0.0
  0
LINE
  5
5D9
330
17
100
AcDbEntity
  8
TUTORIAL_SHINA
100
AcDbLine
 10
4800.0
 20
2221.5
 30
0.0
 11
6000.0
 21
2221.5
 31
0.0
  0
LINE
  5
5DA
330
17
100
AcDbEntity
  8
TUTORIAL_SHINA
100
AcDbLine
 10
0.0
 20
2310.5
 30
0.0
 11
1000.0
 21
2310.5
 31
0.0
  0
LINE
  5
5DB
330
17
100
AcDbEntity
  8
TUTORIAL_SHINA
100
AcDbLine
 10
2200.0
 20
2310.5
 30
0.0
 11
3600.0
 21
2310.5
 31
0.0
  0
LINE
  5
5DC
330
17
100
AcDbEntity
  8
TUTORIAL_SHINA
100
AcDbLine
 10
4800.0
 20
2310.5
 30
0.0
 11
6000.0
 21
2310.5
 31
0.0
  0
LINE
  5
5DD
330
17
100
AcDbEntity
  8
TUTORIAL_SHINA
100
AcDbLine
 10
0.0
 20
2399.5
 30
0.0
 11
1000.0
 21
2399.5
 31
0.0
  0
LINE
  5
5DE
330
17
100
AcDbEntity
  8
TUTORIAL_SHINA
100
AcDbLine
 10
2200.0
 20
2399.5
 30
0.0
 11
3600.0
 21
2399.5
 31
0.0
  0
LINE
  5
5DF
330
17
100
AcDbEntity
  8
TUTORIAL_SHINA
100
AcDbLine
 10
4800.0
 20
2399.5
 30
0.0
 11
6000.0
 21
2399.5
 31
0.0
  0
LINE
  5
5E0
330
17
100
AcDbEntity
  8
TUTORIAL_SHINA
100
AcDbLine
 10
0.0
 20
2488.5
 30
0.0
 11
1000.0
 21
2488.5
 31
0.0
  0
LINE
  5
5E1
330
17
100
AcDbEntity
  8
TUTORIAL_SHINA
100
AcDbLine
 10
2200.0
 20
2488.5
 30
0.0
 11
3600.0
 21
2488.5
 31
0.0
  0
LINE
  5
5E2
330
17
100
AcDbEntity
  8
TUTORIAL_SHINA
100
AcDbLine
 10
4800.0
 20
2488.5
 30
0.0
 11
6000.0
 21
2488.5
 31
0.0
  0
LINE
  5
5E3
330
17
100
AcDbEntity
  8
TUTORIAL_SHINA
100
AcDbLine
 10
0.0
 20
2577.5
 30
0.0
 11
1000.0
 21
2577.5
 31
0.0
  0
LINE
  5
5E4
330
17
100
AcDbEntity
  8
TUTORIAL_SHINA
100
AcDbLine
 10
2200.0
 20
2577.5
 30
0.0
 11
3600.0
 21
2577.5
 31
0.0
  0
LINE
  5
5E5
330
17
100
AcDbEntity
  8
TUTORIAL_SHINA
100
AcDbLine
 10
4800.0
 20
2577.5
 30
0.0
 11
6000.0
 21
2577.5
 31
0.0
  0
LINE
  5
5E6
330
17
100
AcDbEntity
  8
TUTORIAL_SHINA
100
AcDbLine
 10
0.0
 20
2666.5
 30
0.0
 11
1000.0
 21
2666.5
 31
0.0
  0
LINE
  5
5E7
330
17
100
AcDbEntity
  8
TUTORIAL_SHINA
100
AcDbLine
 10
2200.0
 20
2666.5
 30
0.0
 11
3600.0
 21
2666.5
 31
0.0
  0
LINE
  5
5E8
330
17
100
AcDbEntity
  8
TUTORIAL_SHINA
100
AcDbLine
 10
4800.0
 20
2666.5
 30
0.0
 11
6000.0
 21
2666.5
 31
0.0
  0
LINE
  5
5E9
330
17
100
AcDbEntity
  8
TUTORIAL_SHINA
100
AcDbLine
 10
0.0
 20
2755.5
 30
0.0
 11
1000.0
 21
2755.5
 31
0.0
  0
LINE
  5
5EA
330
17
100
AcDbEntity
  8
TUTORIAL_SHINA
100
AcDbLine
 10
2200.0
 20
2755.5
 30
0.0
 11
3600.0
 21
2755.5
 31
0.0
  0
LINE
  5
5EB
330
17
100
AcDbEntity
  8
TUTORIAL_SHINA
100
AcDbLine
 10
4800.0
 20
2755.5
 30
0.0
 11
6000.0
 21
2755.5
 31
0.0
  0
LINE
  5
5EC
330
17
100
AcDbEntity
  8
TUTORIAL_SHINA
100
AcDbLine
 10
0.0
 20
2844.5
 30
0.0
 11
1000.0
 21
2844.5
 31
0.0
  0
LINE
  5
5ED
330
17
100
AcDbEntity
  8
TUTORIAL_SHINA
100
AcDbLine
 10
2200.0
 20
2844.5
 30
0.0
 11
3600.0
 21
2844.5
 31
0.0
  0
LINE
  5
5EE
330
17
100
AcDbEntity
  8
TUTORIAL_SHINA
100
AcDbLine
 10
4800.0
 20
2844.5
 30
0.0
 11
6000.0
 21
2844.5
 31
0.0
  0
LINE
  5
5EF
330
17
100
AcDbEntity
  8
TUTORIAL_SHINA
100
AcDbLine
 10
0.0
 20
2933.5
 30
0.0
 11
1000.0
 21
2933.5
 31
0.0
  0
LINE
  5
5F0
330
17
100
AcDbEntity
  8
TUTORIAL_SHINA
100
AcDbLine
 10
2200.0
 20
2933.5
 30
0.0
 11
3600.0
 21
2933.5
 31
0.0
  0
LINE
  5
5F1
330
17
100
AcDbEntity
  8
TUTORIAL_SHINA
100
AcDbLine
 10
4800.0
 20
2933.5
 30
0.0
 11
6000.0
 21
2933.5
 31
0.0
  0
LINE
  5
5F2
330
17
100
AcDbEntity
  8
TUTORIAL_SHINA
100
AcDbLine
 10
0.0
 20
3022.5
 30
0.0
 11
2500.0
 21
3022.5
 31
0.0
  0
LINE
  5
5F3
330
17
100
AcDbEntity
  8
TUTORIAL_SHINA
100
AcDbLine
 10
2500.0
 20
3022.5
 30
0.0
 11
4900.0
 21
3022.5
 31
0.0
  0
LINE
  5
5F4
330
17
100
AcDbEntity
  8
TUTORIAL_SHINA
100
AcDbLine
 10
4900.0
 20
3022.5
 30
0.0
 11
6000.0
 21
3022.5
 31
0.0
  0
LINE
  5
5F5
330
17
100
AcDbEntity
  8
TUTORIAL_SHINA
100
AcDbLine
 10
0.0
 20
3111.5
 30
0.0
 11
2500.0
 21
3111.5
 31
0.0
  0
LINE
  5
5F6
330
17
100
AcDbEntity
  8
TUTORIAL_SHINA
100
AcDbLine
 10
2500.0
 20
3111.5
 30
0.0
 11
4900.0
 21
3111.5
 31
0.0
  0
LINE
  5
5F7
330
17
100
AcDbEntity
  8
TUTORIAL_SHINA
100
AcDbLine
 10
4900.0
 20
3111.5
 30
0.0
 11
6000.0
 21
3111.5
 31
0.0
  0
LINE
  5
5F8
330
17
100
AcDbEntity
  8
TUTORIAL_SHINA
100
AcDbLine
 10
0.0
 20
3200.5
 30
0.0
 11
2500.0
 21
3200.5
 31
0.0
  0
LINE
  5
5F9
330
17
100
AcDbEntity
  8
TUTORIAL_SHINA
100
AcDbLine
 10
2500.0
 20
3200.5
 30
0.0
 11
4900.0
 21
3200.5
 31
0.0
  0
LINE
  5
5FA
330
17
100
AcDbEntity
  8
TUTORIAL_SHINA
100
AcDbLine
 10
4900.0
 20
3200.5
 30
0.0
 11
6000.0
 21
3200.5
 31
0.0
  0
LINE
  5
5FB
330
17
100
AcDbEntity
  8
TUTORIAL_SHINA
100
AcDbLine
 10
0.0
 20
3289.5
 30
0.0
 11
2500.0
 21
3289.5
 31
0.0
  0
LINE
  5
5FC
330
17
100
AcDbEntity
  8
TUTORIAL_SHINA
100
AcDbLine
 10
2500.0
 20
3289.5
 30
0.0
 11
4900.0
 21
3289.5
 31
0.0
  0
LINE
  5
5FD
330
17
100
AcDbEntity
  8
TUTORIAL_SHINA
100
AcDbLine
 10
4900.0
 20
3289.5
 30
0.0
 11
6000.0
 21
3289.5
 31
0.0
  0
LINE
  5
5FE
330
17
100
AcDbEntity
  8
TUTORIAL_SHINA
100
AcDbLine
 10
0.0
 20
3378.5
 30
0.0
 11
2500.0
 21
3378.5
 31
0.0
  0
LINE
  5
5FF
330
17
100
AcDbEntity
  8
TUTORIAL_SHINA
100
AcDbLine
 10
2500.0
 20
3378.5
 30
0.0
 11
4900.0
 21
3378.5
 31
0.0
  0
LINE
  5
600
330
17
100
AcDbEntity
  8
TUTORIAL_SHINA
100
AcDbLine
 10
4900.0
 20
3378.5
 30
0.0
 11
6000.0
 21
3378.5
 31
0.0
  0
LINE
  5
601
330
17
100
AcDbEntity
  8
TUTORIAL_SHINA
100
AcDbLine
 10
0.0
 20
3467.5
 30
0.0
 11
2500.0
 21
3467.5
 31
0.0
  0
LINE
  5
602
330
17
100
AcDbEntity
  8
TUTORIAL_SHINA
100
AcDbLine
 10
2500.0
 20
3467.5
 30
0.0
 11
4900.0
 21
3467.5
 31
0.0
  0
LINE
  5
603
330
17
100
AcDbEntity
  8
TUTORIAL_SHINA
100
AcDbLine
 10
4900.0
 20
3467.5
 30
0.0
 11
6000.0
 21
3467.5
 31
0.0
  0
LINE
  5
604
330
17
100
AcDbEntity
  8
TUTORIAL_SHINA
100
AcDbLine
 10
0.0
 20
3556.5
 30
0.0
 11
2500.0
 21
3556.5
 31
0.0
  0
LINE
  5
605
330
17
100
AcDbEntity
  8
TUTORIAL_SHINA
100
AcDbLine
 10
2500.0
 20
3556.5
 30
0.0
 11
4900.0
 21
3556.5
 31
0.0
  0
LINE
  5
606
330
17
100
AcDbEntity
  8
TUTORIAL_SHINA
100
AcDbLine
 10
4900.0
 20
3556.5
 30
0.0
 11
6000.0
 21
3556.5
 31
0.0
  0
LINE
  5
607
330
17
100
AcDbEntity
  8
TUTORIAL_SHINA
100
AcDbLine
 10
0.0
 20
3645.5
 30
0.0
 11
2500.0
 21
3645.5
 31
0.0
  0
LINE
  5
608
330
17
100
AcDbEntity
  8
TUTORIAL_SHINA
100
AcDbLine
 10
2500.0
 20
3645.5
 30
0.0
 11
4900.0
 21
3645.5
 31
0.0
  0
LINE
  5
609
330
17
100
AcDbEntity
  8
TUTORIAL_SHINA
100
AcDbLine
 10
4900.0
 20
3645.5
 30
0.0
 11
6000.0
 21
3645.5
 31
0.0
  0
LINE
  5
60A
330
17
100
AcDbEntity
  8
TUTORIAL_SHINA
100
AcDbLine
 10
0.0
 20
3734.5
 30
0.0
 11
2500.0
 21
3734.5
 31
0.0
  0
LINE
  5
60B
330
17
100
AcDbEntity
  8
TUTORIAL_SHINA
100
AcDbLine
 10
2500.0
 20
3734.5
 30
0.0
 11
4900.0
 21
3734.5
 31
0.0
  0
LINE
  5
60C
330
17
100
AcDbEntity
  8
TUTORIAL_SHINA
100
AcDbLine
 10
4900.0
 20
3734.5
 30
0.0
 11
6000.0
 21
3734.5
 31
0.0
  0
LINE
  5
60D
330
17
100
AcDbEntity
  8
TUTORIAL_SHINA
100
AcDbLine
 10
0.0
 20
3823.5
 30
0.0
 11
2500.0
 21
3823.5
 31
0.0
  0
LINE
  5
60E
330
17
100
AcDbEntity
  8
TUTORIAL_SHINA
100
AcDbLine
 10
2500.0
 20
3823.5
 30
0.0
 11
4900.0
 21
3823.5
 31
0.0
  0
LINE
  5
60F
330
17
100
AcDbEntity
  8
TUTORIAL_SHINA
100
AcDbLine
 10
4900.0
 20
3823.5
 30
0.0
 11
6000.0
 21
3823.5
 31
0.0
  0
LINE
  5
610
330
17
100
AcDbEntity
  8
TUTORIAL_SHINA
100
AcDbLine
 10
0.0
 20
3912.5
 30
0.0
 11
2500.0
 21
3912.5
 31
0.0
  0
LINE
  5
611
330
17
100
AcDbEntity
  8
TUTORIAL_SHINA
100
AcDbLine
 10
2500.0
 20
3912.5
 30
0.0
 11
4900.0
 21
3912.5
 31
0.0
  0
LINE
  5
612
330
17
100
AcDbEntity
  8
TUTORIAL_SHINA
100
AcDbLine
 10
4900.0
 20
3912.5
 30
0.0
 11
6000.0
 21
3912.5
 31
0.0
  0
LINE
  5
613
330
17
100
AcDbEntity
  8
TUTORIAL_SHINA
100
AcDbLine
 10
0.0
 20
4001.5
 30
0.0
 11
2500.0
 21
4001.5
 31
0.0
  0
LINE
  5
614
330
17
100
AcDbEntity
  8
TUTORIAL_SHINA
100
AcDbLine
 10
2500.0
 20
4001.5
 30
0.0
 11
4900.0
 21
4001.5
 31
0.0
  0
LINE
  5
615
330
17
100
AcDbEntity
  8
TUTORIAL_SHINA
100
AcDbLine
 10
4900.0
 20
4001.5
 30
0.0
 11
6000.0
 21
4001.5
 31
0.0
  0
LINE
  5
616
330
17
100
AcDbEntity
  8
TUTORIAL_SHINA
100
AcDbLine
 10
0.0
 20
4090.5
 30
0.0
 11
2500.0
 21
4090.5
 31
0.0
  0
LINE
  5
617
330
17
100
AcDbEntity
  8
TUTORIAL_SHINA
100
AcDbLine
 10
2500.0
 20
4090.5
 30
0.0
 11
4900.0
 21
4090.5
 31
0.0
  0
LINE
  5
618
330
17
100
AcDbEntity
  8
TUTORIAL_SHINA
100
AcDbLine
 10
4900.0
 20
4090.5
 30
0.0
 11
6000.0
 21
4090.5
 31
0.0
  0
LINE
  5
619
330
17
100
AcDbEntity
  8
TUTORIAL_SHINA
100
AcDbLine
 10
0.0
 20
4179.5
 30
0.0
 11
2500.0
 21
4179.5
 31
0.0
  0
LINE
  5
61A
330
17
100
AcDbEntity
  8
TUTORIAL_SHINA
100
AcDbLine
 10
2500.0
 20
4179.5
 30
0.0
 11
4900.0
 21
4179.5
 31
0.0
  0
LINE
  5
61B
330
17
100
AcDbEntity
  8
TUTORIAL_SHINA
100
AcDbLine
 10
4900.0
 20
4179.5
 30
0.0
 11
6000.0
 21
4179.5
 31
0.0
  0
LINE
  5
61C
330
17
100
AcDbEntity
  8
TUTORIAL_SHINA
100
AcDbLine
 10
0.0
 20
4268.5
 30
0.0
 11
2500.0
 21
4268.5
 31
0.0
  0
LINE
  5
61D
330
17
100
AcDbEntity
  8
TUTORIAL_SHINA
100
AcDbLine
 10
2500.0
 20
4268.5
 30
0.0
 11
4900.0
 21
4268.5
 31
0.0
  0
LINE
  5
61E
330
17
100
AcDbEntity
  8
TUTORIAL_SHINA
100
AcDbLine
 10
4900.0
 20
4268.5
 30
0.0
 11
6000.0
 21
4268.5
 31
0.0
  0
LINE
  5
61F
330
17
100
AcDbEntity
  8
TUTORIAL_SHINA
100
AcDbLine
 10
0.0
 20
4357.5
 30
0.0
 11
2500.0
 21
4357.5
 31
0.0
  0
LINE
  5
620
330
17
100
AcDbEntity
  8
TUTORIAL_SHINA
100
AcDbLine
 10
2500.0
 20
4357.5
 30
0.0
 11
4900.0
 21
4357.5
 31
0.0
  0
LINE
  5
621
330
17
100
AcDbEntity
  8
TUTORIAL_SHINA
100
AcDbLine
 10
4900.0
 20
4357.5
 30
0.0
 11
6000.0
 21
4357.5
 31
0.0
  0
LINE
  5
622
330
17
100
AcDbEntity
  8
TUTORIAL_SHINA
100
AcDbLine
 10
0.0
 20
4446.5
 30
0.0
 11
2500.0
 21
4446.5
 31
0.0
  0
LINE
  5
623
330
17
100
AcDbEntity
  8
TUTORIAL_SHINA
100
AcDbLine
 10
2500.0
 20
4446.5
 30
0.0
 11
4900.0
 21
4446.5
 31
0.0
  0
LINE
  5
624
330
17
100
AcDbEntity
  8
TUTORIAL_SHINA
100
AcDbLine
 10
4900.0
 20
4446.5
 30
0.0
 11
6000.0
 21
4446.5
 31
0.0
  0
LINE
  5
625
330
17
100
AcDbEntity
  8
TUTORIAL_SHINA
100
AcDbLine
 10
0.0
 20
4535.5
 30
0.0
 11
2500.0
 21
4535.5
 31
0.0
  0
LINE
  5
626
330
17
100
AcDbEntity
  8
TUTORIAL_SHINA
100
AcDbLine
 10
2500.0
 20
4535.5
 30
0.0
 11
4900.0
 21
4535.5
 31
0.0
  0
LINE
  5
627
330
17
100
AcDbEntity
  8
TUTORIAL_SHINA
100
AcDbLine
 10
4900.0
 20
4535.5
 30
0.0
 11
6000.0
 21
4535.5
 31
0.0
  0
LINE
  5
628
330
17
100
AcDbEntity
  8
TUTORIAL_SHINA
100
AcDbLine
 10
0.0
 20
4624.5
 30
0.0
 11
2500.0
 21
4624.5
 31
0.0
  0
LINE
  5
629
330
17
100
AcDbEntity
  8
TUTORIAL_SHINA
100
AcDbLine
 10
2500.0
 20
4624.5
 30
0.0
 11
4900.0
 21
4624.5
 31
0.0
  0
LINE
  5
62A
330
17
100
AcDbEntity
  8
TUTORIAL_SHINA
100
AcDbLine
 10
4900.0
 20
4624.5
 30
0.0
 11
6000.0
 21
4624.5
 31
0.0
  0
LINE
  5
62B
330
17
100
AcDbEntity
  8
TUTORIAL_SHINA
100
AcDbLine
 10
0.0
 20
4713.5
 30
0.0
 11
2500.0
 21
4713.5
 31
0.0
  0
LINE
  5
62C
330
17
100
AcDbEntity
  8
TUTORIAL_SHINA
100
AcDbLine
 10
2500.0
 20
4713.5
 30
0.0
 11
4900.0
 21
4713.5
 31
0.0
  0
LINE
  5
62D
330
17
100
AcDbEntity
  8
TUTORIAL_SHINA
100
AcDbLine
 10
4900.0
 20
4713.5
 30
0.0
 11
6000.0
 21
4713.5
 31
0.0
  0
LINE
  5
62E
330
17
100
AcDbEntity
  8
TUTORIAL_SHINA
100
AcDbLine
 10
0.0
 20
4802.5
 30
0.0
 11
2500.0
 21
4802.5
 31
0.0
  0
LINE
  5
62F
330
17
100
AcDbEntity
  8
TUTORIAL_SHINA
100
AcDbLine
 10
2500.0
 20
4802.5
 30
0.0
 11
4900.0
 21
4802.5
 31
0.0
  0
LINE
  5
630
330
17
100
AcDbEntity
  8
TUTORIAL_SHINA
100
AcDbLine
 10
4900.0
 20
4802.5
 30
0.0
 11
6000.0
 21
4802.5
 31
0.0
  0
LINE
  5
631
330
17
100
AcDbEntity
  8
TUTORIAL_SHINA
100
AcDbLine
 10
0.0
 20
4891.5
 30
0.0
 11
2500.0
 21
4891.5
 31
0.0
  0
LINE
  5
632
330
17
100
AcDbEntity
  8
TUTORIAL_SHINA
100
AcDbLine
 10
2500.0
 20
4891.5
 30
0.0
 11
4900.0
 21
4891.5
 31
0.0
  0
LINE
  5
633
330
17
100
AcDbEntity
  8
TUTORIAL_SHINA
100
AcDbLine
 10
4900.0
 20
4891.5
 30
0.0
 11
6000.0
 21
4891.5
 31
0.0
  0
LINE
  5
634
330
17
100
AcDbEntity
  8
TUTORIAL_SHINA
100
AcDbLine
 10
0.0
 20
4980.5
 30
0.0
 11
2500.0
 21
4980.5
 31
0.0
  0
LINE
  5
635
330
17
100
AcDbEntity
  8
TUTORIAL_SHINA
100
AcDbLine
 10
2500.0
 20
4980.5
 30
0.0
 11
4900.0
 21
4980.5
 31
0.0
  0
LINE
  5
636
330
17
100
AcDbEntity
  8
TUTORIAL_SHINA
100
AcDbLine
 10
4900.0
 20
4980.5
 30
0.0
 11
6000.0
 21
4980.5
 31
0.0
  0
LINE
  5
637
330
17
100
AcDbEntity
  8
TUTORIAL_SHINA
100
AcDbLine
 10
0.0
 20
5069.5
 30
0.0
 11
2500.0
 21
5069.5
 31
0.0
  0
LINE
  5
638
330
17
100
AcDbEntity
  8
TUTORIAL_SHINA
100
AcDbLine
 10
2500.0
 20
5069.5
 30
0.0
 11
4900.0
 21
5069.5
 31
0.0
  0
LINE
  5
639
330
17
100
AcDbEntity
  8
TUTORIAL_SHINA
100
AcDbLine
 10
4900.0
 20
5069.5
 30
0.0
 11
6000.0
 21
5069.5
 31
0.0
  0
LINE
  5
63A
330
17
100
AcDbEntity
  8
TUTORIAL_SHINA
100
AcDbLine
 10
0.0
 20
5158.5
 30
0.0
 11
2500.0
 21
5158.5
 31
0.0
  0
LINE
  5
63B
330
17
100
AcDbEntity
  8
TUTORIAL_SHINA
100
AcDbLine
 10
2500.0
 20
5158.5
 30
0.0
 11
4900.0
 21
5158.5
 31
0.0
  0
LINE
  5
63C
330
17
100
AcDbEntity
  8
TUTORIAL_SHINA
100
AcDbLine
 10
4900.0
 20
5158.5
 30
0.0
 11
6000.0
 21
5158.5
 31
0.0
  0
LINE
  5
63D
330
17
100
AcDbEntity
  8
TUTORIAL_SHINA
100
AcDbLine
 10
0.0
 20
5247.5
 30
0.0
 11
2500.0
 21
5247.5
 31
0.0
  0
LINE
  5
63E
330
17
100
AcDbEntity
  8
TUTORIAL_SHINA
100
AcDbLine
 10
2500.0
 20
5247.5
 30
0.0
 11
4900.0
 21
5247.5
 31
0.0
  0
LINE
  5
63F
330
17
100
AcDbEntity
  8
TUTORIAL_SHINA
100
AcDbLine
 10
4900.0
 20
5247.5
 30
0.0
 11
6000.0
 21
5247.5
 31
0.0
  0
LINE
  5
640
330
17
100
AcDbEntity
  8
TUTORIAL_SHINA
100
AcDbLine
 10
0.0
 20
5336.5
 30
0.0
 11
2500.0
 21
5336.5
 31
0.0
  0
LINE
  5
641
330
17
100
AcDbEntity
  8
TUTORIAL_SHINA
100
AcDbLine
 10
2500.0
 20
5336.5
 30
0.0
 11
4900.0
 21
5336.5
 31
0.0
  0
LINE
  5
642
330
17
100
AcDbEntity
  8
TUTORIAL_SHINA
100
AcDbLine
 10
4900.0
 20
5336.5
 30
0.0
 11
6000.0
 21
5336.5
 31
0.0
  0
LINE
  5
643
330
17
100
AcDbEntity
  8
TUTORIAL_SHINA
100
AcDbLine
 10
0.0
 20
5425.5
 30
0.0
 11
2500.0
 21
5425.5
 31
0.0
  0
LINE
  5
644
330
17
100
AcDbEntity
  8
TUTORIAL_SHINA
100
AcDbLine
 10
2500.0
 20
5425.5
 30
0.0
 11
4900.0
 21
5425.5
 31
0.0
  0
LINE
  5
645
330
17
100
AcDbEntity
  8
TUTORIAL_SHINA
100
AcDbLine
 10
4900.0
 20
5425.5
 30
0.0
 11
6000.0
 21
5425.5
 31
0.0
  0
LINE
  5
646
330
17
100
AcDbEntity
  8
TUTORIAL_SHINA
100
AcDbLine
 10
0.0
 20
5514.5
 30
0.0
 11
2500.0
 21
5514.5
 31
0.0
  0
LINE
  5
647
330
17
100
AcDbEntity
  8
TUTORIAL_SHINA
100
AcDbLine
 10
2500.0
 20
5514.5
 30
0.0
 11
4900.0
 21
5514.5
 31
0.0
  0
LINE
  5
648
330
17
100
AcDbEntity
  8
TUTORIAL_SHINA
100
AcDbLine
 10
4900.0
 20
5514.5
 30
0.0
 11
6000.0
 21
5514.5
 31
0.0
  0
LINE
  5
649
330
17
100
AcDbEntity
  8
TUTORIAL_SHINA
100
AcDbLine
 10
0.0
 20
5603.5
 30
0.0
 11
2500.0
 21
5603.5
 31
0.0
  0
LINE
  5
64A
330
17
100
AcDbEntity
  8
TUTORIAL_SHINA
100
AcDbLine
 10
2500.0
 20
5603.5
 30
0.0
 11
4900.0
 21
5603.5
 31
0.0
  0
LINE
  5
64B
330
17
100
AcDbEntity
  8
TUTORIAL_SHINA
100
AcDbLine
 10
4900.0
 20
5603.5
 30
0.0
 11
6000.0
 21
5603.5
 31
0.0
  0
LINE
  5
64C
330
17
100
AcDbEntity
  8
TUTORIAL_SHINA
100
AcDbLine
 10
0.0
 20
5692.5
 30
0.0
 11
2500.0
 21
5692.5
 31
0.0
  0
LINE
  5
64D
330
17
100
AcDbEntity
  8
TUTORIAL_SHINA
100
AcDbLine
 10
2500.0
 20
5692.5
 30
0.0
 11
4900.0
 21
5692.5
 31
0.0
  0
LINE
  5
64E
330
17
100
AcDbEntity
  8
TUTORIAL_SHINA
100
AcDbLine
 10
4900.0
 20
5692.5
 30
0.0
 11
6000.0
 21
5692.5
 31
0.0
  0
LINE
  5
64F
330
17
100
AcDbEntity
  8
TUTORIAL_SHINA
100
AcDbLine
 10
0.0
 20
5781.5
 30
0.0
 11
2500.0
 21
5781.5
 31
0.0
  0
LINE
  5
650
330
17
100
AcDbEntity
  8
TUTORIAL_SHINA
100
AcDbLine
 10
2500.0
 20
5781.5
 30
0.0
 11
4900.0
 21
5781.5
 31
0.0
  0
LINE
  5
651
330
17
100
AcDbEntity
  8
TUTORIAL_SHINA
100
AcDbLine
 10
4900.0
 20
5781.5
 30
0.0
 11
6000.0
 21
5781.5
 31
0.0
  0
LINE
  5
652
330
17
100
AcDbEntity
  8
TUTORIAL_SHINA
100
AcDbLine
 10
0.0
 20
5870.5
 30
0.0
 11
2500.0
 21
5870.5
 31
0.0
  0
LINE
  5
653
330
17
100
AcDbEntity
  8
TUTORIAL_SHINA
100
AcDbLine
 10
2500.0
 20
5870.5
 30
0.0
 11
4900.0
 21
5870.5
 31
0.0
  0
LINE
  5
654
330
17
100
AcDbEntity
  8
TUTORIAL_SHINA
100
AcDbLine
 10
4900.0
 20
5870.5
 30
0.0
 11
6000.0
 21
5870.5
 31
0.0
  0
LINE
  5
655
330
17
100
AcDbEntity
  8
TUTORIAL_SHINA
100
AcDbLine
 10
0.0
 20
5959.5
 30
0.0
 11
2500.0
 21
5959.5
 31
0.0
  0
LINE
  5
656
330
17
100
AcDbEntity
  8
TUTORIAL_SHINA
100
AcDbLine
 10
2500.0
 20
5959.5
 30
0.0
 11
4900.0
 21
5959.5
 31
0.0
  0
LINE
  5
657
330
17
100
AcDbEntity
  8
TUTORIAL_SHINA
100
AcDbLine
 10
4900.0
 20
5959.5
 30
0.0
 11
6000.0
 21
5959.5
 31
0.0
  0
CIRCLE
  5
658
330
17
100
AcDbEntity
  8
TUTORIAL_BRACKETS
100
AcDbCircle
 10
100.0
 20
300.0
 30
0.0
 40
30.0
  0
CIRCLE
  5
659
330
17
100
AcDbEntity
  8
TUTORIAL_BRACKETS
100
AcDbCircle
 10
100.0
 20
900.0
 30
0.0
 40
30.0
  0
CIRCLE
  5
65A
330
17
100
AcDbEntity
  8
TUTORIAL_BRACKETS
100
AcDbCircle
 10
100.0
 20
1500.0
 30
0.0
 40
30.0
  0
CIRCLE
  5
65B
330
17
100
AcDbEntity
  8
TUTORIAL_BRACKETS
100
AcDbCircle
 10
100.0
 20
2100.0
 30
0.0
 40
30.0
  0
CIRCLE
  5
65C
330
17
100
AcDbEntity
  8
TUTORIAL_BRACKETS
100
AcDbCircle
 10
100.0
 20
2700.0
 30
0.0
 40
30.0
  0
CIRCLE
  5
65D
330
17
100
AcDbEntity
  8
TUTORIAL_BRACKETS
100
AcDbCircle
 10
100.0
 20
3310.0
 30
0.0
 40
30.0
  0
CIRCLE
  5
65E
330
17
100
AcDbEntity
  8
TUTORIAL_BRACKETS
100
AcDbCircle
 10
100.0
 20
3910.0
 30
0.0
 40
30.0
  0
CIRCLE
  5
65F
330
17
100
AcDbEntity
  8
TUTORIAL_BRACKETS
100
AcDbCircle
 10
100.0
 20
4510.0
 30
0.0
 40
30.0
  0
CIRCLE
  5
660
330
17
100
AcDbEntity
  8
TUTORIAL_BRACKETS
100
AcDbCircle
 10
100.0
 20
5110.0
 30
0.0
 40
30.0
  0
CIRCLE
  5
661
330
17
100
AcDbEntity
  8
TUTORIAL_BRACKETS
100
AcDbCircle
 10
100.0
 20
5700.0
 30
0.0
 40
30.0
  0
CIRCLE
  5
662
330
17
100
AcDbEntity
  8
TUTORIAL_BRACKETS
100
AcDbCircle
 10
700.0
 20
300.0
 30
0.0
 40
30.0
  0
CIRCLE
  5
663
330
17
100
AcDbEntity
  8
TUTORIAL_BRACKETS
100
AcDbCircle
 10
700.0
 20
900.0
 30
0.0
 40
30.0
  0
CIRCLE
  5
664
330
17
100
AcDbEntity
  8
TUTORIAL_BRACKETS
100
AcDbCircle
 10
700.0
 20
1500.0
 30
0.0
 40
30.0
  0
CIRCLE
  5
665
330
17
100
AcDbEntity
  8
TUTORIAL_BRACKETS
100
AcDbCircle
 10
700.0
 20
2100.0
 30
0.0
 40
30.0
  0
CIRCLE
  5
666
330
17
100
AcDbEntity
  8
TUTORIAL_BRACKETS
100
AcDbCircle
 10
700.0
 20
2700.0
 30
0.0
 40
30.0
  0
CIRCLE
  5
667
330
17
100
AcDbEntity
  8
TUTORIAL_BRACKETS
100
AcDbCircle
 10
700.0
 20
3310.0
 30
0.0
 40
30.0
  0
CIRCLE
  5
668
330
17
100
AcDbEntity
  8
TUTORIAL_BRACKETS
100
AcDbCircle
 10
700.0
 20
3910.0
 30
0.0
 40
30.0
  0
CIRCLE
  5
669
330
17
100
AcDbEntity
  8
TUTORIAL_BRACKETS
100
AcDbCircle
 10
700.0
 20
4510.0
 30
0.0
 40
30.0
  0
CIRCLE
  5
66A
330
17
100
AcDbEntity
  8
TUTORIAL_BRACKETS
100
AcDbCircle
 10
700.0
 20
5110.0
 30
0.0
 40
30.0
  0
CIRCLE
  5
66B
330
17
100
AcDbEntity
  8
TUTORIAL_BRACKETS
100
AcDbCircle
 10
700.0
 20
5700.0
 30
0.0
 40
30.0
  0
CIRCLE
  5
66C
330
17
100
AcDbEntity
  8
TUTORIAL_BRACKETS
100
AcDbCircle
 10
1300.0
 20
300.0
 30
0.0
 40
30.0
  0
CIRCLE
  5
66D
330
17
100
AcDbEntity
  8
TUTORIAL_BRACKETS
100
AcDbCircle
 10
1300.0
 20
900.0
 30
0.0
 40
30.0
  0
CIRCLE
  5
66E
330
17
100
AcDbEntity
  8
TUTORIAL_BRACKETS
100
AcDbCircle
 10
1300.0
 20
1200.0
 30
0.0
 40
30.0
  0
CIRCLE
  5
66F
330
17
100
AcDbEntity
  8
TUTORIAL_BRACKETS
100
AcDbCircle
 10
1300.0
 20
3300.0
 30
0.0
 40
30.0
  0
CIRCLE
  5
670
330
17
100
AcDbEntity
  8
TUTORIAL_BRACKETS
100
AcDbCircle
 10
1300.0
 20
3900.0
 30
0.0
 40
30.0
  0
CIRCLE
  5
671
330
17
100
AcDbEntity
  8
TUTORIAL_BRACKETS
100
AcDbCircle
 10
1300.0
 20
4500.0
 30
0.0
 40
30.0
  0
CIRCLE
  5
672
330
17
100
AcDbEntity
  8
TUTORIAL_BRACKETS
100
AcDbCircle
 10
1300.0
 20
5100.0
 30
0.0
 40
30.0
  0
CIRCLE
  5
673
330
17
100
AcDbEntity
  8
TUTORIAL_BRACKETS
100
AcDbCircle
 10
1300.0
 20
5700.0
 30
0.0
 40
30.0
  0
CIRCLE
  5
674
330
17
100
AcDbEntity
  8
TUTORIAL_BRACKETS
100
AcDbCircle
 10
1900.0
 20
300.0
 30
0.0
 40
30.0
  0
CIRCLE
  5
675
330
17
100
AcDbEntity
  8
TUTORIAL_BRACKETS
100
AcDbCircle
 10
1900.0
 20
900.0
 30
0.0
 40
30.0
  0
CIRCLE
  5
676
330
17
100
AcDbEntity
  8
TUTORIAL_BRACKETS
100
AcDbCircle
 10
1900.0
 20
1200.0
 30
0.0
 40
30.0
  0
CIRCLE
  5
677
330
17
100
AcDbEntity
  8
TUTORIAL_BRACKETS
100
AcDbCircle
 10
1900.0
 20
3300.0
 30
0.0
 40
30.0
  0
CIRCLE
  5
678
330
17
100
AcDbEntity
  8
TUTORIAL_BRACKETS
100
AcDbCircle
 10
1900.0
 20
3900.0
 30
0.0
 40
30.0
  0
CIRCLE
  5
679
330
17
100
AcDbEntity
  8
TUTORIAL_BRACKETS
100
AcDbCircle
 10
1900.0
 20
4500.0
 30
0.0
 40
30.0
  0
CIRCLE
  5
67A
330
17
100
AcDbEntity
  8
TUTORIAL_BRACKETS
100
AcDbCircle
 10
1900.0
 20
5100.0
 30
0.0
 40
30.0
  0
CIRCLE
  5
67B
330
17
100
AcDbEntity
  8
TUTORIAL_BRACKETS
100
AcDbCircle
 10
1900.0
 20
5700.0
 30
0.0
 40
30.0
  0
CIRCLE
  5
67C
330
17
100
AcDbEntity
  8
TUTORIAL_BRACKETS
100
AcDbCircle
 10
2500.0
 20
300.0
 30
0.0
 40
30.0
  0
CIRCLE
  5
67D
330
17
100
AcDbEntity
  8
TUTORIAL_BRACKETS
100
AcDbCircle
 10
2500.0
 20
900.0
 30
0.0
 40
30.0
  0
CIRCLE
  5
67E
330
17
100
AcDbEntity
  8
TUTORIAL_BRACKETS
100
AcDbCircle
 10
2500.0
 20
1500.0
 30
0.0
 40
30.0
  0
CIRCLE
  5
67F
330
17
100
AcDbEntity
  8
TUTORIAL_BRACKETS
100
AcDbCircle
 10
2500.0
 20
2100.0
 30
0.0
 40
30.0
  0
CIRCLE
  5
680
330
17
100
AcDbEntity
  8
TUTORIAL_BRACKETS
100
AcDbCircle
 10
2500.0
 20
2700.0
 30
0.0
 40
30.0
  0
CIRCLE
  5
681
330
17
100
AcDbEntity
  8
TUTORIAL_BRACKETS
100
AcDbCircle
 10
2500.0
 20
3310.0
 30
0.0
 40
30.0
  0
CIRCLE
  5
682
330
17
100
AcDbEntity
  8
TUTORIAL_BRACKETS
100
AcDbCircle
 10
2500.0
 20
3910.0
 30
0.0
 40
30.0
  0
CIRCLE
  5
683
330
17
100
AcDbEntity
  8
TUTORIAL_BRACKETS
100
AcDbCircle
 10
2500.0
 20
4510.0
 30
0.0
 40
30.0
  0
CIRCLE
  5
684
330
17
100
AcDbEntity
  8
TUTORIAL_BRACKETS
100
AcDbCircle
 10
2500.0
 20
5110.0
 30
0.0
 40
30.0
  0
CIRCLE
  5
685
330
17
100
AcDbEntity
  8
TUTORIAL_BRACKETS
100
AcDbCircle
 10
2500.0
 20
5700.0
 30
0.0
 40
30.0
  0
CIRCLE
  5
686
330
17
100
AcDbEntity
  8
TUTORIAL_BRACKETS
100
AcDbCircle
 10
3100.0
 20
300.0
 30
0.0
 40
30.0
  0
CIRCLE
  5
687
330
17
100
AcDbEntity
  8
TUTORIAL_BRACKETS
100
AcDbCircle
 10
3100.0
 20
900.0
 30
0.0
 40
30.0
  0
CIRCLE
  5
688
330
17
100
AcDbEntity
  8
TUTORIAL_BRACKETS
100
AcDbCircle
 10
3100.0
 20
1500.0
 30
0.0
 40
30.0
  0
CIRCLE
  5
689
330
17
100
AcDbEntity
  8
TUTORIAL_BRACKETS
100
AcDbCircle
 10
3100.0
 20
2100.0
 30
0.0
 40
30.0
  0
CIRCLE
  5
68A
330
17
100
AcDbEntity
  8
TUTORIAL_BRACKETS
100
AcDbCircle
 10
3100.0
 20
2700.0
 30
0.0
 40
30.0
  0
CIRCLE
  5
68B
330
17
100
AcDbEntity
  8
TUTORIAL_BRACKETS
100
AcDbCircle
 10
3100.0
 20
3310.0
 30
0.0
 40
30.0
  0
CIRCLE
  5
68C
330
17
100
AcDbEntity
  8
TUTORIAL_BRACKETS
100
AcDbCircle
 10
3100.0
 20
3910.0
 30
0.0
 40
30.0
  0
CIRCLE
  5
68D
330
17
100
AcDbEntity
  8
TUTORIAL_BRACKETS
100
AcDbCircle
 10
3100.0
 20
4510.0
 30
0.0
 40
30.0
  0
CIRCLE
  5
68E
330
17
100
AcDbEntity
  8
TUTORIAL_BRACKETS
100
AcDbCircle
 10
3100.0
 20
5110.0
 30
0.0
 40
30.0
  0
CIRCLE
  5
68F
330
17
100
AcDbEntity
  8
TUTORIAL_BRACKETS
100
AcDbCircle
 10
3100.0
 20
5700.0
 30
0.0
 40
30.0
  0
CIRCLE
  5
690
330
17
100
AcDbEntity
  8
TUTORIAL_BRACKETS
100
AcDbCircle
 10
3700.0
 20
300.0
 30
0.0
 40
30.0
  0
CIRCLE
  5
691
330
17
100
AcDbEntity
  8
TUTORIAL_BRACKETS
100
AcDbCircle
 10
3700.0
 20
900.0
 30
0.0
 40
30.0
  0
CIRCLE
  5
692
330
17
100
AcDbEntity
  8
TUTORIAL_BRACKETS
100
AcDbCircle
 10
3700.0
 20
1200.0
 30
0.0
 40
30.0
  0
CIRCLE
  5
693
330
17
100
AcDbEntity
  8
TUTORIAL_BRACKETS
100
AcDbCircle
 10
3700.0
 20
3300.0
 30
0.0
 40
30.0
  0
CIRCLE
  5
694
330
17
100
AcDbEntity
  8
TUTORIAL_BRACKETS
100
AcDbCircle
 10
3700.0
 20
3900.0
 30
0.0
 40
30.0
  0
CIRCLE
  5
695
330
17
100
AcDbEntity
  8
TUTORIAL_BRACKETS
100
AcDbCircle
 10
3700.0
 20
4500.0
 30
0.0
 40
30.0
  0
CIRCLE
  5
696
330
17
100
AcDbEntity
  8
TUTORIAL_BRACKETS
100
AcDbCircle
 10
3700.0
 20
5100.0
 30
0.0
 40
30.0
  0
CIRCLE
  5
697
330
17
100
AcDbEntity
  8
TUTORIAL_BRACKETS
100
AcDbCircle
 10
3700.0
 20
5700.0
 30
0.0
 40
30.0
  0
CIRCLE
  5
698
330
17
100
AcDbEntity
  8
TUTORIAL_BRACKETS
100
AcDbCircle
 10
4300.0
 20
300.0
 30
0.0
 40
30.0
  0
CIRCLE
  5
699
330
17
100
AcDbEntity
  8
TUTORIAL_BRACKETS
100
AcDbCircle
 10
4300.0
 20
900.0
 30
0.0
 40
30.0
  0
CIRCLE
  5
69A
330
17
100
AcDbEntity
  8
TUTORIAL_BRACKETS
100
AcDbCircle
 10
4300.0
 20
1200.0
 30
0.0
 40
30.0
  0
CIRCLE
  5
69B
330
17
100
AcDbEntity
  8
TUTORIAL_BRACKETS
100
AcDbCircle
 10
4300.0
 20
3300.0
 30
0.0
 40
30.0
  0
CIRCLE
  5
69C
330
17
100
AcDbEntity
  8
TUTORIAL_BRACKETS
100
AcDbCircle
 10
4300.0
 20
3900.0
 30
0.0
 40
30.0
  0
CIRCLE
  5
69D
330
17
100
AcDbEntity
  8
TUTORIAL_BRACKETS
100
AcDbCircle
 10
4300.0
 20
4500.0
 30
0.0
 40
30.0
  0
CIRCLE
  5
69E
330
17
100
AcDbEntity
  8
TUTORIAL_BRACKETS
100
AcDbCircle
 10
4300.0
 20
5100.0
 30
0.0
 40
30.0
  0
CIRCLE
  5
69F
330
17
100
AcDbEntity
  8
TUTORIAL_BRACKETS
100
AcDbCircle
 10
4300.0
 20
5700.0
 30
0.0
 40
30.0
  0
CIRCLE
  5
6A0
330
17
100
AcDbEntity
  8
TUTORIAL_BRACKETS
100
AcDbCircle
 10
4900.0
 20
300.0
 30
0.0
 40
30.0
  0
CIRCLE
  5
6A1
330
17
100
AcDbEntity
  8
TUTORIAL_BRACKETS
100
AcDbCircle
 10
4900.0
 20
900.0
 30
0.0
 40
30.0
  0
CIRCLE
  5
6A2
330
17
100
AcDbEntity
  8
TUTORIAL_BRACKETS
100
AcDbCircle
 10
4900.0
 20
1500.0
 30
0.0
 40
30.0
  0
CIRCLE
  5
6A3
330
17
100
AcDbEntity
  8
TUTORIAL_BRACKETS
100
AcDbCircle
 10
4900.0
 20
2100.0
 30
0.0
 40
30.0
  0
CIRCLE
  5
6A4
330
17
100
AcDbEntity
  8
TUTORIAL_BRACKETS
100
AcDbCircle
 10
4900.0
 20
2700.0
 30
0.0
 40
30.0
  0
CIRCLE
  5
6A5
330
17
100
AcDbEntity
  8
TUTORIAL_BRACKETS
100
AcDbCircle
 10
4900.0
 20
3310.0
 30
0.0
 40
30.0
  0
CIRCLE
  5
6A6
330
17
100
AcDbEntity
  8
TUTORIAL_BRACKETS
100
AcDbCircle
 10
4900.0
 20
3910.0
 30
0.0
 40
30.0
  0
CIRCLE
  5
6A7
330
17
100
AcDbEntity
  8
TUTORIAL_BRACKETS
100
AcDbCircle
 10
4900.0
 20
4510.0
 30
0.0
 40
30.0
  0
CIRCLE
  5
6A8
330
17
100
AcDbEntity
  8
TUTORIAL_BRACKETS
100
AcDbCircle
 10
4900.0
 20
5110.0
 30
0.0
 40
30.0
  0
CIRCLE
  5
6A9
330
17
100
AcDbEntity
  8
TUTORIAL_BRACKETS
100
AcDbCircle
 10
4900.0
 20
5700.0
 30
0.0
 40
30.0
  0
CIRCLE
  5
6AA
330
17
100
AcDbEntity
  8
TUTORIAL_BRACKETS
100
AcDbCircle
 10
5500.0
 20
300.0
 30
0.0
 40
30.0
  0
CIRCLE
  5
6AB
330
17
100
AcDbEntity
  8
TUTORIAL_BRACKETS
100
AcDbCircle
 10
5500.0
 20
900.0
 30
0.0
 40
30.0
  0
CIRCLE
  5
6AC
330
17
100
AcDbEntity
  8
TUTORIAL_BRACKETS
100
AcDbCircle
 10
5500.0
 20
1500.0
 30
0.0
 40
30.0
  0
CIRCLE
  5
6AD
330
17
100
AcDbEntity
  8
TUTORIAL_BRACKETS
100
AcDbCircle
 10
5500.0
 20
2100.0
 30
0.0
 40
30.0
  0
CIRCLE
  5
6AE
330
17
100
AcDbEntity
  8
TUTORIAL_BRACKETS
100
AcDbCircle
 10
5500.0
 20
2700.0
 30
0.0
 40
30.0
  0
CIRCLE
  5
6AF
330
17
100
AcDbEntity
  8
TUTORIAL_BRACKETS
100
AcDbCircle
 10
5500.0
 20
3310.0
 30
0.0
 40
30.0
  0
CIRCLE
  5
6B0
330
17
100
AcDbEntity
  8
TUTORIAL_BRACKETS
100
AcDbCircle
 10
5500.0
 20
3910.0
 30
0.0
 40
30.0
  0
CIRCLE
  5
6B1
330
17
100
AcDbEntity
  8
TUTORIAL_BRACKETS
100
AcDbCircle
 10
5500.0
 20
4510.0
 30
0.0
 40
30.0
  0
CIRCLE
  5
6B2
330
17
100
AcDbEntity
  8
TUTORIAL_BRACKETS
100
AcDbCircle
 10
5500.0
 20
5110.0
 30
0.0
 40
30.0
  0
CIRCLE
  5
6B3
330
17
100
AcDbEntity
  8
TUTORIAL_BRACKETS
100
AcDbCircle
 10
5500.0
 20
5700.0
 30
0.0
 40
30.0
  0
CIRCLE
  5
6B4
330
17
100
AcDbEntity
  8
TUTORIAL_BRACKETS
100
AcDbCircle
 10
5900.0
 20
300.0
 30
0.0
 40
30.0
  0
CIRCLE
  5
6B5
330
17
100
AcDbEntity
  8
TUTORIAL_BRACKETS
100
AcDbCircle
 10
5900.0
 20
900.0
 30
0.0
 40
30.0
  0
CIRCLE
  5
6B6
330
17
100
AcDbEntity
  8
TUTORIAL_BRACKETS
100
AcDbCircle
 10
5900.0
 20
1500.0
 30
0.0
 40
30.0
  0
CIRCLE
  5
6B7
330
17
100
AcDbEntity
  8
TUTORIAL_BRACKETS
100
AcDbCircle
 10
5900.0
 20
2100.0
 30
0.0
 40
30.0
  0
CIRCLE
  5
6B8
330
17
100
AcDbEntity
  8
TUTORIAL_BRACKETS
100
AcDbCircle
 10
5900.0
 20
2700.0
 30
0.0
 40
30.0
  0
CIRCLE
  5
6B9
330
17
100
AcDbEntity
  8
TUTORIAL_BRACKETS
100
AcDbCircle
 10
5900.0
 20
3310.0
 30
0.0
 40
30.0
  0
CIRCLE
  5
6BA
330
17
100
AcDbEntity
  8
TUTORIAL_BRACKETS
100
AcDbCircle
 10
5900.0
 20
3910.0
 30
0.0
 40
30.0
  0
CIRCLE
  5
6BB
330
17
100
AcDbEntity
  8
TUTORIAL_BRACKETS
100
AcDbCircle
 10
5900.0
 20
4510.0
 30
0.0
 40
30.0
  0
CIRCLE
  5
6BC
330
17
100
AcDbEntity
  8
TUTORIAL_BRACKETS
100
AcDbCircle
 10
5900.0
 20
5110.0
 30
0.0
 40
30.0
  0
CIRCLE
  5
6BD
330
17
100
AcDbEntity
  8
TUTORIAL_BRACKETS
100
AcDbCircle
 10
5900.0
 20
5700.0
 30
0.0
 40
30.0
  0
CIRCLE
  5
6BE
330
17
100
AcDbEntity
  8
TUTORIAL_BRACKETS
100
AcDbCircle
 10
900.0
 20
1750.0
 30
0.0
 40
30.0
  0
CIRCLE
  5
6BF
330
17
100
AcDbEntity
  8
TUTORIAL_BRACKETS
100
AcDbCircle
 10
900.0
 20
2350.0
 30
0.0
 40
30.0
  0
CIRCLE
  5
6C0
330
17
100
AcDbEntity
  8
TUTORIAL_BRACKETS
100
AcDbCircle
 10
900.0
 20
2750.0
 30
0.0
 40
30.0
  0
CIRCLE
  5
6C1
330
17
100
AcDbEntity
  8
TUTORIAL_BRACKETS
100
AcDbCircle
 10
2300.0
 20
1750.0
 30
0.0
 40
30.0
  0
CIRCLE
  5
6C2
330
17
100
AcDbEntity
  8
TUTORIAL_BRACKETS
100
AcDbCircle
 10
2300.0
 20
2350.0
 30
0.0
 40
30.0
  0
CIRCLE
  5
6C3
330
17
100
AcDbEntity
  8
TUTORIAL_BRACKETS
100
AcDbCircle
 10
2300.0
 20
2750.0
 30
0.0
 40
30.0
  0
CIRCLE
  5
6C4
330
17
100
AcDbEntity
  8
TUTORIAL_BRACKETS
100
AcDbCircle
 10
3500.0
 20
1750.0
 30
0.0
 40
30.0
  0
CIRCLE
  5
6C5
330
17
100
AcDbEntity
  8
TUTORIAL_BRACKETS
100
AcDbCircle
 10
3500.0
 20
2350.0
 30
0.0
 40
30.0
  0
CIRCLE
  5
6C6
330
17
100
AcDbEntity
  8
TUTORIAL_BRACKETS
100
AcDbCircle
 10
3500.0
 20
2750.0
 30
0.0
 40
30.0
  0
ENDSEC
  0
SECTION
  2
OBJECTS
  0
DICTIONARY
  5
A
330
0
100
AcDbDictionary
281
1
  3
ACAD_COLOR
350
B
  3
ACAD_GROUP
350
C
  3
ACAD_LAYOUT
350
D
  3
ACAD_MATERIAL
350
E
  3
ACAD_MLEADERSTYLE
350
F
  3
ACAD_MLINESTYLE
350
10
  3
ACAD_PLOTSETTINGS
350
11
  3
ACAD_PLOTSTYLENAME
350
12
  3
ACAD_SCALELIST
350
14
  3
ACAD_TABLESTYLE
350
15
  3
ACAD_VISUALSTYLE
350
16
  3
EZDXF_META
350
2D
  0
DICTIONARY
  5
B
330
A
100
AcDbDictionary
281
1
  0
DICTIONARY
  5
C
330
A
100
AcDbDictionary
281
1
  0
DICTIONARY
  5
D
330
A
100
AcDbDictionary
281
1
  3
Model
350
1A
  3
Layout1
350
1E
  0
DICTIONARY
  5
E
330
A
100
AcDbDictionary
281
1
  3
ByBlock
350
1F
  3
ByLayer
350
20
  3
Global
350
21
  0
DICTIONARY
  5
F
330
A
100
AcDbDictionary
281
1
  3
Standard
350
2C
  0
DICTIONARY
  5
10
330
A
100
AcDbDictionary
281
1
  3
Standard
350
22
  0
DICTIONARY
  5
11
330
A
100
AcDbDictionary
281
1
  0
ACDBDICTIONARYWDFLT
  5
12
330
A
100
AcDbDictionary
281
1
  3
Normal
350
13
100
AcDbDictionaryWithDefault
340
13
  0
ACDBPLACEHOLDER
  5
13
330
12
  0
DICTIONARY
  5
14
330
A
100
AcDbDictionary
281
1
  0
DICTIONARY
  5
15
330
A
100
AcDbDictionary
281
1
  0
DICTIONARY
  5
16
330
A
100
AcDbDictionary
281
1
  0
LAYOUT
  5
1A
330
D
100
AcDbPlotSettings
  1

  4
A3
  6

 40
7.5
 41
20.0
 42
7.5
 43
20.0
 44
420.0
 45
297.0
 46
0.0
 47
0.0
 48
0.0
 49
0.0
140
0.0
141
0.0
142
1.0
143
1.0
 70
1024
 72
1
 73
0
 74
5
  7

 75
16
 76
0
 77
2
 78
300
147
1.0
148
0.0
149
0.0
100
AcDbLayout
  1
Model
 70
1
 71
0
 10
0.0
 20
0.0
 11
420.0
 21
297.0
 12
0.0
 22
0.0
 32
0.0
 14
1e+20
 24
1e+20
 34
1e+20
 15
-1e+20
 25
-1e+20
 35
-1e+20
146
0.0
 13
0.0
 23
0.0
 33
0.0
 16
1.0
 26
0.0
 36
0.0
 17
0.0
 27
1.0
 37
0.0
 76
1
330
17
  0
LAYOUT
  5
1E
330
D
100
AcDbPlotSettings
  1

  4
A3
  6

 40
7.5
 41
20.0
 42
7.5
 43
20.0
 44
420.0
 45
297.0
 46
0.0
 47
0.0
 48
0.0
 49
0.0
140
0.0
141
0.0
142
1.0
143
1.0
 70
0
 72
1
 73
0
 74
5
  7

 75
16
 76
0
 77
2
 78
300
147
1.0
148
0.0
149
0.0
100
AcDbLayout
  1
Layout1
 70
1
 71
1
 10
0.0
 20
0.0
 11
420.0
 21
297.0
 12
0.0
 22
0.0
 32
0.0
 14
1e+20
 24
1e+20
 34
1e+20
 15
-1e+20
 25
-1e+20
 35
-1e+20
146
0.0
 13
0.0
 23
0.0
 33
0.0
 16
1.0
 26
0.0
 36
0.0
 17
0.0
 27
1.0
 37
0.0
 76
1
330
1B
  0
MATERIAL
  5
1F
102
{ACAD_REACTORS
330
E
102
}
330
E
100
AcDbMaterial
  1
ByBlock
  2

 70
0
 40
1.0
 71
1
 41
1.0
 91
-1023410177
 42
1.0
 72
1
  3

 73
1
 74
1
 75
1
 44
0.5
 73
0
 45
1.0
 46
1.0
 77
1
  4

 78
1
 79
1
170
1
 48
1.0
171
1
  6

172
1
173
1
174
1
140
1.0
141
1.0
175
1
  7

176
1
177
1
178
1
143
1.0
179
1
  8

270
1
271
1
272
1
145
1.0
146
1.0
273
1
  9

274
1
275
1
276
1
 42
1.0
 72
1
  3

 73
1
 74
1
 75
1
 94
63
  0
MATERIAL
  5
20
102
{ACAD_REACTORS
330
E
102
}
330
E
100
AcDbMaterial
  1
ByLayer
  2

 70
0
 40
1.0
 71
1
 41
1.0
 91
-1023410177
 42
1.0
 72
1
  3

 73
1
 74
1
 75
1
 44
0.5
 73
0
 45
1.0
 46
1.0
 77
1
  4

 78
1
 79
1
170
1
 48
1.0
171
1
  6

172
1
173
1
174
1
140
1.0
141
1.0
175
1
  7

176
1
177
1
178
1
143
1.0
179
1
  8

270
1
271
1
272
1
145
1.0
146
1.0
273
1
  9

274
1
275
1
276
1
 42
1.0
 72
1
  3

 73
1
 74
1
 75
1
 94
63
  0
MATERIAL
  5
21
102
{ACAD_REACTORS
330
E
102
}
330
E
100
AcDbMaterial
  1
Global
  2

 70
0
 40
1.0
 71
1
 41
1.0
 91
-1023410177
 42
1.0
 72
1
  3

 73
1
 74
1
 75
1
 44
0.5
 73
0
 45
1.0
 46
1.0
 77
1
  4

 78
1
 79
1
170
1
 48
1.0
171
1
  6

172
1
173
1
174
1
140
1.0
141
1.0
175
1
  7

176
1
177
1
178
1
143
1.0
179
1
  8

270
1
271
1
272
1
145
1.0
146
1.0
273
1
  9

274
1
275
1
276
1
 42
1.0
 72
1
  3

 73
1
 74
1
 75
1
 94
63
  0
MLINESTYLE
  5
22
102
{ACAD_REACTORS
330
10
102
}
330
10
100
AcDbMlineStyle
  2
Standard
 70
0
  3

 62
256
 51
90.0
 52
90.0
 71
2
 49
0.5
 62
256
  6
BYLAYER
 49
-0.5
 62
256
  6
BYLAYER
  0
MLEADERSTYLE
  5
2C
102
{ACAD_REACTORS
330
F
102
}
330
F
100
AcDbMLeaderStyle
179
2
170
2
171
1
172
0
 90
2
 40
0.0
 41
0.0
173
1
 91
-1056964608
 92
-2
290
1
 42
2.0
291
1
 43
8.0
  3
Standard
 44
4.0
300

342
29
174
1
175
1
176
0
178
1
 93
-1056964608
 45
4.0
292
0
297
0
 46
4.0
 94
-1056964608
 47
1.0
 49
1.0
140
1.0
294
1
141
0.0
177
0
142
1.0
295
0
296
0
143
3.75
271
0
272
9
273
9
  0
DICTIONARY
  5
2D
330
A
100
AcDbDictionary
280
1
281
1
  3
CREATED_BY_EZDXF
350
2E
  3
WRITTEN_BY_EZDXF
350
6C9
  0
DICTIONARYVAR
  5
2E
330
2D
100
DictionaryVariables
280
0
  1
1.4.4 @ 2026-09-30T11:34:32.299662+00:00
  0
DICTIONARYVAR
  5
6C9
330
2D
100
DictionaryVariables
280
0
  1
1.4.4 @ 2026-09-30T11:34:32.338602+00:00
  0
ENDSEC
  0
EOF
